fecha,temperatura_max,temperatura_min,humedad_relativa,precipitacion,velocidad_viento,direccion_viento,presion_atmosferica,radiacion_solar,nubosidad,temperatura_promedio,amplitud_termica,sensacion_termica,año,mes,dia_año,estacion,punto_rocio_aprox,dia_mes,dia_semana,nombre_dia,nombre_mes,tipo_dia_temp,intensidad_lluvia,intensidad_viento,precip_acum_7d,precip_acum_30d,temp_max_prom_7d,temp_min_prom_7d,humedad_prom_7d,sin_lluvia,dias_sin_lluvia_consecutivos,confort_termico,indice_estres_termico,necesidad_riego,riesgo_hongos,condiciones_aplicacion,confort_labores,grados_dia,grados_dia_acum,grados_dia_mes
2024-01-01,31.549251279550756,12.932032973217341,55.67492631829923,0.06597721568703342,7.757850259674253,E,1013.2236116419557,21.233867854206594,8.458772354018365,22.24064212638405,18.617218306333413,18.361716996546924,2024,1,1,Verano,7.199899829296915,1,0,Monday,January,Caluroso,Llovizna,Brisa ligera,,,,,,0,0,Óptimo,Medio,Media,Bajo,Desfavorables,Regular,12.24064212638405,12.24064212638405,12.24064212638405
2024-01-02,28.673698140148645,17.277799860675255,34.1549680619295,0.13584933955971823,8.829631000677999,S,1016.345496627742,18.675094269528685,89.7452276060881,22.975749000411952,11.39589827947339,18.560933500072952,2024,1,2,Verano,5.901227024217733,2,1,Tuesday,January,Caluroso,Llovizna,Brisa ligera,,,,,,0,0,Óptimo,Medio,Crítica,Bajo,Desfavorables,Bueno,12.975749000411952,25.216391126796,25.216391126796
2024-01-03,34.4185157249787,15.322947504952086,53.22886835147655,0.009328732970054031,10.398497760512445,E,998.8616211751154,23.898913265519152,53.24701740966612,24.870731614965393,19.09556822002661,19.671482734709173,2024,1,3,Verano,8.156231554976808,3,2,Wednesday,January,Muy Caluroso,Llovizna,Brisa ligera,,,,,,0,0,Bueno,Alto,Media,Bajo,Desfavorables,Regular,14.870731614965393,40.08712274176139,40.08712274176139
2024-01-04,40.0928804179211,17.175899723127294,25.225766776513428,0.01917210515635355,6.078519695692448,N,1001.3922139004713,14.062143652618401,50.30586349641779,28.634390070524198,22.916980694793807,25.595130222677973,2024,1,4,Verano,4.332752405923906,4,3,Thursday,January,Muy Caluroso,Llovizna,Brisa ligera,,,,,,0,0,Regular,Extremo,Crítica,Bajo,Desfavorables,Desfavorable,18.634390070524198,58.72151281228559,58.721512812285596
2024-01-05,31.776086440789662,11.512213327346359,69.28032137808162,0.44480541161413945,8.50518557742574,E,1006.2944294879238,13.243834306883532,79.72911048119816,21.64414988406801,20.263873113443303,17.39155709535514,2024,1,5,Verano,7.975698390915901,5,4,Friday,January,Caluroso,Llovizna,Brisa ligera,,,,,,0,0,Óptimo,Medio,Media,Bajo,Desfavorables,Regular,11.64414988406801,70.3656626963536,70.36566269635361
2024-01-06,30.109712125375726,16.144699714330123,52.19464457839933,0.38565433198716753,4.426129582136582,SW,1009.4510535638635,22.476605921215945,46.40644480107336,23.127205919852926,13.965012411045603,20.914141128784635,2024,1,6,Verano,8.426668634144459,6,5,Saturday,January,Caluroso,Llovizna,Calma,,,,,,0,0,Óptimo,Medio,Media,Bajo,Desfavorables,Regular,13.127205919852926,83.49286861620652,83.49286861620652
2024-01-07,38.540078212054354,15.838998628162516,49.86301034961088,0.000941922746405077,8.18805619066062,SW,1004.2310158020955,8.24978418451855,21.28299496237151,27.189538420108434,22.70107958389184,23.095510324778125,2024,1,7,Verano,7.897801525235401,7,6,Sunday,January,Muy Caluroso,Llovizna,Brisa ligera,1.0617290597208713,,33.59431747725985,15.172084533115854,48.517500830615795,0,0,Regular,Extremo,Alta,Bajo,Desfavorables,Desfavorable,17.189538420108434,100.68240703631496,100.68240703631497
2024-01-08,35.04718061837852,21.297913768870274,61.80107090058306,0.677314450898437,8.265940092194038,N,1012.7120367041821,18.553077057818925,0.0,28.172547193624396,13.749266849508246,24.03957714752738,2024,1,8,Verano,13.162338788644561,8,0,Monday,January,Muy Caluroso,Llovizna,Brisa ligera,1.673066294932275,,34.09402166852096,16.36721036106627,49.39266434237062,0,0,Regular,Extremo,Media,Bajo,Desfavorables,Desfavorable,18.172547193624396,118.85495422993935,118.85495422993935
2024-01-09,27.476436252985213,17.46847340230259,76.39877010022191,0.21763646865066316,13.166385817054909,SE,1009.690326658603,16.10064988642493,19.873565191414908,22.4724548276439,10.007962850682624,15.889261919116446,2024,1,9,Verano,13.345698834643567,9,1,Tuesday,January,Templado,Llovizna,Brisa ligera,1.7548534240232199,,33.922984256069036,16.394449438441605,55.427493204983826,0,0,Óptimo,Bajo,Baja,Medio,Desfavorables,Bueno,12.472454827643901,131.32740905758325,131.32740905758325
2024-01-10,33.65001296274555,24.878567113546776,68.81956230167395,0.22111316885386093,7.3130514155292605,E,1021.567161850717,9.565471616082265,77.63539001271155,29.264290038146164,8.771445849198773,25.607764330381535,2024,1,10,Verano,17.12132099447109,10,2,Wednesday,January,Muy Caluroso,Llovizna,Brisa ligera,1.9666378599070267,,33.81319814717859,17.75953795395513,57.65473519786917,0,0,Regular,Alto,Media,Bajo,Desfavorables,Regular,19.264290038146164,150.5916990957294,150.59169909572944
2024-01-11,28.890452286771012,15.919112240960466,24.62931248561251,0.12435572290454104,8.27012851295986,SE,1009.2018108361303,12.412394521702414,8.616597107846001,22.40478226386574,12.971340045810546,18.269718007385812,2024,1,11,Verano,3.9207678987615453,11,3,Thursday,January,Caluroso,Llovizna,Brisa ligera,2.0718214776552144,,32.2128512713,17.57999688507416,57.56952744202618,0,0,Óptimo,Medio,Crítica,Bajo,Desfavorables,Bueno,12.40478226386574,162.99648135959515,162.99648135959518
2024-01-12,28.078291855409475,18.42267308002697,29.789523858781514,0.10678414875159181,8.710884247136129,SE,994.706256414276,17.346143446227906,48.82818094994692,23.25048246771822,9.655618775382504,18.895040344150157,2024,1,12,Verano,5.488026592599954,12,4,Friday,January,Caluroso,Llovizna,Brisa ligera,1.7338002147926668,,31.68459490195998,18.567205421171387,51.927984939269024,0,0,Óptimo,Medio,Crítica,Bajo,Desfavorables,Bueno,13.250482467718221,176.24696382731338,176.24696382731338
2024-01-13,31.90316990501925,16.381804179420335,39.08611979170384,0.08050579618452174,6.63553905233464,NW,1014.0060093802833,24.203779538994134,65.84812857713895,24.14248704221979,15.521365725598915,20.82471751605247,2024,1,13,Verano,6.403011605610578,13,5,Saturday,January,Caluroso,Llovizna,Brisa ligera,1.4286516789900208,,31.940803156194765,18.601077487612848,50.05533854116966,0,0,Bueno,Medio,Crítica,Bajo,Desfavorables,Regular,14.142487042219791,190.38945086953316,190.38945086953316
2024-01-14,19.336861813857276,17.336861813857276,46.942742478266176,0.2511643226648527,5.592521800365058,NE,1012.8864158047093,14.082252052453134,47.13362101108129,18.336861813857276,2.0,15.540600913674746,2024,1,14,Verano,8.138398395091887,14,6,Sunday,January,Fresco,Llovizna,Brisa ligera,1.6788740789084686,,29.197486527880898,18.815057942712095,49.63815741669185,0,0,Óptimo,Muy Bajo,Alta,Bajo,Desfavorables,Bueno,8.336861813857276,198.72631268339043,198.72631268339046
2024-01-15,21.831991708902656,11.32597714497172,55.02916428972965,0.02436282257185681,11.896433974541157,N,1006.1036009487641,25.28028839942996,49.97458321976458,16.57898442693719,10.506014563930936,10.630767439666611,2024,1,15,Verano,6.232590570523719,15,0,Monday,January,Fresco,Llovizna,Brisa ligera,1.025922450581888,,27.309602397955775,17.390495567869447,48.67074218656994,0,0,Bueno,Bajo,Media,Bajo,Desfavorables,Bueno,6.57898442693719,205.30529711032761,205.30529711032764
2024-01-16,25.101709808559534,12.793589086640043,41.79904184356813,0.005590894867321291,5.057247671119107,S,1013.7599990679763,18.379075365339098,56.39009782183565,18.947649447599787,12.30812072191949,16.419025612040233,2024,1,16,Verano,5.347597655618838,16,1,Tuesday,January,Templado,Llovizna,Brisa ligera,0.8138768767985463,,26.97035576303782,16.722654951346225,43.72792386419082,0,0,Óptimo,Bajo,Alta,Bajo,Desfavorables,Bueno,8.947649447599787,214.2529465579274,214.25294655792743
2024-01-17,23.563414387690393,14.421330462075158,54.60498091423555,0.03220070728188136,4.016245784938181,SW,1004.3978832941893,25.862308213019826,49.48202179556624,18.992372424882774,9.142083925615236,16.984249532413685,2024,1,17,Verano,7.874764746394977,17,2,Wednesday,January,Templado,Llovizna,Calma,0.6249644152265668,,25.529413109458513,15.228764001135996,41.69726938027105,0,0,Óptimo,Bajo,Media,Bajo,Desfavorables,Bueno,8.992372424882774,223.24531898281018,223.2453189828102
2024-01-18,32.22286664625051,9.329383881855602,39.228103549736836,0.2853628592162985,10.040796137886442,SW,1015.6387196289868,14.37305034731971,80.22685431183206,20.776125264053057,22.893482764394907,15.755727195109836,2024,1,18,Verano,3.659740369726774,18,3,Thursday,January,Muy Caluroso,Llovizna,Brisa ligera,0.7859715515383243,,26.00547230366987,14.287374235549587,43.78281096086024,0,0,Óptimo,Alto,Crítica,Bajo,Desfavorables,Regular,10.776125264053057,234.02144424686324,234.02144424686327
2024-01-19,24.269269420460542,14.312901774637728,43.04623780445721,0.03743707364943683,11.47344452607203,N,1034.0633954954387,17.70714247136779,13.992706794309736,19.291085597549134,9.956367645822814,13.55436333451312,2024,1,19,Verano,6.161165734628933,19,4,Friday,January,Templado,Llovizna,Brisa ligera,0.7166244764361693,,25.461326241534305,13.700264049065408,45.676627238813914,0,0,Óptimo,Bajo,Alta,Bajo,Desfavorables,Bueno,9.291085597549134,243.31252984441238,243.31252984441238
2024-01-20,24.81072990706913,11.55225779284087,33.60853168705577,0.1891449790742979,6.645771027198083,NW,998.5551562167459,20.210901620021975,46.01062192096965,18.181493849955,13.258472114228262,14.858608336355958,2024,1,20,Verano,3.882544220877294,20,5,Saturday,January,Templado,Llovizna,Brisa ligera,0.8252636593259455,,24.448120527541437,13.010328850982628,44.89411465243562,0,0,Óptimo,Bajo,Alta,Bajo,Desfavorables,Bueno,8.181493849955,251.49402369436737,251.4940236943674
2024-01-21,36.90971954401947,16.79971329775165,40.19421076089246,0.6783671793607057,6.691839537050361,W,1008.8700633039267,16.922937223550928,0.0,26.85471642088556,20.110006246267815,23.508796652360378,2024,1,21,Verano,6.7525121701239765,21,6,Sunday,January,Muy Caluroso,Llovizna,Brisa ligera,1.2524665160217983,,26.958528774707464,12.933593348681825,43.930038692810804,0,0,Bueno,Extremo,Alta,Bajo,Desfavorables,Desfavorable,16.85471642088556,268.34874011525295,268.34874011525295
2024-01-22,25.6107297657238,15.613163001541329,34.22258659885044,0.021085967419912928,8.847630578320379,W,1007.5879590284069,23.718144882871414,0.0,20.611946383632564,9.997566764182471,16.188131094472375,2024,1,22,Verano,5.343228229022158,22,0,Monday,January,Templado,Llovizna,Brisa ligera,1.2491896608698545,,27.498348497110477,13.54604847104891,40.957670451256625,0,0,Óptimo,Bajo,Alta,Bajo,Desfavorables,Bueno,10.611946383632564,278.96068649888554,278.96068649888554
2024-01-23,28.175601418694512,18.992418741877657,37.504905264892365,0.14588539140918003,5.87644196977045,W,1009.5339209320997,4.754617648258403,37.9582242287004,23.584010080286085,9.183182676816855,20.645789095400858,2024,1,23,Verano,7.123088656652877,23,1,Tuesday,January,Caluroso,Llovizna,Brisa ligera,1.3894841574117132,,27.93747586998691,14.431595564654284,40.34422236858866,0,0,Óptimo,Medio,Crítica,Bajo,Desfavorables,Bueno,13.584010080286085,292.5446965791716,292.5446965791716
2024-01-24,20.125123985968543,18.125123985968543,62.994988312673236,0.05096332530620654,5.654862438164094,NW,1021.1593966367758,32.534433232739644,53.58448922361892,19.125123985968543,2.0,16.297692766886495,2024,1,24,Verano,11.417919736618417,24,2,Wednesday,January,Fresco,Llovizna,Brisa ligera,1.4082467754360384,,27.446291526883787,14.960708925210481,41.542794854079766,0,0,Óptimo,Bajo,Media,Bajo,Desfavorables,Bueno,9.125123985968543,301.6698205651402,301.6698205651401
2024-01-25,25.534045899763107,11.359909589631775,34.17846682890865,0.451754672106506,10.638777763959098,S,1017.3426124745522,23.146647641970972,80.76669443093911,18.446977744697442,14.174136310131333,13.127588862717893,2024,1,25,Verano,3.8826429308863086,25,3,Thursday,January,Templado,Llovizna,Brisa ligera,1.574638588326246,,26.490745705957014,15.250784026321364,40.82141817967573,0,0,Óptimo,Bajo,Alta,Bajo,Desfavorables,Bueno,8.446977744697442,310.11679830983763,310.1167983098376
2024-01-26,26.43385240779274,11.61285135661782,79.99522684133282,0.039561764154870456,9.821393302350856,SW,1019.7901320208514,16.9588090257899,100.0,19.023351882205283,14.821001051174921,14.112655231029855,2024,1,26,Verano,9.289726785473222,26,4,Friday,January,Templado,Llovizna,Brisa ligera,1.5767632788316794,,26.799971847004475,14.865062538032804,46.099845184943675,0,0,Óptimo,Bajo,Baja,Medio,Desfavorables,Bueno,9.023351882205283,319.14015019204294,319.1401501920429
2024-01-27,22.56248714255763,14.832261098374481,59.65592246118746,0.1977106419820198,11.933476658954316,N,1013.2439640380288,14.686069958535933,72.99651676663701,18.697374120466055,7.730226044183148,12.730635790988897,2024,1,27,Verano,8.848322180087152,27,5,Saturday,January,Templado,Llovizna,Brisa ligera,1.5853289417394014,,26.47879430921711,15.333634438823323,49.820901009819636,0,0,Óptimo,Bajo,Media,Bajo,Desfavorables,Bueno,8.697374120466055,327.837524312509,327.83752431250895
2024-01-28,31.42520865832889,10.431150384341409,52.178487598149545,0.40331711289080097,4.242232962903513,NW,1002.4232054404412,12.801476331308674,58.179143609950714,20.92817952133515,20.994058273987484,18.807063039883392,2024,1,28,Verano,5.442816509637911,28,6,Sunday,January,Caluroso,Llovizna,Calma,1.3102788752694967,,25.695292754118462,14.423839736907572,51.53294055799922,0,0,Óptimo,Medio,Media,Bajo,Desfavorables,Regular,10.92817952133515,338.76570383384416,338.7657038338441
2024-01-29,26.802152086359328,24.402100992554345,38.881175220331244,0.5540090229201173,6.4926125392681495,SW,1004.0825171099202,21.87369284501842,43.99912139434539,25.602126539456837,2.400051093804983,22.35582026982276,2024,1,29,Verano,9.487823644357244,29,0,Monday,January,Templado,Llovizna,Brisa ligera,1.8432019307697012,,25.86549594278068,15.679402307052289,52.19845321821076,0,0,Bueno,Bajo,Alta,Bajo,Desfavorables,Bueno,15.602126539456837,354.367830373301,354.36783037330093
2024-01-30,29.910853416560514,19.273035003907147,57.30037998854468,0.24964427308392417,8.843538686808358,SE,1018.9700776597327,23.96989001275412,1.7192984204155621,24.59194421023383,10.637818412653367,20.17017486682965,2024,1,30,Verano,11.043522292564022,30,1,Tuesday,January,Caluroso,Llovizna,Brisa ligera,1.9469608124444453,6.1070018259246766,26.11338908533296,15.719490344485072,55.02637817873252,0,0,Bueno,Medio,Media,Bajo,Desfavorables,Bueno,14.59194421023383,368.9597745835348,368.95977458353474
2024-01-31,25.060021241375658,11.979583787116223,40.17199806506427,0.0970495281183099,5.223137450676901,E,1014.3666551873064,17.024843231220604,36.34908485645504,18.51980251424594,13.080437454259435,15.908233788907488,2024,1,31,Verano,4.812438167163083,31,2,Wednesday,January,Templado,Llovizna,Brisa ligera,1.9930470152565485,6.138074138355952,26.81837440753398,14.84155603036331,51.76595100050266,0,0,Óptimo,Bajo,Alta,Bajo,Desfavorables,Bueno,8.519802514245939,377.47957709778075,377.4795770977807
2024-02-01,40.76711052350583,12.117900365661942,54.918826335191454,0.23049849491074878,9.925062311463948,E,1023.0816592486307,24.641942477871016,72.25941878145565,26.442505444583887,28.649210157843886,21.479974288851913,2024,2,32,Verano,6.655008657289412,1,3,Thursday,February,Muy Caluroso,Llovizna,Brisa ligera,1.7717908380607912,6.232723293706984,28.994526496640084,14.949840426939051,54.728859501400215,0,0,Bueno,Extremo,Media,Bajo,Desfavorables,Desfavorable,16.442505444583887,393.92208254236465,16.442505444583887
2024-02-02,29.435619748739416,16.739979829791345,83.0190448327971,0.26153510454080964,11.673881261678996,NW,1015.3460968259744,12.556439719433266,62.45704640070101,23.087799789265382,12.695639918948071,17.250859158425882,2024,2,33,Verano,13.897371359895669,2,4,Friday,February,Caluroso,Llovizna,Brisa ligera,1.9937641784467304,6.484929665277739,29.423350402489607,15.682287351678125,55.16083350018083,0,0,Óptimo,Medio,Baja,Alto,Desfavorables,Bueno,13.087799789265382,407.00988233163,29.53030523384927
2024-02-03,20.920270959298787,15.332414101738852,45.79619672897078,0.1916587762628752,6.2499260833179555,SW,1003.535880053343,11.497134900078985,7.841646332926295,18.12634253051882,5.5878568575599346,15.001379488859842,2024,2,34,Verano,7.021662525332783,3,5,Saturday,February,Fresco,Llovizna,Brisa ligera,1.9877123127275862,6.6574163363842604,29.18874809059549,15.75373778073018,53.180872681292726,0,0,Óptimo,Bajo,Alta,Bajo,Desfavorables,Bueno,8.12634253051882,415.1362248621488,37.65664776436809
2024-02-04,29.528309213095987,21.324874032849152,64.2669891684975,0.0046522112214937685,8.1157758206811,NE,1008.8247854865348,28.88004723147329,55.35064118146201,25.42659162297257,8.203435180246835,21.36870371263202,2024,2,35,Verano,13.704854484886901,4,6,Sunday,February,Caluroso,Llovizna,Brisa ligera,1.5890474110582788,6.217263135991615,28.917762455562215,17.309984016231287,54.907801477056715,0,0,Bueno,Medio,Media,Bajo,Desfavorables,Bueno,15.42659162297257,430.5628164851214,53.083239387340655
2024-02-05,20.5647570835241,11.507981708287991,36.40271631911914,0.359471507181775,12.36685607024335,S,1017.5185131974634,21.546651681231257,53.20982029669301,16.036369395906046,9.056775375236109,9.85294136078437,2024,2,36,Verano,4.189217935324199,5,0,Monday,February,Fresco,Llovizna,Brisa ligera,1.3945098953199364,6.191080311186223,28.02670602658576,15.467966975621806,54.5537359197407,0,0,Bueno,Bajo,Alta,Bajo,Desfavorables,Bueno,6.036369395906046,436.59918588102744,59.119608783246704
2024-02-06,33.473879529857115,12.444099592742262,46.17366281256639,0.13755065530296368,13.397814725056998,W,1018.682659969909,26.381089210879967,48.74725300286843,22.95898956129969,21.029779937114853,16.26008219877119,2024,2,37,Verano,5.745896586012759,6,1,Tuesday,February,Muy Caluroso,Llovizna,Brisa ligera,1.282416277538976,6.32768904374278,28.5357097570567,14.492404774026824,52.96420489460095,0,0,Óptimo,Alto,Alta,Bajo,Desfavorables,Regular,12.958989561299688,449.5581754423271,72.07859834454639
2024-02-07,17.792032658144716,15.782449851692236,78.76308301206838,0.13805290538221693,10.237403753181212,S,1019.8408690572375,12.876361749673844,39.30361111556664,16.787241254918477,2.00958280645248,11.668539378327871,2024,2,38,Verano,12.43074407802642,7,2,Wednesday,February,Fresco,Llovizna,Brisa ligera,1.323419654802883,5.788427498226561,27.497425673737997,15.03567135468054,58.47721702988725,0,0,Bueno,Muy Bajo,Baja,Medio,Desfavorables,Bueno,6.787241254918477,456.3454166972456,78.86583959946486
2024-02-08,22.578071339288318,15.871394612250986,38.283920688634325,0.05278251895275876,9.780287519580828,S,1004.6118070943585,12.45884764938762,56.639599173604836,19.22473297576965,6.7066767270373315,14.334589215979237,2024,2,39,Verano,6.076192125534349,8,3,Thursday,February,Templado,Llovizna,Brisa ligera,1.145703678844893,5.623573548528657,24.898991504564062,15.571884818478974,56.10080193752195,0,0,Óptimo,Bajo,Alta,Bajo,Desfavorables,Bueno,9.224732975769651,465.57014967301524,88.09057257523452
2024-02-09,31.129525045118022,12.001612472939728,78.54560061984893,0.20611011147089803,5.438790395945265,NW,1003.3917586713847,15.848344083254746,57.432825972809965,21.565568759028874,19.127912572178296,18.84617356105624,2024,2,40,Verano,9.426738600937213,9,4,Friday,February,Caluroso,Llovizna,Brisa ligera,1.0902786857749813,5.608570491145693,25.14097797547529,14.8949751960716,55.46173847852935,0,0,Óptimo,Medio,Baja,Medio,Desfavorables,Regular,11.565568759028874,477.1357184320441,99.6561413342634
2024-02-10,32.80662961608533,18.250858548984922,60.26259962001562,0.04500943293423002,9.077628201373523,SE,1011.4815798420207,13.05564695076593,23.963530864214867,25.528744082535127,14.555771067100409,20.989929981848366,2024,2,41,Verano,10.998441814590176,10,5,Saturday,February,Muy Caluroso,Llovizna,Brisa ligera,0.9436293424463362,5.529224201175382,26.839029212159087,15.311895831392466,57.52836746296433,0,0,Bueno,Alto,Media,Bajo,Desfavorables,Regular,15.528744082535127,492.6644625145792,115.18488541679852
2024-02-11,31.060468277629866,14.858057320361684,41.43116752401819,0.10650902194253561,9.670462522324994,S,1024.5205881322677,22.232191261370705,51.37535153455239,22.959262798995773,16.20241095726818,18.124031537833275,2024,2,42,Verano,6.155866619213698,11,6,Sunday,February,Caluroso,Llovizna,Brisa ligera,1.045486153167378,5.528949074366326,27.057909078521067,14.388064872465687,54.26610722803871,0,0,Óptimo,Medio,Alta,Bajo,Desfavorables,Regular,12.959262798995773,505.623725313575,128.1441482157943
2024-02-12,30.12816361530801,13.106617076602337,61.3105702871378,0.013016681880656196,7.368889524316863,E,1007.4490534335358,13.493243658441326,35.26512148131965,21.617390345955172,17.021546538705675,17.93294558379674,2024,2,43,Verano,8.035741675016281,12,0,Monday,February,Caluroso,Llovizna,Brisa ligera,0.6990313278662592,5.461459960062461,28.424110011633054,14.616441353653451,57.82437208061281,0,0,Óptimo,Medio,Media,Bajo,Desfavorables,Regular,11.617390345955172,517.2411156595301,139.76153856174946
2024-02-13,27.57556276325273,15.739266487704484,67.65582259205925,0.10122890258404066,6.215671236333013,SE,1016.6397751248078,10.969980851596258,2.819153306343921,21.65741462547861,11.836296275548246,18.5495790073121,2024,2,44,Verano,10.648530212212782,13,1,Tuesday,February,Templado,Llovizna,Brisa ligera,0.6627095751473362,5.311524539981649,27.58149333068957,15.087179481505197,60.89325204911178,0,0,Óptimo,Bajo,Media,Bajo,Desfavorables,Bueno,11.657414625478609,528.8985302850087,151.41895318722808
2024-02-14,20.69601200124366,18.341326177155537,61.52968975556723,0.9374507621866627,4.156106979569436,N,1016.6404891115117,18.852092473531393,25.959824124045905,19.518669089199598,2.354685824088122,17.44061559941488,2024,2,45,Verano,11.285361093860441,14,2,Wednesday,February,Fresco,Llovizna,Calma,1.462107431951782,6.2246124795964555,27.996347522560846,15.45273324228567,58.431338726754475,0,0,Óptimo,Bajo,Media,Bajo,Desfavorables,Bueno,9.518669089199598,538.4171993742084,160.93762227642767
2024-02-15,24.673095806883225,21.272404970807933,23.855759876086772,0.010836340875237566,2.7868107348461235,S,1019.0861819973649,10.260082945048719,0.9077578663643706,22.97275038884558,3.4006908360752917,21.57934502142252,2024,2,46,Verano,5.074693849704687,15,3,Thursday,February,Templado,Llovizna,Calma,1.420161253874261,6.229857925604371,28.295636732217265,16.224306150650943,56.37017289639054,0,0,Óptimo,Bajo,Alta,Bajo,Desfavorables,Bueno,12.97275038884558,551.389949763054,173.91037266527326
2024-02-16,24.732652001517792,11.258880680977185,38.565318682291135,0.7219874541364683,2.1563494600365107,S,1026.3155220315857,7.203216411147665,64.50233837675262,17.99576634124749,13.473771320540607,16.917591611229234,2024,2,47,Verano,4.342023214677762,16,4,Friday,February,Templado,Llovizna,Calma,1.936038596539831,6.919644672458958,27.38179772598866,16.11820160894201,50.658704048168,0,0,Bueno,Bajo,Alta,Bajo,Desfavorables,Bueno,7.995766341247489,559.3857161043015,181.90613900652073
2024-02-17,39.87839147412385,8.561415313227766,42.179193757029296,0.066566353576491,9.738327718601784,N,1025.4952513981289,18.799543403167668,48.89723443885798,24.219903393675807,31.316976160896086,19.350739534374917,2024,2,48,Verano,3.611135953310316,17,5,Saturday,February,Muy Caluroso,Llovizna,Brisa ligera,1.957595517182092,6.70084816681915,28.39204941999416,14.733995432405274,48.075360353455665,0,0,Bueno,Extremo,Alta,Bajo,Desfavorables,Desfavorable,14.219903393675807,573.6056194979774,196.12604240019655
2024-02-18,30.79381891762393,24.48203813737807,49.80634085684706,0.27713400788810477,8.443097975680331,S,1008.2431533292839,7.504679741938739,31.11273471985137,27.637928527501,6.311780780245861,23.416379539660834,2024,2,49,Verano,12.193607363405812,18,6,Sunday,February,Caluroso,Llovizna,Brisa ligera,2.128220503127661,6.940545101057818,28.353956654279028,16.108849834836185,49.27181368671693,0,0,Regular,Medio,Alta,Bajo,Desfavorables,Regular,17.637928527501,591.2435480254784,213.76397092769756
2024-02-19,20.105159835085473,17.172778863231837,58.461695146371355,0.32388138278057976,6.548566605376711,N,996.2168364695306,22.65167637777254,75.51303358221621,18.638969349158657,2.932380971853636,15.364686046470302,2024,2,50,Verano,10.039497627183092,19,0,Monday,February,Fresco,Llovizna,Brisa ligera,2.4390852040275846,7.0752815047641,26.922098971390092,16.689730090068974,48.8648315237503,0,0,Óptimo,Bajo,Media,Bajo,Desfavorables,Bueno,8.638969349158657,599.882517374637,222.4029402768562
2024-02-20,31.766257557302303,15.16428046176164,47.90518802799677,0.09998052779041308,7.005631106826083,SE,1007.571765317082,9.627997642483225,41.69977268952917,23.465269009531973,16.60197709554066,19.96245345611893,2024,2,51,Verano,7.264477068299691,20,1,Tuesday,February,Caluroso,Llovizna,Brisa ligera,2.437836829233957,6.496894853193807,27.52076965625432,16.607589229219993,46.0433123003128,0,0,Óptimo,Medio,Alta,Bajo,Desfavorables,Regular,13.465269009531973,613.347786384169,235.86820928638818
2024-02-21,26.531704252829236,19.61696909848125,33.748719460105605,0.1742202886828718,8.631411624591454,E,1013.6053783523779,4.555957281481515,4.219431100828139,23.074336675655243,6.914735154347987,18.758630863359514,2024,2,52,Verano,6.620475867622044,21,2,Wednesday,February,Templado,Llovizna,Brisa ligera,1.6746063557301663,6.650029174456766,28.354439977909404,16.789823932266525,42.074602258104,0,0,Óptimo,Bajo,Alta,Bajo,Desfavorables,Bueno,13.074336675655243,626.4221230598242,248.94254596204343
2024-02-22,23.470225728146108,17.072822815101766,52.79776266237272,0.46379301569577863,7.506310786974217,N,1010.1068377785148,16.237220099155234,29.013036495404727,20.27152427162394,6.397402913044342,16.51836887813683,2024,2,53,Verano,9.014068469684851,22,3,Thursday,February,Templado,Llovizna,Brisa ligera,2.127563030550707,6.967936798743365,28.18260139523267,16.1898836243085,46.209174084716274,0,0,Óptimo,Bajo,Media,Bajo,Desfavorables,Bueno,10.271524271623939,636.6936473314481,259.21407023366737
2024-02-23,32.06812253925325,21.003876501447085,63.705839743126575,0.05016721128934318,3.978340459988516,NE,1028.7431915434252,18.867567019778907,80.8213546818323,26.535999520350167,11.064246037806168,24.54682929035591,2024,2,54,Verano,13.380695903856102,23,4,Friday,February,Muy Caluroso,Llovizna,Calma,1.4557427877035822,6.967140684726501,29.23052575776631,17.58202588437563,49.80067709340705,0,0,Bueno,Alto,Media,Bajo,Desfavorables,Regular,16.535999520350167,653.2296468517983,275.75006975401755
2024-02-24,33.92875114095032,17.20572737611235,63.04746425490571,0.03688253593197759,10.7390006608229,NW,1013.1502424345316,20.948850382091642,23.263109372771417,25.567239258531334,16.72302376483797,20.197738928119882,2024,2,55,Verano,10.847774817250961,24,5,Saturday,February,Muy Caluroso,Llovizna,Brisa ligera,1.4260589700590687,6.552268548551973,28.38057713874152,18.816927607644857,52.781858593103685,0,0,Bueno,Alto,Media,Bajo,Desfavorables,Regular,15.567239258531334,668.7968861103296,291.3173090125489
2024-02-25,39.75021997223064,24.734785353353757,69.52109309892217,0.108779213032158,8.912378512009427,NW,1018.2296950420496,19.032094194095123,46.88053221894575,32.2425026627922,15.015434618876881,27.786313406787485,2024,2,56,Verano,17.195893153323627,25,6,Sunday,February,Muy Caluroso,Llovizna,Brisa ligera,1.2577041752031222,6.621485997429261,29.660063003685334,18.853034352784242,55.59825177054298,0,0,Regular,Extremo,Media,Bajo,Desfavorables,Desfavorable,22.242502662792198,691.0393887731218,313.55981167534105
2024-02-26,19.05854465936163,17.05854465936163,61.129813572703945,0.26578240046152435,8.797695439441545,N,1014.7377144771788,11.644124273293546,58.596915612865956,18.05854465936163,2.0,13.659696939640856,2024,2,57,Verano,10.427856548484211,26,0,Monday,February,Fresco,Llovizna,Brisa ligera,1.1996051928840665,6.689557755908765,29.5105465500105,18.83671518080278,55.979411545733356,0,0,Óptimo,Muy Bajo,Media,Bajo,Desfavorables,Bueno,8.05854465936163,699.0979334324834,321.6183563347027
2024-02-27,26.73923019149394,11.634742018112055,55.2340491042375,0.25717139785369486,10.512688110075118,NW,1010.2269345320734,22.278367085559623,54.748712113873566,19.186986104802997,15.104488173381887,13.930642049765439,2024,2,58,Verano,6.426339119435366,27,1,Tuesday,February,Templado,Llovizna,Brisa ligera,1.3567960629473483,6.543412040871659,28.792399783466443,18.332495403138555,57.02639169948203,0,0,Óptimo,Bajo,Media,Bajo,Desfavorables,Bueno,9.186986104802997,708.2849195372864,330.8053424395057
2024-02-28,27.85818560850388,24.338321575350804,49.65128568915185,0.13390415541903458,5.559063931820976,S,997.6015065762987,23.76083103887848,100.0,26.098253591927342,3.519864033153077,23.318721626016853,2024,2,59,Verano,12.08428957732191,28,2,Wednesday,February,Templado,Llovizna,Brisa ligera,1.316479929683511,6.123307173370576,28.981897119991395,19.006974328405636,59.29818687506007,0,0,Bueno,Bajo,Alta,Bajo,Desfavorables,Bueno,16.098253591927342,724.3831731292138,346.90359603143304
2024-02-29,35.87511973388126,17.26492331582215,24.05366434111345,0.054866899260639757,11.641194313177525,W,1012.3710588916681,10.765427229266768,10.59241857691828,26.570021524851704,18.610196418059115,20.749424368262943,2024,2,60,Verano,4.152846703138494,29,3,Thursday,February,Muy Caluroso,Llovizna,Brisa ligera,0.9075538132483723,5.928529799547292,30.75402483509642,19.034417257079973,55.19188711488017,0,0,Bueno,Extremo,Crítica,Bajo,Desfavorables,Desfavorable,16.570021524851704,740.9531946540654,363.47361755628475
2024-03-01,20.732525018470444,14.805236883255413,71.44427328698879,1.5389093436051524,7.5798714441732855,W,1039.037178345233,16.913963168042315,13.088422986679923,17.76888095086293,5.927288135215031,13.978945228776286,2024,3,61,Otoño,10.577493899659059,1,4,Friday,March,Fresco,Llovizna,Brisa ligera,2.3962959455641815,7.370389615034135,29.134653760698875,18.14889731162402,56.2973776211462,0,0,Bueno,Bajo,Baja,Bajo,Desfavorables,Bueno,7.768880950862929,748.7220756049284,7.768880950862929
2024-03-02,23.045922774031276,5.735056966906273,68.11531530744666,0.1287333603562286,10.665796640992625,NW,1003.0443328012973,16.35335983734588,11.006138822446673,14.390489870468775,17.310865807125,9.057591549972463,2024,3,62,Otoño,3.906452136069895,2,5,Saturday,March,Templado,Llovizna,Brisa ligera,2.488146769988432,7.268624480479613,27.579963993996156,16.510230110308868,57.02135634293777,0,0,Regular,Bajo,Media,Bajo,Desfavorables,Bueno,4.390489870468775,753.1125654753971,12.159370821331704
2024-03-03,17.326200470025533,14.405995294684493,69.0736825579306,0.7685511581557591,10.203347100462963,SE,998.4810156450062,19.322289496728203,32.60203947457788,15.866097882355014,2.9202051753410405,10.764424332123532,2024,3,63,Otoño,9.950751459160784,3,6,Sunday,March,Fresco,Llovizna,Brisa ligera,3.1479187151120334,7.775640534094563,24.376532636538283,15.034688673356115,56.95744055136754,0,0,Bueno,Muy Bajo,Media,Bajo,Desfavorables,Bueno,5.866097882355014,758.9786633577521,18.02546870368672
2024-03-04,17.460608362031955,14.5134688598794,45.84877136269536,0.004627091195687055,4.883594515992332,SW,1028.4911144205512,16.770457249355346,67.48443470456128,15.987038610955677,2.947139502152556,13.545241352959511,2024,3,64,Otoño,6.654247154362095,4,0,Monday,March,Fresco,Llovizna,Calma,2.8867634058461964,7.588608849027376,24.14825602263404,14.671106416287225,54.77443452136631,0,0,Bueno,Muy Bajo,Alta,Bajo,Desfavorables,Bueno,5.987038610955677,764.9657019687078,24.012507314642395
2024-03-05,28.894249654322753,4.64871447572446,48.784151893876064,0.32231738432633605,9.508701214742407,SE,1018.9366637589546,17.59273336756214,14.20663550508722,16.771482065023605,24.245535178598292,12.0171314576524,2024,3,65,Otoño,2.267835930950025,5,1,Tuesday,March,Caluroso,Llovizna,Brisa ligera,2.9519093923188375,7.906274022132218,24.456115945895302,13.673102481660425,53.85302063417182,0,0,Bueno,Medio,Alta,Bajo,Desfavorables,Bueno,6.771482065023605,771.7371840337314,30.783989379666
2024-03-06,32.081992809311146,7.505661718401299,80.79729279999356,0.356295036971408,8.978824012540056,SW,1014.4993590441875,21.850893181450147,67.83401264859847,19.793827263856222,24.576331090909846,15.304415257586195,2024,3,66,Otoño,6.064371475193726,6,2,Wednesday,March,Muy Caluroso,Llovizna,Brisa ligera,3.1743002738712107,7.90309755192185,25.059516974582056,11.268436787810497,58.302450221434924,0,0,Óptimo,Alto,Baja,Bajo,Desfavorables,Regular,9.793827263856222,781.5310112975876,40.577816643522226
2024-03-07,24.879095138630596,1.6782603496209942,64.40667269215018,0.35732618471172284,8.090934972483026,W,1023.9013908989365,11.3168814023932,40.87816674819342,13.278677744125796,23.2008347890096,9.233210257884283,2024,3,67,Otoño,1.0809116503025291,7,3,Thursday,March,Templado,Llovizna,Brisa ligera,3.4767595593222937,8.12287308133061,23.488656318117673,9.041770649781762,64.06716570015446,0,0,Regular,Bajo,Media,Bajo,Desfavorables,Bueno,3.2786777441257957,784.8096890417135,43.85649438764802
2024-03-08,30.63029599379486,9.265222831433205,75.22251046058936,1.4247138772140773,7.716884749893857,W,1006.3479844563512,22.424238811564944,12.27508266972691,19.947759412614033,21.365073162361654,16.089317037667104,2024,3,68,Otoño,6.969533213571756,8,4,Friday,March,Caluroso,Llovizna,Brisa ligera,3.362564092931219,9.40953405316247,24.902623600306875,8.250340070950017,64.60691386781168,0,0,Óptimo,Medio,Baja,Medio,Desfavorables,Regular,9.947759412614033,794.7574484543275,53.80425380026205
2024-03-09,26.51216732931541,14.237339183417282,65.42477564195691,0.4281656461668419,7.742320250846625,N,1012.1472419126828,24.846796389187507,0.0,20.374753256366347,12.274828145898129,16.503593130943035,2024,3,69,Otoño,9.314747218135176,9,5,Saturday,March,Templado,Llovizna,Brisa ligera,3.6619963787418324,9.784917180376553,25.39780139391889,9.464951816165875,64.222551058456,0,0,Óptimo,Bajo,Media,Bajo,Desfavorables,Bueno,10.374753256366347,805.1322017106938,64.1790070566284
2024-03-10,18.894689026585013,16.894689026585013,65.44634209243618,0.6618760186346864,10.438068276931986,E,1020.6412329352066,27.80480996093321,1.8107376547668466,17.894689026585013,2.0,12.67565488811902,2024,3,70,Otoño,11.056955975792103,10,6,Sunday,March,Fresco,Llovizna,Brisa ligera,3.5553212392207594,10.240683087540342,25.621871187713104,9.820479492151662,63.704359563385374,0,0,Bueno,Muy Bajo,Media,Bajo,Desfavorables,Bueno,7.894689026585013,813.0268907372788,72.0736960832134
2024-03-11,26.64657589495224,12.825745930027246,79.07425708963997,0.27576546742815866,9.73373154137453,NE,1029.8828349425632,5.139796055175845,23.353664794151896,19.736160912489744,13.820829964924993,14.869295141802478,2024,3,71,Otoño,10.14186331037378,11,0,Monday,March,Templado,Llovizna,Brisa ligera,3.8264596154532313,10.47143912203427,26.934152263844574,9.579376216458499,68.45085752437747,0,0,Óptimo,Bajo,Baja,Medio,Desfavorables,Bueno,9.736160912489744,822.7630516497685,81.80985699570316
2024-03-12,33.132934051650814,17.45541010002533,57.25932907673939,0.4647391259607669,8.091436550796994,SE,1003.6516454827471,16.902590057308693,35.77122060641699,25.29417207583807,15.677523951625485,21.248453800439574,2024,3,72,Otoño,9.994850710867908,12,1,Tuesday,March,Muy Caluroso,Llovizna,Brisa ligera,3.968881357087662,10.829669226052502,27.539678606320013,11.408904162787195,69.66159712192936,0,0,Bueno,Alto,Media,Bajo,Desfavorables,Regular,15.29417207583807,838.0572237256066,97.10402907154122
2024-03-13,25.574356851204456,5.059235445687446,66.44181165411474,0.28137695210757924,3.5241915605858756,S,1023.2458756684831,6.209396553878465,73.65157441826128,15.31679614844595,20.51512140551701,13.554700368153012,2024,3,73,Otoño,3.3614476859618656,13,2,Wednesday,March,Templado,Llovizna,Calma,3.8939632722238335,11.098029496279425,26.610016326590483,11.059414695256645,67.61081410108953,0,0,Bueno,Bajo,Media,Bajo,Desfavorables,Bueno,5.316796148445951,843.3740198740526,102.42082521998718
2024-03-14,34.64555615712777,3.018969883232355,58.06587066942436,0.049699115135556256,9.483330242250855,SW,1016.0547124867279,3.3896178613630568,59.977205304705976,18.832263020180065,31.626586273895416,14.090597899054638,2024,3,74,Otoño,1.7529911479465712,14,3,Thursday,March,Muy Caluroso,Llovizna,Brisa ligera,3.586336202647667,11.04649970883094,28.005225043518653,11.250944628629695,66.70498524070014,0,0,Óptimo,Alto,Media,Bajo,Desfavorables,Regular,8.832263020180065,852.2062828942327,111.25308824016724
2024-03-15,8.603079888509011,6.603079888509011,58.482556588515266,1.0269709781538712,10.170840857533339,NW,1014.3044885394353,18.864558285644872,19.026468697992446,7.603079888509011,2.0,2.517659459742342,2024,3,75,Otoño,3.861649932382153,15,4,Friday,March,Frío,Llovizna,Brisa ligera,3.1885933035874605,11.136019924798148,24.858479885620675,10.870638493926238,64.31356325897526,0,0,Regular,Muy Bajo,Media,Bajo,Desfavorables,Regular,0.0,852.2062828942327,111.25308824016724
2024-03-16,26.824652934851848,12.799830869292713,60.36241814797041,1.2392771386172148,14.901230256340911,S,1012.9381662219621,15.60508924289783,50.21663208430421,19.81224190207228,14.024822065559135,12.361626773901826,2024,3,76,Otoño,7.726287431555463,16,5,Saturday,March,Templado,Llovizna,Brisa ligera,3.9997047960378334,12.364460722540127,24.903120686411597,10.665280163337014,63.59036933126291,0,0,Óptimo,Bajo,Media,Bajo,Desfavorables,Bueno,9.81224190207228,862.018524796305,121.06533014223952
2024-03-17,24.19522985067493,11.00232791008759,68.3320065745057,1.154868031745359,11.226299189315114,E,1001.9228270344431,19.799105710624477,81.28865672980601,17.59877888038126,13.19290194058734,11.985629285723704,2024,3,77,Otoño,7.518111430869728,17,6,Sunday,March,Templado,Llovizna,Brisa ligera,4.492696809148506,12.797341300149016,25.660340804138723,9.82351428955167,64.00260711441568,0,0,Bueno,Bajo,Media,Bajo,Desfavorables,Bueno,7.598778880381261,869.6173036766862,128.66410902262078
2024-03-18,22.073712843081413,3.6113547391200194,57.818770675047844,0.7452657448092458,2.3024708362535975,SW,1020.7047119857043,20.916766140523894,86.84793552575088,12.842533791100717,18.462358103961392,11.691298372973918,2024,3,78,Otoño,2.0880409148742767,18,0,Monday,March,Templado,Llovizna,Calma,4.962197086529593,13.47604069138177,25.007074653871463,8.507172690850636,60.96610905518825,0,0,Regular,Bajo,Media,Bajo,Desfavorables,Bueno,2.842533791100717,872.4598374677869,131.5066428137215
2024-03-19,25.25244044052093,9.051376314154519,83.83634188360281,0.5297668406795454,8.235288197055928,SE,1006.7418478373894,25.487375748647523,32.13984971116009,17.151908377337726,16.20106412636641,13.034264278809761,2024,3,79,Otoño,7.58834279190603,19,1,Tuesday,March,Templado,Llovizna,Brisa ligera,5.027224801248372,13.728673524173212,23.88128985228148,7.306596435726235,64.76282517045445,0,0,Bueno,Bajo,Baja,Alto,Desfavorables,Bueno,7.151908377337726,879.6117458451246,138.65855119105922
2024-03-20,12.948763429632965,7.0862104580275815,51.580890466707444,1.5564178192256175,13.434125085994944,N,1004.3624743799812,18.323522551834678,63.957210742625044,10.017486943830274,5.862552971605384,3.300424400832802,2024,3,80,Otoño,3.6551304545955743,20,2,Wednesday,March,Frío,Llovizna,Brisa ligera,6.3022656683664104,14.961209960618252,22.077633649199836,7.5961642946319685,62.63983642939626,0,0,Regular,Muy Bajo,Media,Bajo,Desfavorables,Regular,0.01748694383027427,879.6292327889548,138.6760381348895
2024-03-21,24.5207370967413,13.444030857773592,62.196925337579614,0.8474309603425734,9.870646570704912,S,1020.0836716712028,35.0,74.7488841721956,18.982383977257445,11.076706238967708,14.047060691904989,2024,3,81,Otoño,8.361773834970606,21,3,Thursday,March,Templado,Llovizna,Brisa ligera,7.0999975135734275,15.70866039317041,20.631230926287486,9.08545871956643,63.229987096275586,0,0,Óptimo,Bajo,Media,Bajo,Desfavorables,Bueno,8.982383977257445,888.6116167662123,147.65842211214695
2024-03-22,26.28646343899601,11.664190700151192,58.40403412588738,0.5791114708658535,8.985956481119628,E,1019.3130722011734,19.83845912991128,2.3232019205403205,18.975327069573602,14.622272738844817,14.482348829013787,2024,3,82,Otoño,6.812357917024885,22,4,Friday,March,Templado,Llovizna,Brisa ligera,6.652138006285409,16.11355157535339,23.15742857635706,9.808474549801028,63.218769601614454,0,0,Óptimo,Bajo,Media,Bajo,Desfavorables,Bueno,8.975327069573602,897.5869438357859,156.63374918172053
2024-03-23,32.491987312856004,7.32690627347677,86.704668265306,0.029756534418958265,10.700685976745707,SE,1013.6320006688885,29.054874267403267,27.189822821007578,19.90944679316639,25.165081039379235,14.559103804793535,2024,3,83,Otoño,6.352769778527927,23,5,Saturday,March,Muy Caluroso,Llovizna,Brisa ligera,5.442617402087152,15.679515094076573,23.967047773214794,9.02662817897018,66.98194818980525,0,0,Óptimo,Alto,Baja,Bajo,Desfavorables,Regular,9.909446793166389,907.4963906289522,166.54319597488694
2024-03-24,20.676204153222614,9.146821387039516,67.94832164767362,0.48318401454520826,6.132865415027591,W,1021.6363489664931,4.00297319685451,95.50046836058159,14.911512770131065,11.529382766183097,11.845080062617269,2024,3,84,Otoño,6.215111616603813,24,6,Sunday,March,Fresco,Llovizna,Brisa ligera,4.770933384887002,16.11253189733244,23.46432981643589,8.76155581853474,66.92713605740067,0,0,Regular,Bajo,Media,Bajo,Desfavorables,Bueno,4.911512770131065,912.4079033990832,171.454708745018
2024-03-25,18.90783563284073,6.67975229131531,80.47766809202952,0.3913998793949469,9.434269989882367,W,1024.4074926518329,26.09843717730375,32.4740972469774,12.79379396207802,12.22808334152542,8.076658967136837,2024,3,85,Otoño,5.375708878374472,25,0,Monday,March,Fresco,Llovizna,Brisa ligera,4.4170675194727025,16.467049240795408,23.012061643544364,9.19989832599121,70.16412140268378,0,0,Regular,Muy Bajo,Baja,Alto,Desfavorables,Bueno,2.79379396207802,915.2016973611612,174.248502707096
2024-03-26,17.80164626245264,11.037271205834637,42.716594404445416,0.40781544982556756,7.248595883024269,SE,1023.4657926226043,16.915437061226637,0.0,14.419458734143639,6.764375056618002,10.795160792631505,2024,3,86,Otoño,4.714746374315024,26,1,Tuesday,March,Fresco,Llovizna,Brisa ligera,4.295116128618726,16.766085477588813,21.947662475248897,9.483597596231226,64.28987176280414,0,0,Regular,Muy Bajo,Alta,Bajo,Desfavorables,Bueno,4.419458734143639,919.6211560953049,178.66796144123967
2024-03-27,30.27599577475974,15.456935009757885,69.00575398803889,0.5620896223530628,7.941129542568576,SE,1008.7737682127841,6.3099164434363715,36.97595474033194,22.86646539225881,14.819060765001854,18.895900620974523,2024,3,87,Otoño,10.66617454692458,27,2,Wednesday,March,Caluroso,Llovizna,Brisa ligera,3.3007879317461706,17.062392699480355,24.422981381695575,10.679415389335556,66.77913798013721,0,0,Óptimo,Medio,Media,Bajo,Desfavorables,Regular,12.86646539225881,932.4876214875636,191.53442683349846
2024-03-28,25.645186461683252,7.641050809535958,78.34446193435156,0.5514458231497158,10.48536354708532,SE,1021.1128394502377,20.52327065536872,68.11563747789654,16.643118635609603,18.004135652147294,11.400436862066943,2024,3,88,Otoño,5.98634014286136,28,3,Thursday,March,Templado,Llovizna,Brisa ligera,3.004802794553313,17.356667124776376,24.58361700525871,9.850418239587324,69.0859289225332,0,0,Bueno,Bajo,Baja,Medio,Desfavorables,Bueno,6.6431186356096035,939.1307401231733,198.17754546910808
2024-03-29,18.91698653714085,13.139292146658986,66.23425983913137,1.0250684199621827,5.219860692523455,SW,1014.6931278200692,16.182266772094096,40.1627609200224,16.02813934189992,5.777694390481864,13.418208995638192,2024,3,89,Otoño,8.702712901440695,29,4,Friday,March,Fresco,Llovizna,Brisa ligera,3.450759743649642,18.247831389319522,23.530834590707975,10.061147017659865,70.20453259585376,0,0,Bueno,Muy Bajo,Media,Bajo,Desfavorables,Bueno,6.028139341899919,945.1588794650731,204.20568481100798
2024-03-30,28.003938881671917,10.437690739353673,80.98220562598027,1.7281567538694065,11.863947421405815,SE,1026.807262162819,21.480319490688853,57.884098670015845,19.220814810512795,17.566248142318244,13.288841099809888,2024,3,90,Otoño,8.452672177147292,30,5,Saturday,March,Caluroso,Llovizna,Brisa ligera,5.14915996310009,19.92112124392829,22.889684814824534,10.505544798499423,69.38703793309296,0,0,Óptimo,Medio,Baja,Alto,Desfavorables,Bueno,9.220814810512795,954.379694275586,213.42649962152078
2024-03-31,23.49539291951873,7.288255667614856,57.24067324849442,1.5237116624513611,6.73156411674337,S,1012.0101733098626,24.06645874530647,63.45554994139329,15.391824293566792,16.207137251903873,12.026042235195106,2024,3,91,Otoño,4.171846612214296,31,6,Sunday,March,Templado,Llovizna,Brisa ligera,6.189687611006243,19.9059235627745,23.29242606715255,10.240035410010185,67.85737387606734,0,0,Bueno,Bajo,Media,Bajo,Desfavorables,Bueno,5.391824293566792,959.7715185691527,218.81832391508757
2024-04-01,28.466038158654914,9.776188797186492,86.1402116027837,0.8570906360272995,8.781988499451222,E,1010.1482269010534,9.065099299430425,31.126563714192947,19.1211134779207,18.689849361468422,14.73011922819509,2024,4,92,Otoño,8.421229716584078,1,0,Monday,April,Caluroso,Llovizna,Brisa ligera,6.655378367638596,20.63428083844557,24.65788357084029,10.682383482277498,68.66630866331795,0,0,Óptimo,Medio,Baja,Alto,Desfavorables,Bueno,9.121113477920701,968.8926320470734,9.121113477920701
2024-04-02,19.603834556014007,6.768656679204062,95.0,2.5500523328613727,3.798476119175171,SW,1008.0896249852569,24.089513894730946,27.0151753396406,13.186245617609035,12.835177876809945,11.28700755802145,2024,4,93,Otoño,6.430223845243859,2,1,Tuesday,April,Fresco,Lluvia ligera,Calma,8.7976152506744,22.415782013151183,24.915339041349057,10.072581407044558,76.13536660554003,0,0,Regular,Muy Bajo,Baja,Alto,Desfavorables,Regular,3.1862456176090355,972.0788776646825,12.307359095529737
2024-04-03,23.01134563647772,6.7980626017510275,59.55742159340512,0.016815796459144824,10.159511872614171,SE,1014.5143031538845,18.0388769053243,43.83602439885679,14.904704119114374,16.213283034726693,9.824948182807288,2024,4,94,Otoño,4.048750803908464,3,2,Wednesday,April,Templado,Llovizna,Brisa ligera,8.252341424780482,22.42797071841464,23.87753187873734,8.83559963447215,74.78560483487806,0,0,Regular,Bajo,Media,Bajo,Desfavorables,Bueno,4.904704119114374,976.9835817837969,17.21206321464411
2024-04-04,21.38989089629563,6.479879410642304,58.31746217898842,0.2241997599737634,12.339511807839733,NE,1016.7338037407368,26.117047048159634,44.444473073247025,13.934885153468967,14.910011485653325,7.7651292495491,2024,4,95,Otoño,3.7789012245453835,4,3,Thursday,April,Fresco,Llovizna,Brisa ligera,7.925095361604531,22.32985309406207,23.269632512253395,8.66971800605877,71.92460486982618,0,0,Regular,Bajo,Media,Bajo,Desfavorables,Bueno,3.934885153468967,980.9184669372659,21.14694836811308
2024-04-05,16.276103310192205,14.276103310192205,86.80076715676552,0.007692629324466028,6.456075352345559,NW,1016.8876982634182,16.76911062601279,41.35192049617429,15.276103310192205,2.0,12.048065634019427,2024,4,96,Otoño,12.39176719333923,5,4,Friday,April,Fresco,Llovizna,Brisa ligera,6.907719570966814,21.981250686415127,22.89236347983216,8.83211960084923,74.86267734377392,0,0,Bueno,Muy Bajo,Baja,Alto,Desfavorables,Bueno,5.276103310192205,986.194570247458,26.423051678305285
2024-04-06,25.011776421509172,11.330618064321547,88.69358218596068,0.8171910377213775,4.6693298404712005,NE,1015.7933803224948,15.177546644811473,42.3789130670616,18.17119724291536,13.681158357187625,15.836532322679759,2024,4,97,Otoño,10.049531045056339,6,5,Saturday,April,Templado,Llovizna,Calma,5.996753854818785,22.44111553942478,22.464911699808912,8.959680647273212,75.96430256662826,0,0,Óptimo,Bajo,Baja,Muy Alto,Desfavorables,Bueno,8.171197242915358,994.3657674903734,34.59424892122064
2024-04-07,24.573566457327516,7.8771781514827275,57.15709959270097,2.732901979467077,8.833949194228126,E,1018.3682961014384,18.162324244133707,21.28634663448155,16.22537230440512,16.69638830584479,11.808397707291057,2024,4,98,Otoño,4.502366561137465,7,6,Sunday,April,Templado,Lluvia ligera,Brisa ligera,7.205944171834501,23.749303641677784,22.61893649092445,9.043812430682907,75.95236347294349,0,0,Bueno,Bajo,Media,Bajo,Desfavorables,Regular,6.22537230440512,1000.5911397947785,40.81962122562576
2024-04-08,25.360677577401425,11.973804149040243,58.69719774356214,0.28384900998925267,12.364431934975228,W,1011.2196653126848,18.61116423827912,58.757172752023706,18.667240863220833,13.386873428361183,12.485024895733218,2024,4,99,Otoño,7.028287498789,8,0,Monday,April,Templado,Llovizna,Brisa ligera,6.632702545796454,23.604987005500192,22.17531355074538,9.357757480947729,72.03193292162612,0,0,Óptimo,Bajo,Media,Bajo,Desfavorables,Bueno,8.667240863220833,1009.2583806579994,49.48686208884659
2024-04-09,22.4211262069455,9.796481719841633,60.773230867092394,2.396699905811215,3.6504303035572825,N,1006.019877475265,14.023291191049587,54.980798677824154,16.10880396339357,12.624644487103868,14.283588811614928,2024,4,100,Otoño,5.95363845245186,9,1,Tuesday,April,Templado,Lluvia ligera,Calma,6.4793501187462965,25.33981089267672,22.577783786592736,9.790303915324525,67.1423944740679,0,0,Bueno,Bajo,Media,Bajo,Desfavorables,Regular,6.108803963393569,1015.367184621393,55.59566605224016
2024-04-10,16.55598581645924,9.480894135337907,44.833242334485846,0.047650449995256985,4.681075456314974,N,1005.3213760246908,15.022171614268299,6.5997908341135485,13.018439975898573,7.075091681121334,10.677902247741086,2024,4,101,Otoño,4.2505922431721,10,2,Wednesday,April,Fresco,Llovizna,Calma,6.510184772282408,25.111695875243818,21.655589526590095,10.173565562979794,65.03894029422229,0,0,Regular,Muy Bajo,Alta,Bajo,Desfavorables,Bueno,3.0184399758985734,1018.3856245972916,58.614106028138735
2024-04-11,22.180350352892262,14.695679792189665,51.220220802737025,2.1745161922465623,6.637431325065453,NW,1020.8004087624278,10.638746792917264,30.270942072850822,18.438015072540964,7.484670560702597,15.119299410008237,2024,4,102,Otoño,7.527159638022752,11,3,Thursday,April,Templado,Lluvia ligera,Brisa ligera,8.460501204555207,26.821472941529613,21.768512306103904,11.347251331772274,64.02504866904351,0,0,Óptimo,Bajo,Media,Bajo,Desfavorables,Regular,8.438015072540964,1026.8236396698326,67.0521211006797
2024-04-12,24.628058643262694,12.972973672473444,49.93788849871898,0.46449907581724315,5.538968526407913,W,1016.7625784842263,15.392129461258833,42.32699681348616,18.800516157868067,11.65508497078925,16.03103189466411,2024,4,103,Otoño,6.478429127527958,12,4,Friday,April,Templado,Llovizna,Brisa ligera,8.917307651047985,27.00459506523928,22.961648782256834,11.16108995495531,58.75892314646543,0,0,Óptimo,Bajo,Alta,Bajo,Desfavorables,Bueno,8.800516157868067,1035.6241558277006,75.85263725854777
2024-04-13,18.22553992383271,9.89635079378616,53.483036523438074,0.12685971529588277,5.548443600173014,SW,998.1532978323974,22.057860359985472,26.64217494309564,14.060945358809434,8.329189130046549,11.286723558722926,2024,4,104,Otoño,5.292868909528206,13,5,Saturday,April,Fresco,Llovizna,Brisa ligera,8.22697632862249,27.081755665399605,21.992186425445905,10.956194630593112,53.72884519467649,0,0,Regular,Muy Bajo,Media,Bajo,Desfavorables,Bueno,4.060945358809434,1039.68510118651,79.9135826173572
2024-04-14,23.49763190353059,7.946025010384981,64.47972668919829,0.4436980172135167,1.7176381170086685,SW,1021.7740274143995,17.175874956563135,55.93429943969484,15.721828456957786,15.551606893145607,14.863009398453451,2024,4,105,Otoño,5.123575209351576,14,6,Sunday,April,Templado,Llovizna,Calma,5.93777236636893,26.49848270445925,21.838481489189203,10.966029896150575,54.77493477989039,0,0,Bueno,Bajo,Media,Bajo,Desfavorables,Bueno,5.721828456957786,1045.406929643468,85.63541107431499
2024-04-15,26.37954483327506,10.279991580546818,68.5132209880478,0.2768755348210925,9.767170842217602,SW,1028.0434811712212,24.05439177628397,38.32793653857156,18.329768206910938,16.099553252728242,13.446182785802137,2024,4,106,Otoño,7.0431533491327505,15,0,Monday,April,Templado,Llovizna,Brisa ligera,5.9307988912007685,25.53608110066313,21.984033954314008,10.724056672080085,56.17722381481691,0,0,Óptimo,Bajo,Media,Bajo,Desfavorables,Bueno,8.329768206910938,1053.736697850379,93.96517928122593
2024-04-16,35.137508909477006,1.1183909943280652,88.25750739221115,0.32698412283615,9.016161508608906,N,1007.2726651939317,16.887423194081556,44.22681323637967,18.127949951902536,34.01911791514894,13.619869197598083,2024,4,107,Otoño,0.987064014492916,16,1,Tuesday,April,Muy Caluroso,Llovizna,Brisa ligera,3.8610831082257047,24.708197191753918,23.800660054675653,9.484329425578148,60.10354903269102,0,0,Óptimo,Extremo,Baja,Bajo,Desfavorables,Desfavorable,8.127949951902536,1061.8646478022815,102.09312923312847
2024-04-17,23.522189342474967,3.9734507310668463,50.024689388918134,0.43585024532908273,2.903452400589064,NE,1015.6892803702083,9.410892013660115,29.98226731292317,13.747820036770907,19.54873861140812,12.296093836476375,2024,4,108,Otoño,1.9877063862378865,17,2,Wednesday,April,Templado,Llovizna,Calma,4.24928290355953,24.398781692273754,24.795831986963613,8.697551796396569,60.845184326181354,0,0,Regular,Bajo,Media,Bajo,Desfavorables,Bueno,3.747820036770907,1065.6124678390524,105.84094926989937
2024-04-18,25.9721293191026,15.3638591985287,79.76483597714875,1.8528465851840905,12.37158727986874,N,1009.2123352509411,21.583649325339497,0.0,20.66799425881565,10.608270120573899,14.48220061888128,2024,4,109,Otoño,12.2549570894665,18,3,Thursday,April,Templado,Llovizna,Brisa ligera,3.9276132964970585,25.721861436778298,25.33751469642223,8.793005997302144,64.92298649395445,0,0,Óptimo,Bajo,Baja,Medio,Desfavorables,Bueno,10.66799425881565,1076.2804620978682,116.50894352871502
2024-04-19,23.68895651417895,16.880552646177474,61.790167336617365,0.904302501402979,13.043276944791462,S,1018.0264554037693,13.958261153799585,0.0,20.284754580178213,6.808403868001477,13.763116107782482,2024,4,110,Otoño,10.430521727418851,19,4,Friday,April,Templado,Llovizna,Brisa ligera,4.367416722082794,25.069746118955663,25.203357249410267,9.351231564974148,66.6161691850828,0,0,Óptimo,Bajo,Media,Bajo,Desfavorables,Bueno,10.284754580178213,1086.5652166780465,126.79369810889324
2024-04-20,13.649830994798057,11.649830994798057,64.2580443552135,0.43170212502155625,5.747283350659657,SE,1003.6719288873982,16.599796267418792,54.74023866730069,12.649830994798057,2.0,9.776189319468228,2024,4,111,Otoño,7.485953567944745,20,5,Saturday,April,Frío,Llovizna,Brisa ligera,4.672259131808468,24.654017283634644,24.549684545262462,9.601728736547276,68.15545601819358,0,0,Regular,Muy Bajo,Media,Bajo,Desfavorables,Regular,2.649830994798057,1089.2150476728445,129.44352910369128
2024-04-21,24.06177561976416,13.933061509251194,75.12229238249905,0.9600123374700777,11.499645772931018,SW,1012.4284347432098,25.4254322849047,46.67280191223485,18.997418564507676,10.128714110512965,13.247595678042167,2024,4,112,Otoño,10.466835204813117,21,6,Sunday,April,Templado,Llovizna,Brisa ligera,5.188573452065029,25.03491815023887,24.6302765047244,10.457019664956736,69.67582254580796,0,0,Óptimo,Bajo,Baja,Medio,Desfavorables,Bueno,8.997418564507676,1098.2124662373521,138.44094766819896
2024-04-22,24.547869213613108,11.266544364774937,48.159169676565526,1.1941602190512062,6.281006585027162,NE,1020.8505130239903,11.034777241670916,50.96655515877711,17.90720678919402,13.281324848838171,14.766703496680439,2024,4,113,Otoño,5.425874217317494,22,0,Monday,April,Templado,Llovizna,Brisa ligera,6.105858136295143,26.199321834871117,24.36860855905841,10.597955776989323,66.76810092988192,0,0,Bueno,Bajo,Alta,Bajo,Desfavorables,Bueno,7.907206789194021,1106.1196730265463,146.34815445739298
2024-04-23,37.32834628774171,22.661322948945273,70.73614619276076,0.30705924801565654,8.543349530633183,E,1022.8856939143907,18.98846272478631,43.361821051572825,29.99483461834349,14.667023338796437,25.7231598530269,2024,4,114,Otoño,16.02974653037957,23,1,Tuesday,April,Muy Caluroso,Llovizna,Brisa ligera,6.085933261474649,26.023197068341563,24.681585327381935,13.675517484791783,64.26504932996045,0,0,Regular,Extremo,Baja,Bajo,Desfavorables,Desfavorable,19.99483461834349,1126.1145076448897,166.34298907573648
2024-04-24,23.88819467380607,16.54498275445281,67.49678312319584,0.4810296133576682,5.492713594937273,NW,1016.4119665513575,17.756889899785246,45.36418508433786,20.21658871412944,7.343211919353259,17.470231916660804,2024,4,115,Otoño,11.167331127543166,24,2,Wednesday,April,Templado,Llovizna,Brisa ligera,6.131112629503234,26.112826802304287,24.733871803286377,15.471450630989777,66.76106272057154,0,0,Óptimo,Bajo,Media,Bajo,Desfavorables,Bueno,10.21658871412944,1136.331096359019,176.55957778986593
2024-04-25,25.28779840864591,10.48718284500147,72.38676896012224,0.09092663640357496,14.642754570386828,E,1010.287637574322,22.20555429262262,64.22558434046971,17.88749062682369,14.800615563644438,10.566113341630277,2024,4,116,Otoño,7.591332816436789,25,3,Thursday,April,Templado,Llovizna,Brisa ligera,4.369192680722719,25.795937988882294,24.63611024464971,14.774782580485887,65.7070531467106,0,0,Bueno,Bajo,Baja,Bajo,Desfavorables,Bueno,7.887490626823691,1144.2185869858426,184.4470684166896
2024-04-26,23.069661388772914,7.04149989058381,69.33752965861727,0.2382356411949423,7.111948318010306,SE,1000.2591913252511,23.130920192892134,51.11548431003531,15.055580639678363,16.028161498189103,11.49960648067321,2024,4,117,Otoño,4.882402075045052,26,4,Friday,April,Templado,Llovizna,Brisa ligera,3.703125820514682,25.472084007724174,24.54763951244885,13.369203615401076,66.78524776413917,0,0,Bueno,Bajo,Media,Bajo,Desfavorables,Bueno,5.055580639678363,1149.274167625521,189.50264905636797
2024-04-27,18.048327679516692,3.763363584829029,95.0,0.9855412822730572,8.379347068470388,NE,1006.9396023100858,19.583034025493355,66.02273375765282,10.905845632172861,14.284964094687663,6.716172097937667,2024,4,118,Otoño,3.5751954055875776,27,5,Saturday,April,Fresco,Llovizna,Brisa ligera,4.256964977766183,25.906179466847515,25.175996181694366,12.242565413976932,71.17695571339438,0,0,Regular,Muy Bajo,Baja,Alto,Desfavorables,Bueno,0.905845632172861,1150.1800132576939,190.40849468854083
2024-04-28,33.07528037010151,9.53896777964653,55.43390023623026,0.2100318561291192,5.936187837608519,N,1009.2458127619617,15.837752120517601,44.28654603066493,21.307124074874018,23.53631259045498,18.339030156069757,2024,4,119,Otoño,5.287821882535406,28,6,Sunday,April,Muy Caluroso,Llovizna,Brisa ligera,3.5069844964252246,25.09114290301445,26.463639717456847,11.614837738319123,68.36432826392742,0,0,Óptimo,Alto,Media,Bajo,Desfavorables,Regular,11.307124074874018,1161.487137332568,201.71561876341485
2024-04-29,27.318055921685612,7.677823757897091,57.035045674972736,0.5519524997469787,13.583946791709185,N,1007.4181297335871,20.84023502415576,32.49045648700572,17.49793983979135,19.64023216378852,10.705966443936758,2024,4,120,Otoño,4.379050287160514,29,0,Monday,April,Templado,Llovizna,Brisa ligera,2.864776777120997,23.914938648892026,26.85938067575292,11.102163365908,69.63231054941416,0,0,Bueno,Bajo,Media,Bajo,Desfavorables,Bueno,7.49793983979135,1168.9850771723593,209.2135586032062
2024-04-30,28.388285617629247,5.492749844809067,55.65289210362853,0.8670247380141259,13.659843938268232,S,1013.4764237465089,26.013935382867373,44.85507155390614,16.940517731219156,22.895535772820182,10.11059576208504,2024,4,121,Otoño,3.0568741446538135,30,1,Tuesday,April,Caluroso,Llovizna,Brisa ligera,3.4247422671194663,23.258251724454787,25.582229151451138,8.649510065317115,67.47755996525241,0,0,Bueno,Medio,Media,Bajo,Desfavorables,Bueno,6.940517731219156,1175.9255949035785,216.15407633442535
2024-05-01,16.834365626023757,8.011720905354258,56.66784321259618,0.08262798035746831,12.89278754378882,S,1010.2648981106297,17.836260362161795,19.09555296281758,12.423043265689007,8.8226447206695,5.976649493794596,2024,5,122,Otoño,4.540069441276942,1,2,Wednesday,May,Fresco,Llovizna,Brisa ligera,3.0263406341192667,22.483789068784958,24.57453928748223,7.430472658303036,65.93056854945246,0,0,Regular,Muy Bajo,Media,Bajo,Desfavorables,Bueno,2.4230432656890066,1178.3486381692676,2.4230432656890066
2024-05-02,33.147128055950546,6.471405996911076,55.439193090402235,0.8270010677202236,10.869321045042867,N,1014.3769709786835,16.39646331346184,30.503826777202278,19.80926702643081,26.67572205903947,14.374606503909376,2024,5,123,Otoño,3.5876952662914015,2,3,Thursday,May,Muy Caluroso,Llovizna,Brisa ligera,3.762415065435915,20.76073780364381,25.69730066566861,6.856790251432979,63.5094862823496,0,0,Óptimo,Alto,Media,Bajo,Desfavorables,Regular,9.80926702643081,1188.1579051956985,12.232310292119816
2024-05-03,15.66584761347186,13.66584761347186,82.83524796661328,0.1967084467793963,6.125631359197842,E,1022.6210184083814,20.32902154600794,44.439282716000925,14.66584761347186,2.0,11.603031933872938,2024,5,124,Otoño,11.320138757358917,3,4,Friday,May,Fresco,Llovizna,Brisa ligera,3.7208878710203694,20.94063045396406,24.639612983482746,7.803125640416987,65.43773175492046,0,0,Regular,Muy Bajo,Baja,Alto,Desfavorables,Bueno,4.665847613471859,1192.8237528091704,16.898157905591674
2024-05-04,28.210574133316754,13.757249003305867,86.30756371984782,2.323628292154786,10.483550287887255,NW,1009.7483022301651,18.23236212221767,44.10795829752529,20.98391156831131,14.453325130010887,15.742136424367683,2024,5,125,Otoño,11.87354644962634,4,5,Saturday,May,Caluroso,Lluvia ligera,Brisa ligera,5.058974880902098,23.040058986145084,26.091362476882754,9.23082355734225,64.19595514347016,0,0,Óptimo,Medio,Baja,Alto,Desfavorables,Regular,10.98391156831131,1203.8076643774816,27.882069473902988
2024-05-05,36.881404695408406,10.112542198310251,56.438805593757856,0.6189968355385691,7.978871603225794,SW,1001.9370641819662,9.973743456493205,37.33952799992529,23.49697344685933,26.768862497098155,19.507537645246433,2024,5,126,Otoño,5.70739803189105,5,6,Sunday,May,Muy Caluroso,Llovizna,Brisa ligera,5.4679398603115485,23.651363192359184,26.635094523355168,9.312762760008495,64.33951305168837,0,0,Óptimo,Extremo,Media,Bajo,Desfavorables,Desfavorable,13.496973446859329,1217.304637824341,41.379042920762316
2024-05-06,17.02884528814253,15.02884528814253,52.51466640343657,1.185751974917114,11.937225865227896,E,1007.386339215001,19.435984802384887,5.295382245644831,16.02884528814253,2.0,10.060232355528584,2024,5,127,Otoño,7.8923479673566455,6,0,Monday,May,Fresco,Llovizna,Brisa ligera,6.101739335481684,24.019924129554923,25.165207289991873,10.362908692900701,63.69374458432607,0,0,Bueno,Muy Bajo,Media,Bajo,Desfavorables,Bueno,6.028845288142531,1223.3334831124835,47.40788820890484
2024-05-07,22.295764413098723,12.371489407386012,72.07123334579606,0.6776143117625679,11.347706160096084,NW,1017.6687077597862,9.919425547417417,55.91023866051786,17.333626910242366,9.924275005712712,11.659773830194323,2024,5,128,Otoño,8.916284999147614,7,1,Tuesday,May,Templado,Llovizna,Brisa ligera,5.912328909230125,21.96463646185041,24.29484711791608,11.345585773268835,66.03922190463571,0,0,Bueno,Bajo,Baja,Bajo,Desfavorables,Bueno,7.333626910242366,1230.6671100227259,54.74151511914721
2024-05-08,24.765425803055887,8.043357867140188,56.716654335785435,0.03633680874115041,6.052203265772227,S,1018.4235502796214,20.246883878450674,60.855710164988736,16.40439183509804,16.7220679359157,13.378290202211925,2024,5,129,Otoño,4.561923478496104,8,2,Wednesday,May,Templado,Llovizna,Brisa ligera,5.866037737613807,21.71712426060231,25.427855714634955,11.350105339238254,66.04619492223418,0,0,Bueno,Bajo,Media,Bajo,Desfavorables,Bueno,6.404391835098039,1237.071501857824,61.14590695424525
2024-05-09,23.340757519307495,17.368992452452513,74.49397726633266,0.754543056983455,10.84347740851165,SE,1016.2486815761299,13.217143653560596,81.09226238130597,20.354874985880002,5.9717650668549815,14.933136281624177,2024,5,130,Otoño,12.938853288921011,9,3,Thursday,May,Templado,Llovizna,Brisa ligera,5.793579726877039,20.07496741177455,24.026945637971668,12.906903404315601,68.7683069473671,0,0,Óptimo,Bajo,Baja,Bajo,Desfavorables,Bueno,10.354874985880002,1247.426376843704,71.50078194012525
2024-05-10,11.35651923534896,9.35651923534896,68.04384531276949,3.4864236041253487,10.04610335013178,NW,1023.4058984471042,18.221248825118074,51.04439991471828,10.35651923534896,2.0,5.33346756028307,2024,5,131,Otoño,6.3665354751603696,10,4,Friday,May,Frío,Lluvia ligera,Brisa ligera,9.08329488422299,23.513740565904644,23.411327298239822,12.291285064583759,66.65524942538941,0,0,Regular,Muy Bajo,Media,Bajo,Desfavorables,Regular,0.35651923534896035,1247.782896079053,71.85730117547422
2024-05-11,23.75886870841544,5.459069141991018,42.26383827504152,0.6896116697764649,0.0,N,1011.5090954409841,20.343563437195417,40.03654585478707,14.608968925203229,18.299799566424426,14.608968925203229,2024,5,132,Otoño,2.3072121534937806,11,5,Saturday,May,Templado,Llovizna,Calma,7.44927826184467,22.028836043434545,22.77536938039678,11.105830798681637,60.36328864755995,0,0,Regular,Bajo,Alta,Bajo,Desfavorables,Bueno,4.608968925203229,1252.3918650042563,76.46627010067743
2024-05-12,16.61513595303356,9.070918600055307,88.21257801995093,2.0406295430197603,10.402809918888387,S,1029.4173291840746,32.72342007566142,14.674262259746254,12.843027276544433,7.544217352978251,7.641622317100239,2024,5,133,Otoño,8.00169114720003,12,6,Sunday,May,Fresco,Lluvia ligera,Brisa ligera,8.870910969325863,23.604966510637063,19.880188131486086,10.957027427502359,64.90239899415896,0,0,Regular,Muy Bajo,Baja,Alto,Desfavorables,Regular,2.843027276544433,1255.2348922808008,79.30929737722187
2024-05-13,28.01978267669365,6.51440485187913,91.93816509643283,2.1082292887326823,6.704612634079382,S,1019.5454970888472,22.456499770721546,77.3004467340264,17.26709376428639,21.505377824814524,13.914787447246699,2024,5,134,Otoño,5.989224287770664,13,0,Monday,May,Caluroso,Lluvia ligera,Brisa ligera,9.79338828314143,25.58633608407386,21.450322044136247,9.740678793750446,70.5343273788727,0,0,Bueno,Medio,Baja,Alto,Desfavorables,Regular,7.26709376428639,1262.501986045087,86.57639114150827
2024-05-14,16.864649285739503,5.326615577154433,55.80816964273421,0.22695162624903523,5.341872637004979,SW,992.8121002383369,26.188792858454008,46.19582442185059,11.095632431446969,11.53803370858507,8.42469611294448,2024,5,135,Otoño,2.9726866575146516,14,1,Tuesday,May,Fresco,Llovizna,Brisa ligera,9.342725597627897,25.36958969310938,20.674448454513502,8.734268246574507,68.21103256414958,0,0,Regular,Muy Bajo,Media,Bajo,Desfavorables,Bueno,1.095632431446969,1263.597618476534,87.67202357295523
2024-05-15,34.70686540517018,15.233228074521492,59.18447660096024,0.19814255494249655,5.470218187118772,N,1027.4052690397086,29.23048691216355,44.83432934563641,24.970046739845834,19.473637330648685,22.234937646286447,2024,5,136,Otoño,9.015706305336078,15,2,Wednesday,May,Muy Caluroso,Llovizna,Brisa ligera,9.504531343829242,25.290856713230784,22.0946541119584,9.761392561914692,68.5635786020317,0,0,Bueno,Alto,Media,Bajo,Desfavorables,Regular,14.970046739845834,1278.56766521638,102.64207031280107
2024-05-16,20.581872794965413,18.581872794965413,69.28798086087357,0.7901056361912618,7.5942713131039055,SW,1006.8641071189143,20.935535501996668,33.6485950455287,19.581872794965413,2.0,15.78473713841346,2024,5,137,Otoño,12.875004465767509,16,3,Thursday,May,Fresco,Llovizna,Brisa ligera,9.54009392303705,25.753978226585897,21.700527722766676,9.934661182273677,67.81986482982326,0,0,Óptimo,Bajo,Media,Bajo,Desfavorables,Bueno,9.581872794965413,1288.1495380113454,112.22394310776647
2024-05-17,20.59464451502419,5.108832853402931,70.01685184980538,0.3733259652642947,9.44017874026005,N,1004.7271904843445,19.714138801603195,32.05076083912845,12.85173868421356,15.485811661621259,8.131649314083536,2024,5,138,Otoño,3.577043930221315,17,4,Friday,May,Fresco,Llovizna,Brisa ligera,6.426996284175996,25.691453946521108,23.020259905577422,9.327848841995674,68.10172290654266,0,0,Regular,Bajo,Baja,Bajo,Desfavorables,Bueno,2.8517386842135597,1291.001276695559,115.07568179198005
2024-05-18,28.94996531883309,13.031390792594872,74.87816409009245,1.643461586449643,3.9036139334234594,SW,1017.1901688786631,11.599673347042705,57.20666835127117,20.990678055713982,15.918574526238219,19.038871089002253,2024,5,139,Otoño,9.757666180900388,18,5,Saturday,May,Caluroso,Llovizna,Calma,7.380846200849174,25.48206894778666,23.761845135637085,10.409609077796224,72.7609123086928,0,0,Óptimo,Medio,Baja,Bajo,Desfavorables,Bueno,10.990678055713982,1301.991954751273,126.06635984769402
2024-05-19,16.350199398024138,8.761679935735682,95.0,2.551079799917616,8.569543508637393,NW,999.0945562213077,17.300220405597635,14.463984433535202,12.55593966687991,7.588519462288456,8.271167912561214,2024,5,140,Otoño,8.323595938948896,19,6,Sunday,May,Fresco,Lluvia ligera,Brisa ligera,7.891296457747029,27.128846246301297,23.723997056350022,10.365432125750564,73.73054402012839,0,0,Regular,Muy Bajo,Baja,Alto,Desfavorables,Regular,2.55593966687991,1304.547894418153,128.62229951457394
2024-05-20,25.591218638738223,8.78685577864049,62.34579158758926,0.32777379555524866,9.730274198579217,E,1007.4362461494271,13.661473622184825,80.6357964789695,17.189037208689356,16.804362860097733,12.323900109399748,2024,5,141,Otoño,5.478234790853244,20,0,Monday,May,Templado,Llovizna,Brisa ligera,6.110840964569595,27.02491791683499,23.377059336642105,10.690067972430757,69.50306209029358,0,0,Bueno,Bajo,Media,Bajo,Desfavorables,Bueno,7.189037208689356,1311.7369316268423,135.81133672326328
2024-05-21,30.479778180796874,8.656551775980311,53.02554133192319,0.1833202534540213,13.585417351008894,SE,1025.4567883249936,15.593646899253683,75.1881614384593,19.568164978388594,21.823226404816563,12.775456302884148,2024,5,142,Otoño,4.590183439891772,21,1,Tuesday,May,Caluroso,Llovizna,Brisa ligera,6.067209591774582,26.24822583281893,25.32207775022173,11.165773143691597,69.10554376017772,0,0,Óptimo,Medio,Media,Bajo,Desfavorables,Regular,9.568164978388594,1321.3050966052308,145.3795017016519
2024-05-22,12.620172960497573,5.109860535438143,44.31021157978209,0.9829435172156284,4.76992949232461,SE,1017.44974063198,29.22398025715481,31.148461328322767,8.865016747967857,7.51031242505943,6.480052001805552,2024,5,143,Otoño,2.264190014684427,22,2,Wednesday,May,Frío,Llovizna,Calma,6.852010554047713,26.037009130983353,22.166835972411356,9.719577780965405,66.98064875715228,0,0,Regular,Muy Bajo,Alta,Bajo,Desfavorables,Regular,0.0,1321.3050966052308,145.3795017016519
2024-05-23,23.597572905776925,11.756430551013475,54.036049400871214,0.23526506877540743,6.951163439666589,N,1019.4979182475138,18.687729055199938,18.403385853173937,17.6770017283952,11.84114235476345,14.201420008561907,2024,5,144,Otoño,6.352710620324757,23,3,Thursday,May,Templado,Llovizna,Brisa ligera,6.297169986631859,25.965214951743107,22.59765027395586,8.744514603257985,64.80180140572337,0,0,Bueno,Bajo,Media,Bajo,Desfavorables,Bueno,7.677001728395201,1328.982098333626,153.0565034300471
2024-05-24,25.171496656624267,7.442766735711953,64.50309540689304,1.5700929544699405,8.784988918089438,NE,1007.7447151960203,12.744602533703347,0.0,16.30713169616811,17.728729920912315,11.91463723712339,2024,5,145,Otoño,4.80081492844878,24,4,Friday,May,Templado,Llovizna,Brisa ligera,7.493936975837505,27.05427829285538,23.251486294184442,9.077933729302131,64.01412191387875,0,0,Bueno,Bajo,Media,Bajo,Desfavorables,Bueno,6.30713169616811,1335.2892300297942,159.3636351262152
2024-05-25,28.650142740878902,12.580917098172678,91.91836795276681,0.4402292032941067,11.442227990574818,W,1000.6930400082551,26.247200728147824,8.714653187894331,20.61552991952579,16.069225642706222,14.894415924238382,2024,5,146,Otoño,11.564173670130915,25,5,Saturday,May,Caluroso,Llovizna,Brisa ligera,6.290704592681968,27.40358085974591,23.208654497333843,9.013580344384675,66.44843675140366,0,0,Óptimo,Medio,Baja,Alto,Desfavorables,Bueno,10.615529919525791,1345.9047599493201,169.97916504574098
2024-05-26,17.14175568891475,10.956156256706771,57.235830514457426,0.9353406281150907,7.087328356484559,S,1018.6545394345098,23.73165285742469,58.24778732207186,14.04895597281076,6.185599432207978,10.50529179456848,2024,5,147,Otoño,6.270847025987811,26,6,Sunday,May,Fresco,Llovizna,Brisa ligera,4.674965420879444,28.10068584666606,23.321733967461075,9.32707696166626,61.053555396326146,0,0,Regular,Muy Bajo,Media,Bajo,Desfavorables,Bueno,4.048955972810759,1349.9537159221309,174.02812101855176
2024-05-27,17.309474277834113,10.475328776631772,68.35681927458347,0.07799307648501237,11.595924115973153,S,1020.4420492499356,24.04592095560238,47.88354647251634,13.892401527232941,6.834145501202341,8.094439469246364,2024,5,148,Otoño,7.1606015602606155,27,0,Monday,May,Fresco,Llovizna,Brisa ligera,4.425184701809207,27.193137640878014,22.138627630189056,9.568287389950727,61.91227363732532,0,0,Regular,Muy Bajo,Media,Bajo,Desfavorables,Bueno,3.8924015272329413,1353.8461174493639,177.92052254578468
2024-05-28,26.4963577890153,5.704852931704661,64.75365655890872,1.0938474184184939,2.1879130505706206,N,1020.0799470886489,5.963218781385631,52.3413391326522,16.100605360359978,20.79150485731064,15.006648835074667,2024,5,149,Otoño,3.694100874586871,28,1,Tuesday,May,Templado,Llovizna,Calma,5.335711866773679,28.076953203167392,21.56956757422026,9.146616126482778,63.58771866975183,0,0,Bueno,Bajo,Media,Bajo,Desfavorables,Bueno,6.100605360359978,1359.946722809724,184.02112790614467
2024-05-29,27.20208500209249,7.8639870647217744,82.82589910172126,0.5443666510258821,4.239955420634342,NW,1014.6725538409429,29.692025746328916,0.0,17.533036033407132,19.338097937370712,15.413058323089961,2024,5,150,Otoño,6.513417991598869,29,2,Wednesday,May,Templado,Llovizna,Calma,4.897135000583933,28.06936735444629,23.65269786587668,9.540062773523298,69.08995974431456,0,0,Bueno,Bajo,Baja,Alto,Desfavorables,Bueno,7.533036033407132,1367.479758843131,191.55416393955178
2024-05-30,24.881255545836375,15.077109505434999,95.0,1.0573519342313238,9.045933033002662,SW,1005.2634540522234,14.648911547436677,30.104609497433394,19.979182525635686,9.804146040401376,15.456216009134355,2024,5,151,Otoño,14.323254030163248,30,3,Thursday,May,Templado,Llovizna,Brisa ligera,5.719221866039851,28.25969455066349,23.836081100170883,10.0144454812978,74.94195268704723,0,0,Óptimo,Bajo,Baja,Muy Alto,Desfavorables,Bueno,9.979182525635686,1377.4589413687668,201.5333464651875
2024-05-31,28.829412287519183,12.356095754923125,57.03696840619519,0.1294169529611191,3.767526505736374,NE,1032.5021567044778,22.667728636756532,74.18182015705206,20.592754021221154,16.47331653259606,18.70899076835297,2024,5,152,Otoño,7.047542431974727,31,4,Friday,May,Caluroso,Llovizna,Calma,4.278545864531028,28.30648352326714,24.358640476013015,10.716349626899397,73.87536311551898,0,0,Óptimo,Medio,Media,Bajo,Desfavorables,Bueno,10.592754021221154,1388.051695389988,212.12610048640863
2024-06-01,13.516232919371584,7.387978107339915,70.60448143396594,2.6655293220755265,4.4765884196998496,E,1016.8382995438734,33.14279874370219,37.59931486701617,10.45210551335575,6.128254812031669,8.213811303505825,2024,6,153,Invierno,5.216243631142279,1,5,Saturday,June,Frío,Lluvia ligera,Calma,6.5038459833124485,30.145011777622443,22.196653358654828,9.974501199637574,70.83052218426171,0,0,Regular,Muy Bajo,Baja,Bajo,Desfavorables,Regular,0.45210551335575033,1388.5038009033437,0.45210551335575033
2024-06-02,14.690516376053779,10.527100145810676,95.58257072743173,5.41128815006603,6.416669407262182,SW,1011.6089068672867,30.931996489143707,8.192631634400371,12.608808260932229,4.163416230243103,9.400473557301137,2024,6,154,Invierno,10.062072942417059,2,6,Sunday,June,Frío,Lluvia ligera,Brisa ligera,10.979793505263387,35.359591480909074,21.846476313960405,9.913207469509558,76.30862792897233,0,0,Regular,Muy Bajo,Baja,Medio,Desfavorables,Regular,2.6088082609322285,1391.112609164276,3.060913774287979
2024-06-03,21.656897406122617,7.71521024274152,86.05874660606224,0.5903690535075452,10.314316975747472,SW,1011.6444061001331,12.134627247163879,37.20994172892747,14.686053824432069,13.941687163381097,9.528895336558332,2024,6,155,Invierno,6.639613232925885,3,0,Monday,June,Fresco,Llovizna,Brisa ligera,11.49216948228592,33.62633224226183,22.467536760858764,9.51890482181095,78.83747469061215,0,0,Regular,Bajo,Baja,Muy Alto,Desfavorables,Bueno,4.686053824432069,1395.798662988708,7.7469675987200475
2024-06-04,10.223908652613627,-0.9953753664677922,100.0,0.24896434096446482,2.3121054760781323,N,1014.1967798245885,9.332895977986361,20.724564540868755,4.614266643072917,11.21928401908142,3.458213905033851,2024,6,156,Invierno,-1.0245943599292533,4,1,Tuesday,June,Frío,Llovizna,Calma,10.647286404831892,33.256299747687734,20.142901169944235,8.561729350643459,84.29202015955822,0,0,Regular,Muy Bajo,Baja,Medio,Desfavorables,Regular,0.0,1395.798662988708,7.7469675987200475
2024-06-05,27.929186480576977,6.23304711614914,84.03600222210068,0.04315246029025472,8.510895086487183,N,1021.5568660972639,26.582079593087567,48.34197649863493,17.08111679836306,21.696139364427836,12.825669255119468,2024,6,157,Invierno,5.238003613031673,5,2,Wednesday,June,Templado,Llovizna,Brisa ligera,10.146072214096264,32.113700233060875,20.246772809727734,8.328737929418796,84.46489203389815,0,0,Bueno,Bajo,Baja,Alto,Desfavorables,Bueno,7.081116798363059,1402.8797797870711,14.828084397083106
2024-06-06,21.252868727926803,1.0544265370288235,72.8754832477338,2.1533167372654067,11.098891841458418,NW,1014.5170249864436,18.852334869563997,40.51363447219288,11.153647632477814,20.19844219089798,5.604201711748605,2024,6,158,Invierno,0.7684184343520999,6,3,Thursday,June,Fresco,Lluvia ligera,Brisa ligera,11.242037017130347,33.58940265856371,19.72843183574065,6.325497505360771,81.3042467835744,0,0,Regular,Bajo,Baja,Bajo,Desfavorables,Regular,1.1536476324778135,1404.0334274195488,15.98173202956092
2024-06-07,10.309222124812813,8.309222124812813,84.06696290448157,2.602870999031773,7.415164374713125,S,1019.86810522758,14.99471135218752,53.582416602057265,9.309222124812813,2.0,5.60163993745625,2024,6,159,Invierno,6.985310681317363,7,4,Friday,June,Frío,Lluvia ligera,Brisa ligera,13.715491063201,36.15593684885434,17.082690383925456,5.747372701059298,85.16567456904387,0,0,Regular,Muy Bajo,Baja,Medio,Desfavorables,Regular,0.0,1404.0334274195488,15.98173202956092
2024-06-08,19.82214737671827,2.8423262781849665,92.2043217058128,2.180369066901135,6.893509311222379,N,1014.2111815031457,21.727311281634286,9.551909330872185,11.332236827451618,16.979821098533304,7.885482171840429,2024,6,160,Invierno,2.620747665466522,8,5,Saturday,June,Fresco,Lluvia ligera,Brisa ligera,13.23033080802661,37.58176285877202,17.983535306403553,5.097993868322878,88.25136603645058,0,0,Regular,Muy Bajo,Baja,Alto,Desfavorables,Regular,1.3322368274516183,1405.3656642470005,17.31396885701254
2024-06-09,9.17025297739988,1.3518364338352784,90.39487829327201,0.4383771806341403,9.205313847675722,N,1012.101168868237,17.022722535243354,28.78208578337253,5.261044705617579,7.818416543564601,0.6583877817797177,2024,6,161,Invierno,1.2219908990895085,9,6,Sunday,June,Frío,Llovizna,Brisa ligera,8.25741983859472,34.53371643528081,17.194926249452998,3.787241909469249,87.5102671172849,0,0,Regular,Muy Bajo,Baja,Bajo,Desfavorables,Regular,0.0,1405.3656642470005,17.31396885701254
2024-06-10,20.797132438947983,-1.3182869864514863,84.26904282377298,0.8601022988875354,7.42366684183568,N,1018.1300031466271,22.20794482229246,67.26085853497773,9.739422726248248,22.11541942539947,6.027589305330409,2024,6,162,Invierno,-1.1109078251530293,10,0,Monday,June,Fresco,Llovizna,Brisa ligera,8.52715308397471,34.70420706439187,17.072102682713766,2.4967423052988194,87.25459514838644,0,0,Regular,Bajo,Baja,Alto,Desfavorables,Bueno,0.0,1405.3656642470005,17.31396885701254
2024-06-11,25.644313301019984,6.839201645743566,94.23741004756504,2.124027246589679,12.171499343722239,NW,1017.8262882693904,18.401890846912398,6.14299863911296,16.241757473381774,18.80511165527642,10.156007801520655,2024,6,163,Invierno,6.445086498879181,11,1,Tuesday,June,Templado,Lluvia ligera,Brisa ligera,10.402215989599924,34.787604767961795,19.2750176324861,3.6159675927575847,86.01201446353411,0,0,Bueno,Bajo,Baja,Muy Alto,Desfavorables,Regular,6.2417574733817744,1411.6074217203823,23.555726330394315
2024-06-12,8.181835170047332,6.181835170047332,97.34751289191593,1.6650831938251636,4.665760963596695,S,1011.6429270472388,22.334327569969002,14.922199599000539,7.181835170047332,2.0,4.848954688248985,2024,6,164,Invierno,6.017862789118819,12,2,Wednesday,June,Frío,Llovizna,Calma,12.024146723134834,34.34445867305428,16.45396744526758,3.608651600457326,87.91365884493631,0,0,Regular,Muy Bajo,Baja,Bajo,Desfavorables,Regular,0.0,1411.6074217203823,23.555726330394315
2024-06-13,19.965020221865515,2.537456194820704,99.43079935437845,10.382286259155546,7.845067534504745,E,1007.0063443382859,12.632803865181668,44.9824327498016,11.25123820834311,17.42756402704481,7.328704441090738,2024,6,165,Invierno,2.523012977777421,13,3,Thursday,June,Fresco,Lluvia moderada,Brisa ligera,20.253116245024973,44.499793305960786,16.26998908725883,3.820512980141881,91.70727543159981,0,0,Regular,Muy Bajo,Baja,Alto,Desfavorables,Desfavorable,1.2512382083431106,1412.8586599287253,24.806964538737425
2024-06-14,14.959849846860738,8.894971766130748,88.78298939992197,0.268992546349084,8.617059124882053,E,1015.7338313179234,26.546772078795808,47.168245977094784,11.927410806495743,6.06487808072999,7.618881244054717,2024,6,166,Invierno,7.897221840249914,14,4,Friday,June,Frío,Llovizna,Brisa ligera,17.91923779234228,44.57064329736737,16.934364476122816,3.9041915003301573,92.38099350237702,0,0,Regular,Muy Bajo,Baja,Medio,Desfavorables,Regular,1.9274108064957431,1414.786070735221,26.73437534523317
2024-06-15,20.853239443457817,-2.5227116810048473,75.1026504360369,2.431125866693498,6.864637844460621,W,1013.6267893517007,22.18574022439463,27.778753931430757,9.165263881226485,23.375951124462663,5.732944958996175,2024,6,167,Invierno,-1.8946233352941408,15,5,Saturday,June,Fresco,Lluvia ligera,Brisa ligera,18.169994592134646,46.21166352786961,17.081663342799892,3.137757506160184,89.93789760669475,0,0,Regular,Bajo,Baja,Medio,Desfavorables,Regular,0.0,1414.786070735221,26.73437534523317
2024-06-16,29.2232481188095,6.836917858614994,80.29375674196955,1.2489728029296272,0.0,W,1008.5610262978339,21.877784216421436,33.03917793402875,18.03008298871225,22.386330260194505,18.03008298871225,2024,6,168,Invierno,5.4896181940445965,16,6,Sunday,June,Caluroso,Llovizna,Calma,18.980590214430133,47.08731036553494,19.94637693442984,3.9213405668430004,88.49488024222298,0,0,Óptimo,Medio,Baja,Alto,Desfavorables,Bueno,8.030082988712248,1422.8161537239332,34.76445833394541
2024-06-17,10.37231703814389,2.4905505356589375,96.9422347204812,1.3188021818527433,7.517285275852421,N,1006.2607961397056,11.293980437928036,53.330639038891036,6.4314337869014135,7.881766502484953,2.672791148975203,2024,6,169,Invierno,2.414395346110689,17,0,Monday,June,Frío,Llovizna,Brisa ligera,19.43929009739534,46.762650960938046,18.457117591457827,4.465460212858775,90.305336227467,0,0,Regular,Muy Bajo,Baja,Medio,Desfavorables,Regular,0.0,1422.8161537239332,34.76445833394541
2024-06-18,11.270037340254188,2.3755238140747252,63.38381580804831,2.6816671716530247,10.7005309607374,W,1016.2838067511557,28.19779449986548,61.240875043996695,6.8227805771644565,8.894513526179463,1.4725150967957568,2024,6,170,Invierno,1.505697638789448,18,1,Tuesday,June,Frío,Lluvia ligera,Brisa ligera,19.996930022458688,46.89323833267345,16.403649597062714,3.8277919511917986,85.89767990753604,0,0,Regular,Muy Bajo,Media,Bajo,Desfavorables,Regular,0.0,1422.8161537239332,34.76445833394541
2024-06-19,7.401749481586734,5.401749481586734,84.18449774970455,2.3149862210100784,10.334327558378053,S,1017.4007604562215,17.917703403802392,13.26945836775602,6.401749481586734,2.0,1.2345857023977072,2024,6,171,Invierno,4.547435670771061,19,2,Wednesday,June,Muy Frío,Lluvia ligera,Brisa ligera,20.6468330496436,48.88045075812828,16.292208784425487,3.7163511385545696,84.01724917293441,0,0,Regular,Muy Bajo,Baja,Bajo,Desfavorables,Regular,0.0,1422.8161537239332,34.76445833394541
2024-06-20,13.295350394078573,1.0872980306139963,70.84918973599386,12.921453652337886,9.064335446510599,NW,1010.1197430827611,22.368293174579048,49.10798801569875,7.191324212346284,12.208052363464578,2.659156489090985,2024,6,172,Invierno,0.7703418447054348,20,3,Thursday,June,Frío,Lluvia moderada,Brisa ligera,23.186000442825943,61.618584157012144,15.339398809027347,3.50918568652504,79.93416208459375,0,0,Regular,Muy Bajo,Baja,Bajo,Desfavorables,Desfavorable,0.0,1422.8161537239332,34.76445833394541
2024-06-21,12.220419659579216,2.9751535639948585,77.00622487993938,0.25265378498572605,4.706412924952329,E,1008.3605037126966,16.06305321752035,77.80040000014304,7.597786611787037,9.245266095584357,5.244580149310872,2024,6,173,Invierno,2.291053444013412,21,4,Friday,June,Frío,Llovizna,Calma,23.169661681462586,60.888294424782245,14.948051639415704,2.6634973719341986,78.25176715316768,0,0,Regular,Muy Bajo,Baja,Medio,Desfavorables,Regular,0.0,1422.8161537239332,34.76445833394541
2024-06-22,20.489901975032993,11.09861745702382,94.39335430538105,0.23830361155840304,9.185928387375451,SW,1006.3579584877025,19.565334388092584,37.102698465971685,15.794259716028407,9.391284518009172,11.201295522340681,2024,6,174,Invierno,10.476357299207367,22,5,Saturday,June,Fresco,Llovizna,Brisa ligera,20.97683942632749,60.89133296756524,14.896146286783587,4.609401534509723,81.00758199164541,0,0,Bueno,Bajo,Baja,Muy Alto,Desfavorables,Bueno,5.794259716028407,1428.6104134399616,40.55871804997382
2024-06-23,16.227923399817914,5.777355755769875,79.92850132263789,3.213318320011461,6.279686535373286,E,1016.0580395131593,19.782764112716425,13.004021155287024,11.002639577793895,10.45056764404804,7.862796310107251,2024,6,175,Invierno,4.6177538716640205,23,6,Sunday,June,Fresco,Lluvia ligera,Brisa ligera,22.941184943409322,62.534558333106766,13.039671326927644,4.458035519817563,80.95540264602661,0,0,Regular,Muy Bajo,Baja,Medio,Desfavorables,Regular,1.0026395777938948,1429.6130530177554,41.56135762776772
2024-06-24,18.51025516514874,9.220910260561848,77.8992440217072,1.5171226177834911,9.060448717846,E,1006.5681834108741,1.0804144079794753,11.847702279319591,13.865582712855295,9.289344904586894,9.335358353932294,2024,6,176,Invierno,7.183019384897711,24,0,Monday,June,Fresco,Llovizna,Brisa ligera,23.139505379340072,63.61145174759614,14.202233916499765,5.419515480517979,78.2349754033446,0,0,Regular,Muy Bajo,Baja,Medio,Desfavorables,Bueno,3.8655827128552946,1433.4786357306107,45.42694034062301
2024-06-25,18.8920105071936,0.3024738266132223,58.072244955829916,0.5361103671400093,8.364515034205146,S,1030.929076552166,21.494688747928986,35.98156396720341,9.597242166903412,18.589536680580377,5.4149846498008385,2024,6,177,Invierno,0.17565334151810275,25,1,Tuesday,June,Fresco,Llovizna,Brisa ligera,20.993948574827055,63.21222148662106,15.29108722606254,5.123365482309191,77.4761795673134,0,0,Regular,Muy Bajo,Media,Bajo,Desfavorables,Bueno,0.0,1433.4786357306107,45.42694034062301
2024-06-26,25.243930027597635,9.229901319387782,90.73387893728318,0.1736619889417504,5.070874186149885,W,1009.717748512232,29.792048770332507,65.89618262169046,17.23691567349271,16.014028708209853,14.701478580417767,2024,6,178,Invierno,8.374647489164012,26,2,Wednesday,June,Templado,Llovizna,Brisa ligera,18.85262434275873,63.307890399077806,17.839970161206953,5.670244316280771,78.41180545125322,0,0,Bueno,Bajo,Baja,Muy Alto,Desfavorables,Bueno,7.23691567349271,1440.7155514041033,52.66385601411572
2024-06-27,16.35930301980352,12.39565627002837,85.2056425697938,0.17752811166588864,5.32263248192929,SW,993.5982857770192,21.238681553951743,38.981103753834475,14.377479644915944,3.9636467497751493,11.716163403951299,2024,6,179,Invierno,10.561798575620607,27,3,Thursday,June,Fresco,Llovizna,Brisa ligera,6.108698802086729,62.391571092325194,18.27767767916766,7.285724064768538,80.4627272846532,0,0,Regular,Muy Bajo,Baja,Alto,Desfavorables,Bueno,4.377479644915944,1445.0930310490191,57.04133565903167
2024-06-28,32.71744279642203,-4.297837629896133,100.0,3.7579411712005983,9.06506736326455,S,1012.758626666967,12.253750506661572,44.73079949764819,14.209802583262947,37.01528042631816,9.677268901630672,2024,6,180,Invierno,-4.519376306689896,28,4,Friday,June,Muy Caluroso,Lluvia ligera,Brisa ligera,9.613986188301602,65.60514561249991,21.20582384157378,6.246725322784111,84.48393150280013,0,0,Regular,Alto,Baja,Bajo,Desfavorables,Regular,4.209802583262947,1449.302833632282,61.251138242294616
2024-06-29,21.822278084703566,4.591122964276508,71.65139033000354,0.37289675809561873,7.336660714134495,N,1012.4157321614496,21.899769396923322,15.091457945654902,13.206700524490037,17.231155120427058,9.538370167422789,2024,6,181,Invierno,3.2896034356641897,29,5,Saturday,June,Fresco,Llovizna,Brisa ligera,9.748579334838817,64.92069043636421,21.39616328581243,5.3170832523916385,81.23507950631763,0,0,Regular,Bajo,Baja,Bajo,Desfavorables,Bueno,3.206700524490037,1452.5095341567721,64.45783876678465
2024-06-30,8.100486474256956,6.100486474256956,78.89573144859244,0.8568243093340373,5.479155708028613,NW,1021.8937485401935,24.356883181040033,64.57794082441369,7.100486474256956,2.0,4.360908620242649,2024,6,182,Invierno,4.813023425787473,30,6,Sunday,June,Frío,Llovizna,Brisa ligera,7.3920853241613935,65.64809779273712,20.23510086787515,5.363244783604078,81.08754095288256,0,0,Regular,Muy Bajo,Baja,Bajo,Desfavorables,Regular,0.0,1452.5095341567721,64.45783876678465
2024-07-01,7.873289736684847,5.873289736684847,82.78272966718144,0.6046319411199456,5.231509430819501,SE,1015.3050098938216,21.07479909714232,11.35853572086613,6.873289736684847,2.0,4.257535021275096,2024,7,183,Invierno,4.862069565290129,1,0,Monday,July,Muy Frío,Llovizna,Brisa ligera,6.479594647497848,63.58720041178154,18.715534378094592,4.885013280193078,81.78518175937889,0,0,Regular,Muy Bajo,Baja,Bajo,Desfavorables,Regular,0.0,1452.5095341567721,0.0
2024-07-02,17.258488890730877,10.553543756295829,100.0,0.8361708766204905,7.088507456041352,E,1006.3293185324816,17.555237361419735,27.387587893209172,13.906016323513352,6.704945134435048,10.361762595492676,2024,7,184,Invierno,10.585088719682387,2,1,Tuesday,July,Fresco,Llovizna,Brisa ligera,6.779655156978329,59.012083138336,18.482174147171346,6.349451841576307,87.81756162142024,0,0,Regular,Muy Bajo,Baja,Alto,Desfavorables,Bueno,3.9060163235133523,1456.4155504802854,3.9060163235133523
2024-07-03,12.981699000226435,4.350981344652024,75.49422989673295,0.18339173801073838,12.70431438415463,SE,1010.7088650120257,16.547104645056415,55.747871551157345,8.666340172439229,8.630717655574411,2.314182980361914,2024,7,185,Invierno,3.2847398590955614,3,2,Wednesday,July,Frío,Llovizna,Brisa ligera,6.789384906047318,58.6051058228392,16.73042685754689,5.652463273756914,85.64046890134162,0,0,Regular,Muy Bajo,Baja,Medio,Desfavorables,Regular,0.0,1456.4155504802854,3.9060163235133523
2024-07-04,21.09073831124553,2.322707157006347,79.52220724416472,1.689180064252484,6.421765903364124,NW,1015.619358173208,16.52214146779916,0.0,11.70672273412594,18.768031154239182,8.495839782443877,2024,7,186,Invierno,1.8470679990696337,4,3,Thursday,July,Fresco,Llovizna,Brisa ligera,8.301036858633914,60.04532154612722,17.406346184895746,4.2134705433251955,84.8285495691089,0,0,Regular,Bajo,Baja,Medio,Desfavorables,Bueno,1.7067227341259397,1458.1222732144113,5.612739057639292
2024-07-05,21.5776988221402,6.154724040306137,87.98180258638892,0.17275491213768343,7.957941385227234,NW,995.6822859975167,22.186661406067277,44.3490287421427,13.866211431223167,15.422974781834062,9.88724073860955,2024,7,187,Invierno,5.415037154879165,5,4,Friday,July,Fresco,Llovizna,Brisa ligera,4.715850599570997,60.174923997974645,15.814954188569773,5.706693639068377,82.3752850233119,0,0,Regular,Bajo,Baja,Muy Alto,Desfavorables,Bueno,3.8662114312231672,1461.9884846456343,9.47895048886246
2024-07-06,14.76422902550173,9.451661110939565,79.60101430916122,2.6062012732416107,8.30493286306853,S,1023.7089738751237,9.55725602964223,14.02316084020547,12.107945068220648,5.312567914562166,7.955478636686383,2024,7,188,Invierno,7.523618113372429,6,5,Saturday,July,Frío,Lluvia ligera,Brisa ligera,6.94915511471699,60.62780853395085,14.806661465826652,6.4010562314488135,83.51094559176302,0,0,Regular,Muy Bajo,Baja,Medio,Desfavorables,Regular,2.1079450682206478,1464.096429713855,11.586895557083107
2024-07-07,7.601046649750126,5.601046649750126,69.84750715849016,0.701742920213008,4.606920825524171,S,1006.3506409135626,15.76876103486756,40.41373497272783,6.601046649750126,2.0,4.297586236988041,2024,7,189,Invierno,3.9121914596345926,7,6,Sunday,July,Muy Frío,Llovizna,Calma,6.794073725595961,58.72668045513208,14.735312919468535,6.329707685090696,82.21834212174839,0,0,Regular,Muy Bajo,Media,Bajo,Desfavorables,Regular,0.0,1464.096429713855,11.586895557083107
2024-07-08,3.950699067975581,1.950699067975581,80.69837471504555,1.5525945597369653,2.7115025484719144,S,1024.336350567581,27.57365893806569,31.198609807201585,2.950699067975581,2.0,1.5949477937396237,2024,7,190,Invierno,1.5741824434378353,8,0,Monday,July,Muy Frío,Llovizna,Calma,7.7420363442129805,58.098905947967914,14.17494282393864,5.7693375895607995,81.92057712858612,0,0,Regular,Muy Bajo,Baja,Bajo,Desfavorables,Regular,0.0,1464.096429713855,11.586895557083107
2024-07-09,15.137903071384429,2.3736079789335056,95.5340462253837,5.449205090804476,4.920077795792807,SE,1016.1397211290127,27.805171599463055,92.6458706337122,8.755755525158968,12.764295092450922,6.295716627262564,2024,7,191,Invierno,2.2676037438037313,9,1,Tuesday,July,Fresco,Lluvia ligera,Calma,12.355070558396966,63.10973385813825,13.872001992603431,4.600775335651897,81.23988316219531,0,0,Regular,Muy Bajo,Baja,Alto,Desfavorables,Regular,0.0,1464.096429713855,11.586895557083107
2024-07-10,18.61846576125766,5.716847393526931,62.79471443282977,1.8515925907491835,8.74123213341891,S,1018.0367530911518,9.131117473190027,30.17197027000234,12.167656577392295,12.90161836773073,7.79704051068284,2024,7,192,Invierno,3.589877995325908,10,2,Wednesday,July,Fresco,Llovizna,Brisa ligera,14.023271411135411,64.1012241499999,14.677254387036466,4.795899056919741,79.42566666735199,0,0,Regular,Muy Bajo,Media,Bajo,Desfavorables,Bueno,2.167656577392295,1466.2640862912474,13.754552134475402
2024-07-11,15.935663659973887,5.0527271488979,76.99919219655294,1.3438759171986931,8.261993173746228,NW,1022.1953874880102,11.211518332418347,86.06628432208356,10.494195404435894,10.882936511075986,6.36319881756278,2024,7,193,Invierno,3.8905590885473034,11,3,Thursday,July,Fresco,Llovizna,Brisa ligera,13.67796726408162,63.32107282060892,13.940815151140516,5.1859019129042485,79.06523594626461,0,0,Regular,Muy Bajo,Baja,Medio,Desfavorables,Bueno,0.49419540443589405,1466.7582816956833,14.248747538911296
2024-07-12,8.84423817711968,6.84423817711968,69.05681716047627,0.7950447994733568,10.107219707453195,N,1017.58505642154,16.37627652283238,54.673807279584366,7.84423817711968,2.0,2.790628323393082,2024,7,194,Invierno,4.726413044001051,12,4,Friday,July,Frío,Llovizna,Brisa ligera,14.300257151417293,62.4510344262571,12.121749344709013,5.28440393244904,76.36166659970566,0,0,Regular,Muy Bajo,Media,Bajo,Desfavorables,Regular,0.0,1466.7582816956833,14.248747538911296
2024-07-13,19.764908381807043,4.285332524932329,97.58418930227847,0.9786359329905383,8.290249684877349,S,1018.3830897305396,23.355537102686114,19.963525731756793,12.025120453369686,15.479575856874714,7.879995610931012,2024,7,195,Invierno,4.181807003362074,13,5,Saturday,July,Fresco,Llovizna,Brisa ligera,12.67269181116622,53.0473841000921,12.836132109895486,4.546356991590864,78.93069159872242,0,0,Regular,Muy Bajo,Baja,Alto,Desfavorables,Bueno,2.025120453369686,1468.783402149053,16.273867992280984
2024-07-14,19.468437453167873,4.733530649324814,54.081893982928015,1.8826058146949392,7.6713521255923895,NE,1011.684668476309,7.035153875682058,48.27027313149392,12.100984051246343,14.734906803843058,8.265307988450148,2024,7,196,Invierno,2.5599830274172506,14,6,Sunday,July,Fresco,Llovizna,Brisa ligera,13.853554705648152,54.66099736843796,14.53147365324088,4.422426134387247,76.67846114507067,0,0,Regular,Muy Bajo,Media,Bajo,Desfavorables,Bueno,2.1009840512463427,1470.8843862002993,18.374852043527326
2024-07-15,9.735657956915233,7.735657956915233,67.37560315260933,9.156760637156669,6.187963175224619,W,1015.9773494517767,17.67114819049513,32.38975634155471,8.735657956915233,2.0,5.641676369302924,2024,7,197,Invierno,5.211946206294455,15,0,Monday,July,Frío,Lluvia ligera,Brisa ligera,21.457720783067856,61.38663213890113,15.35789635166083,5.248848832807198,74.77520806472265,0,0,Regular,Muy Bajo,Baja,Bajo,Desfavorables,Regular,0.0,1470.8843862002993,18.374852043527326
2024-07-16,17.487502833246083,10.28771423504103,85.48422631869649,1.9721665568620776,10.653820369588079,SE,1008.3000174802261,15.15492506052213,46.053937268530845,13.887608534143556,7.199788598205053,8.560698349349517,2024,7,198,Invierno,8.794372919703228,16,1,Tuesday,July,Fresco,Llovizna,Brisa ligera,17.980682249125458,62.10982589283358,15.693553460498208,6.379435440822559,73.33951950662447,0,0,Regular,Muy Bajo,Baja,Alto,Desfavorables,Bueno,3.8876085341435562,1474.7719947344428,22.26246057767088
2024-07-17,16.65833029913574,0.8434907458634804,100.0,2.0164981979145593,5.242459583837849,NE,1010.2527112032963,25.9557880457114,22.152725314168336,8.75091052249961,15.814839553272261,6.129680730580686,2024,7,199,Invierno,0.8461702416055024,17,2,Wednesday,July,Fresco,Lluvia ligera,Brisa ligera,18.14558785629083,62.80752190889539,15.413534108766507,5.683241634013494,78.69994136958465,0,0,Regular,Muy Bajo,Baja,Alto,Desfavorables,Regular,0.0,1474.7719947344428,22.26246057767088
2024-07-18,11.237822321271647,9.237822321271647,77.19408818566632,2.5919039169496196,4.668801448111937,S,1028.7175603837513,7.938549156184473,82.25444083364894,10.237822321271647,2.0,7.9034215972156785,2024,7,200,Invierno,7.131052709117602,18,3,Thursday,July,Frío,Lluvia ligera,Calma,19.393615856041762,62.71775865419198,14.742413917523328,6.281112372924029,78.72778365374371,0,0,Regular,Muy Bajo,Baja,Medio,Desfavorables,Regular,0.23782232127164704,1475.0098170557144,22.50028289894253
2024-07-19,19.04796673023949,2.7247896494069828,70.79806395590018,1.6113055553530082,9.70116655216431,NW,1006.5344513195967,18.555243692961735,63.13495226991811,10.886378189823237,16.323177080832508,6.035794913741082,2024,7,201,Invierno,1.929098318650904,19,4,Friday,July,Fresco,Llovizna,Brisa ligera,20.20987661192141,62.01407798853492,16.200089425111873,5.692619726107929,78.97653319594713,0,0,Regular,Muy Bajo,Baja,Bajo,Desfavorables,Bueno,0.8863781898232368,1475.8961952455377,23.386661088765763
2024-07-20,19.273474299566317,-0.8965329677461398,100.0,0.15619801936587632,4.000528068039035,N,1014.2345370130903,15.638343375908438,40.79453920403977,9.188470665910089,20.170007267312457,7.188206631890571,2024,7,202,Invierno,-0.931795069198187,20,5,Saturday,July,Fresco,Llovizna,Calma,19.38743869829675,49.24882235556291,16.12988455622034,4.952353227153862,79.88352941428805,0,0,Regular,Muy Bajo,Baja,Alto,Desfavorables,Bueno,0.0,1475.8961952455377,23.386661088765763
2024-07-21,20.39593989875185,-0.5077942147278884,57.21964216171099,1.3472941753946837,15.244372995975894,E,1013.9077522937238,26.818793557663728,83.22786920173834,9.94407284201198,20.903734113479736,2.3218863440240334,2024,7,203,Invierno,-0.2905580325851681,21,6,Sunday,July,Fresco,Llovizna,Brisa moderada,18.852127058996494,50.34346274597186,16.26238490558948,4.203592532289191,80.33177915411419,0,0,Regular,Bajo,Media,Bajo,Desfavorables,Bueno,0.0,1475.8961952455377,23.386661088765763
2024-07-22,19.56500891251648,-0.948915012222038,42.429940510008514,8.139684293592778,8.23998014167743,SW,1010.5139642257536,21.585915878119497,41.85698110207122,9.30804695014722,20.513923924738517,5.188056879308506,2024,7,204,Invierno,-0.40262407517635074,22,0,Monday,July,Fresco,Lluvia ligera,Brisa ligera,17.8350507154326,58.244843428006234,17.6665778992468,2.9629392509838666,76.76811306231407,0,0,Regular,Muy Bajo,Baja,Bajo,Desfavorables,Regular,0.0,1475.8961952455377,23.386661088765763
2024-07-23,6.807713243775433,4.807713243775433,86.2312427602217,0.4346476745126552,9.043718348974657,W,1017.1152074925635,14.485106044453591,67.44062412152911,5.807713243775433,2.0,1.2858540692881046,2024,7,205,Invierno,4.145750878455323,23,1,Tuesday,July,Muy Frío,Llovizna,Brisa ligera,16.29753183308318,55.46617278250743,16.140893672179565,2.1800819665173528,76.87482969681766,0,0,Regular,Muy Bajo,Baja,Bajo,Desfavorables,Regular,0.0,1475.8961952455377,23.386661088765763
2024-07-24,5.3654573059717166,3.3654573059717166,72.0282797781413,2.258584366142315,5.574740526429839,SW,1017.7177767419311,23.120318659974494,40.95751468806061,4.3654573059717166,2.0,1.5780870427567972,2024,7,206,Invierno,2.424081004159205,24,2,Wednesday,July,Muy Frío,Lluvia ligera,Brisa ligera,16.539618001310938,56.20763453086626,14.527626101727561,2.540362903675672,72.8334885974734,0,0,Regular,Muy Bajo,Baja,Bajo,Desfavorables,Regular,0.0,1475.8961952455377,23.386661088765763
2024-07-25,18.276000772359822,13.494403847571482,60.837907384619086,0.5390713874815819,7.054205467275361,S,1005.5934465348193,15.667026880148558,49.847189870264465,15.885202309965653,4.7815969247883405,12.358099576327973,2024,7,207,Invierno,8.209712914892012,25,3,Thursday,July,Fresco,Llovizna,Brisa ligera,14.486785471842898,56.21059555120783,15.53308016616873,3.1484459788613632,70.49689134018094,0,0,Bueno,Muy Bajo,Media,Bajo,Desfavorables,Bueno,5.885202309965653,1481.7813975555034,29.27186339873142
2024-07-26,19.386422428926238,8.911119580354596,86.51098243048158,1.2866527086480857,6.719728649352938,W,1013.8108536923725,23.995978267438524,37.96403047643051,14.148771004640416,10.475302848571642,10.788906679963947,2024,7,208,Invierno,7.709097094519768,26,4,Friday,July,Fresco,Llovizna,Brisa ligera,14.162132625137977,57.32358627091416,15.581430980266836,4.032207397568165,72.74159397940686,0,0,Regular,Muy Bajo,Baja,Alto,Desfavorables,Bueno,4.148771004640416,1485.9301685601438,33.420634403371835
2024-07-27,21.210186275805718,5.152306817892841,82.07027373178899,0.17295912032152116,6.374495036994075,W,1004.3410612898211,16.57753805468653,42.382533846848425,13.18124654684928,16.057879457912875,9.993999028352242,2024,7,209,Invierno,4.228512308946281,27,5,Saturday,July,Fresco,Llovizna,Brisa ligera,14.17889372609362,57.3190172795698,15.858104119729607,4.896327366945163,69.61832410813888,0,0,Regular,Bajo,Baja,Alto,Desfavorables,Bueno,3.1812465468492803,1489.111415106993,36.601880950221116
2024-07-28,39.3766342033081,10.102707441195903,70.55504506227311,1.52013494881391,9.89888525452948,N,1019.3083889465385,24.32799947261258,44.26329650969998,24.739670822252002,29.273926762112197,19.79022819498726,2024,7,210,Invierno,7.127969787645389,28,6,Sunday,July,Muy Caluroso,Llovizna,Brisa ligera,14.351734499512846,55.08121105718311,18.56963187752336,6.412113317791418,71.52338166536204,0,0,Bueno,Extremo,Baja,Bajo,Desfavorables,Desfavorable,14.739670822252002,1503.851085929245,51.34155177247312
2024-07-29,18.041104053982018,-2.9124764607345055,59.029620164568485,2.3968202802137615,6.651271885324157,W,1014.411898482901,20.6164917307635,23.25670418779016,7.564313796623756,20.953580514716524,4.238677853961677,2024,7,211,Invierno,-1.7192237921540463,29,0,Monday,July,Fresco,Lluvia ligera,Brisa ligera,8.60887048613383,57.10513457930125,18.35193118344701,6.1316045394324945,73.89476447315633,0,0,Regular,Muy Bajo,Media,Bajo,Desfavorables,Regular,0.0,1503.851085929245,51.34155177247312
2024-07-30,22.475548594419045,3.9943650321420616,92.38525784960383,0.840687263592876,11.052503687252544,SE,1013.6586390937367,35.0,29.973283326922804,13.234956813280554,18.481183562276982,7.708704969654282,2024,7,212,Invierno,3.6902044343988547,30,1,Tuesday,July,Templado,Llovizna,Brisa ligera,9.01491007521405,57.08899753356009,20.590193376396094,6.015411937770584,74.7739094859252,0,0,Regular,Bajo,Baja,Muy Alto,Desfavorables,Bueno,3.2349568132805544,1507.0860427425257,54.57650858575367
2024-07-31,19.060834515983814,8.005172539647566,86.76198334492703,2.5838934747969744,15.989547050359471,NE,1018.2722507909792,17.682623967503975,34.58112458784571,13.53300352781569,11.055661976336248,5.538230002635955,2024,7,213,Invierno,6.945446465581693,31,2,Wednesday,July,Fresco,Lluvia ligera,Brisa moderada,9.34021918386871,59.068259067237115,22.54667583496925,6.678228399724277,76.87872428118031,0,0,Regular,Muy Bajo,Baja,Alto,Desfavorables,Regular,3.5330035278156906,1510.6190462703414,58.10951211356936
2024-08-01,17.951607632295243,3.564430239192224,77.47767718516253,3.4478552149438784,7.113376279560352,NE,1010.7959176762528,20.297173749728692,45.74277542005741,10.758018935743733,14.38717739310302,7.201330795963557,2024,8,214,Invierno,2.761637754211668,1,3,Thursday,August,Fresco,Lluvia ligera,Brisa ligera,12.249003011331006,61.67994340556051,22.500333957817165,5.2596607413843826,79.25583425268651,0,0,Regular,Muy Bajo,Baja,Medio,Desfavorables,Regular,0.758018935743733,1511.377065206085,0.758018935743733
2024-08-02,12.699172892739778,10.699172892739778,100.0,5.665301644589496,8.456946540729872,NE,1020.3121756737456,15.123451549704413,39.23552451241332,11.699172892739778,2.0,7.470699622374842,2024,8,215,Invierno,11.36548869843081,2,4,Friday,August,Frío,Lluvia ligera,Brisa ligera,16.62765194727242,67.16185331213927,21.54501259550482,5.5150969288679805,82.07251275155484,0,0,Regular,Muy Bajo,Baja,Medio,Desfavorables,Regular,1.699172892739778,1513.076238098825,2.457191828483511
2024-08-03,19.218493737665757,8.915896013709547,60.4802334895454,0.624248581016218,9.138446171496522,SE,1005.4124410179509,18.016112044528672,69.32581334564267,14.067194875687651,10.30259772395621,9.49797178993939,2024,8,216,Invierno,5.392354726776605,3,5,Saturday,August,Fresco,Llovizna,Brisa ligera,17.078941407967115,66.096921828903,21.26048509005625,6.052752528270367,78.98822128837719,0,0,Regular,Muy Bajo,Media,Bajo,Desfavorables,Bueno,4.067194875687651,1517.1434329745125,6.524386704171162
2024-08-04,12.210599623990555,5.367014449824513,56.42960497313685,1.02944125512499,13.43451443778055,SW,1024.2950121511562,1.7889891951033547,61.17795797449102,8.788807036907535,6.8435851741660425,2.0715498180172602,2024,8,217,Invierno,3.0285850528871467,4,6,Sunday,August,Frío,Llovizna,Brisa ligera,16.588247714278193,66.95360817189031,17.379623007296605,5.376224958074453,76.97030127564344,0,0,Regular,Muy Bajo,Media,Bajo,Desfavorables,Regular,0.0,1517.1434329745125,6.524386704171162
2024-08-05,14.995766667691058,7.0129466736483455,68.93880199362691,0.3895270029384965,7.752056644885434,N,1008.5927105395612,20.793504099246192,35.09181109936569,11.0043566706697,7.982819994042712,7.128328348226984,2024,8,218,Invierno,4.8346414212650775,5,0,Monday,August,Frío,Llovizna,Brisa ligera,14.580954437002928,64.7369339015872,16.944574809255037,6.7941425487005755,78.38589867979464,0,0,Regular,Muy Bajo,Media,Bajo,Desfavorables,Regular,1.0043566706697007,1518.1477896451822,7.528743374840863
2024-08-06,15.163995720657951,13.163995720657951,75.59440522364434,8.154650754171564,5.512949241024912,W,999.4305674584353,26.05724527769647,74.54459743629849,14.163995720657951,2.0,11.407521100145495,2024,8,219,Invierno,9.951244268697373,6,1,Tuesday,August,Fresco,Lluvia ligera,Brisa ligera,21.894917927581616,72.18984173554574,15.900067255860593,8.104089789917131,75.98720544751471,0,0,Regular,Muy Bajo,Baja,Medio,Desfavorables,Regular,4.163995720657951,1522.3117853658403,11.692739095498814
2024-08-07,16.229457860430344,9.300987609539453,80.96305947536614,4.7136472507354545,4.200978483122888,SE,1010.3717207322982,20.379780027596127,86.82551558938643,12.7652227349849,6.928470250890891,10.664733493423455,2024,8,220,Invierno,7.530364130107863,7,2,Wednesday,August,Fresco,Lluvia ligera,Calma,24.0246717035201,75.35089442654424,15.49558487649581,8.289206228473114,75.15878775186316,0,0,Regular,Muy Bajo,Baja,Alto,Desfavorables,Regular,2.7652227349848992,1525.0770081008252,14.457961830483713
2024-08-08,29.671949912147113,8.335033199014433,73.75149046189728,1.611962657881351,7.826048157703298,NE,1009.4642544219663,10.116831252135736,0.0,19.003491555580773,21.33691671313268,15.090467476729124,2024,8,221,Invierno,6.1472112147671005,8,3,Thursday,August,Caluroso,Llovizna,Brisa ligera,22.18877914645757,71.51365199362112,17.169919487903222,8.970720937019143,74.62647536282527,0,0,Óptimo,Medio,Baja,Bajo,Desfavorables,Bueno,9.003491555580773,1534.080499656406,23.461453386064484
2024-08-09,5.054899360354549,2.009781322621291,82.62073326010467,4.126387841539499,6.654859342838353,S,1010.3114081107997,13.189277083745992,63.30725212665698,3.5323403414879198,3.045118037733258,0.20491067006874308,2024,8,222,Invierno,1.6604960656743404,9,4,Friday,August,Muy Frío,Lluvia ligera,Brisa ligera,20.649865343407573,73.78844724441143,16.077880411848188,7.729379284145075,71.25404698247452,0,0,Regular,Muy Bajo,Baja,Bajo,Desfavorables,Regular,0.0,1534.080499656406,23.461453386064484
2024-08-10,20.40174089242641,0.1178378595144558,60.493120983128925,1.9680256288757152,14.030027867900005,E,1014.8531841238719,3.418847237062378,22.67539506671252,10.259789375970433,20.283903032911955,3.2447754420204307,2024,8,223,Invierno,0.07128379892000924,10,5,Saturday,August,Fresco,Llovizna,Brisa ligera,21.99364239126707,74.41259695608845,16.24691571967114,6.472513833545776,71.25588805298645,0,0,Regular,Bajo,Media,Bajo,Desfavorables,Bueno,0.25978937597043306,1534.3402890323764,23.72124276203492
2024-08-11,7.021668874998761,5.021668874998761,96.88678437950878,1.8879276555903088,13.309587262030899,W,1021.7827388871062,23.873544041192545,60.01870053308248,6.021668874998761,2.0,-0.6331247560166888,2024,8,224,Invierno,4.865333495172954,11,6,Sunday,August,Muy Frío,Llovizna,Brisa ligera,22.852128791732387,75.50547981220541,15.505639898386596,6.4231787514278125,77.03548511103956,0,0,Regular,Muy Bajo,Baja,Bajo,Desfavorables,Regular,0.0,1534.3402890323764,23.72124276203492
2024-08-12,12.362026383742357,2.1710110665962485,75.32559102202262,0.2329650236121479,4.896881516229206,SE,1011.4663526888229,11.960920243742517,70.9559485161608,7.266518725169303,10.191015317146109,4.8180779670547,2024,8,225,Invierno,1.6353269170671414,12,0,Monday,August,Frío,Llovizna,Calma,22.69556681240604,74.759808902827,15.129391286393925,5.731473664706084,77.94788354366754,0,0,Regular,Muy Bajo,Baja,Medio,Desfavorables,Regular,0.0,1534.3402890323764,23.72124276203492
2024-08-13,21.44952373220345,7.233189195228668,93.64151228642538,2.2549388020938204,5.867719689352464,NW,1007.4670594414488,17.82774845872663,18.0751851372362,14.341356463716059,14.216334536974781,11.407496619039826,2024,8,226,Invierno,6.773267748950446,13,1,Tuesday,August,Fresco,Lluvia ligera,Brisa ligera,16.795854860328298,75.1321418902259,16.027323859471853,4.884215589644758,80.5260416954934,0,0,Regular,Bajo,Baja,Muy Alto,Desfavorables,Regular,4.341356463716059,1538.6816454960924,28.06259922575098
2024-08-14,15.024148617261641,5.683248733853581,80.66790662544639,0.3599698806295494,8.221310323660658,SE,1003.9876255017297,17.07757456603668,0.0,10.353698675557611,9.34089988340806,6.243043513727282,2024,8,227,Invierno,4.584557781916872,14,2,Wednesday,August,Fresco,Llovizna,Brisa ligera,12.442177490222392,66.33535113369878,15.855136824733467,4.367395750261061,80.48387700264773,0,0,Regular,Muy Bajo,Baja,Alto,Desfavorables,Bueno,0.35369867555761125,1539.03534417165,28.41629790130859
2024-08-15,4.237243360917189,2.237243360917189,85.96243885019182,3.3891595301451725,12.191679267676289,N,1009.2545376695276,26.9263622139496,60.885852205396624,3.237243360917189,2.0,-2.8585962729209555,2024,8,228,Invierno,1.9231889560584146,15,3,Thursday,August,Muy Frío,Lluvia ligera,Brisa ligera,14.219374362486214,67.75234410698187,12.22160731741491,3.496282916247169,82.2282982009755,0,0,Regular,Muy Bajo,Baja,Bajo,Desfavorables,Regular,0.0,1539.03534417165,28.41629790130859
2024-08-16,5.939713191292899,3.939713191292899,87.16043220659066,4.039160957629662,8.171039409113154,N,997.8974012859971,18.511687907794432,43.385062062090284,4.939713191292899,2.0,0.8541934867363219,2024,8,229,Invierno,3.4338710452309567,16,4,Friday,August,Muy Frío,Lluvia ligera,Brisa ligera,14.132147478576375,69.77500686669697,12.348009293263244,3.771987468914542,82.87682662190208,0,0,Regular,Muy Bajo,Baja,Bajo,Desfavorables,Regular,0.0,1539.03534417165,28.41629790130859
2024-08-17,18.276430857221623,8.626705518216244,82.92650165199709,2.429170148827463,6.058278086035861,SE,1007.1989352518691,22.85335752063606,0.0,13.451568187718934,9.649725339005379,10.422429144701002,2024,8,230,Invierno,7.153825094076518,17,5,Saturday,August,Fresco,Lluvia ligera,Brisa ligera,14.593291998528123,69.61227309857482,12.044393573948273,4.9875399915862255,86.08159528888325,0,0,Regular,Muy Bajo,Baja,Alto,Desfavorables,Regular,3.4515681877189337,1542.486912359369,31.867866089027522
2024-08-18,13.605162231228663,3.7048496158399917,85.81333878638362,0.09035230141882883,7.823354570291826,NE,1022.9524311668974,21.278782584885974,100.0,8.655005923534327,9.900312615388671,4.743328638388414,2024,8,231,Invierno,3.179255152366804,18,6,Sunday,August,Frío,Llovizna,Brisa ligera,12.795716644356643,68.09131984464064,12.984892624838261,4.799422954563545,84.49967448986537,0,0,Regular,Muy Bajo,Baja,Medio,Desfavorables,Regular,0.0,1542.486912359369,31.867866089027522
2024-08-19,17.745093880438688,4.354410618553555,96.10047114392034,0.6246645774112496,6.1145454083118596,E,1006.4131263633726,26.156468519768396,55.6104853064138,11.049752249496121,13.390683261885133,7.992479545340192,2024,8,232,Invierno,4.184609119970862,19,0,Monday,August,Fresco,Llovizna,Brisa ligera,13.187416198155745,68.559786402686,13.753902267223449,5.111337176271731,87.46751450727933,0,0,Regular,Muy Bajo,Baja,Alto,Desfavorables,Bueno,1.0497522494961213,1543.536664608865,32.917618338523646
2024-08-20,15.935573056681173,3.767607460488723,78.35363866784063,0.7173792125687936,9.807431628318447,W,1018.0297268864024,16.565257832982248,56.75250100312881,9.851590258584949,12.16796559619245,4.947874444425725,2024,8,233,Invierno,2.9520575360139407,20,1,Tuesday,August,Fresco,Llovizna,Brisa ligera,11.649856608630717,67.92987143986012,12.966195027863124,4.616254071308882,85.28353256176722,0,0,Regular,Muy Bajo,Baja,Medio,Desfavorables,Bueno,0.0,1543.536664608865,32.917618338523646
2024-08-21,10.222917329290423,0.898806167151486,89.71041686720672,1.082234805769864,5.872898865005885,N,1003.1881432815321,29.217691983027102,74.14544381405122,5.560861748220955,9.324111162138937,2.624412315718012,2024,8,234,Invierno,0.806322759379761,21,2,Wednesday,August,Frío,Llovizna,Brisa ligera,12.372121533771033,60.87242195203721,12.280304843867237,3.9327622760657257,86.57531973916154,0,0,Regular,Muy Bajo,Baja,Medio,Desfavorables,Regular,0.0,1543.536664608865,32.917618338523646
2024-08-22,29.528180025330656,6.8862668456573015,73.81257704477176,0.22067839221117747,6.4686918427191,W,1027.1687671944844,6.08602706160411,25.47940117883745,18.20722343549398,22.641913179673352,14.97287751413443,2024,8,235,Invierno,5.08293102095937,22,3,Thursday,August,Caluroso,Llovizna,Brisa ligera,9.203640395837038,60.65845266973573,15.893295795926303,4.596908488171456,84.83962519553013,0,0,Óptimo,Medio,Baja,Bajo,Desfavorables,Bueno,8.20722343549398,1551.743888044359,41.124841774017625
2024-08-23,18.94281725009856,10.124182363032856,98.20538085404189,7.102474194619537,11.485801440368288,NE,1027.7008538645177,23.144840988007417,43.26135280221692,14.533499806565708,8.818634887065704,8.790599086381564,2024,8,236,Invierno,9.942491847974155,23,4,Friday,August,Fresco,Lluvia ligera,Brisa ligera,12.266953632826914,65.50234249821295,17.750882090041397,5.480404084134307,86.41747500230886,0,0,Regular,Muy Bajo,Baja,Alto,Desfavorables,Regular,4.5334998065657075,1556.2773878509247,45.65834158058333
2024-08-24,3.7662302377861785,1.7662302377861785,69.28662810232046,2.0489554144563846,5.694905158057784,W,1017.728172452479,12.800282348015207,7.016952155505926,2.7662302377861785,2.0,-0.08122234124271355,2024,8,237,Invierno,1.22376137628564,24,5,Saturday,August,Muy Frío,Lluvia ligera,Brisa ligera,11.886738898455835,67.01222652518776,15.677996287264904,4.500336186930012,84.46892163806933,0,0,Regular,Muy Bajo,Media,Bajo,Desfavorables,Regular,0.0,1556.2773878509247,45.65834158058333
2024-08-25,16.156619306365602,7.429425782691667,100.0,0.7002070504814282,3.6616159023195136,S,1028.930020813148,15.043502683320284,24.801288817870386,11.793022544528634,8.727193523673936,9.962214593368877,2024,8,238,Invierno,7.777673512167428,25,6,Sunday,August,Fresco,Llovizna,Calma,12.496593647518434,66.42578086702109,16.04249015514161,5.032418496480251,87.16521768416308,0,0,Regular,Muy Bajo,Baja,Alto,Desfavorables,Bueno,1.7930225445286343,1558.0704103954533,47.451364125111965
2024-08-26,12.601528391475568,10.601528391475568,75.00702824924177,1.3883658904900797,8.284981254068914,N,1015.8463437994213,21.41648560140621,49.64150001173094,11.601528391475568,2.0,7.459037764441112,2024,8,239,Invierno,7.951891395445466,26,0,Monday,August,Frío,Llovizna,Brisa ligera,13.260294960597266,67.64118763718965,15.307695085289737,5.924863892611968,84.151868699209,0,0,Regular,Muy Bajo,Baja,Medio,Desfavorables,Regular,1.6015283914755685,1559.6719387869289,49.052892516587534
2024-08-27,19.403127146426897,10.332063083967768,53.845499114528444,1.2529755268091889,6.9185797873862125,NE,1019.1481369131965,21.368412299086458,0.0,14.867595115197332,9.07106406245913,11.408305221504225,2024,8,240,Invierno,5.563350936390384,27,1,Tuesday,August,Fresco,Llovizna,Brisa ligera,13.795891274837661,67.37402821518494,15.803059955253413,6.862643267394688,80.6507059058787,0,0,Regular,Muy Bajo,Media,Bajo,Desfavorables,Bueno,4.867595115197332,1564.539533902126,53.920487631784866
2024-08-28,10.925388835302305,8.925388835302305,81.80904751470631,1.9515413293420656,9.53424650278986,NE,1023.0954710138523,21.638568082140427,24.092761358047973,9.925388835302305,2.0,5.158265583907375,2024,8,241,Invierno,7.301775593144756,28,2,Wednesday,August,Frío,Llovizna,Brisa ligera,14.665197798409862,66.92874926431324,15.903413027540823,8.009297934273377,79.5219388555215,0,0,Regular,Muy Bajo,Baja,Medio,Desfavorables,Regular,0.0,1564.539533902126,53.920487631784866
2024-08-29,17.805972559785467,1.6795849642113092,68.98421394089851,1.6272444651254199,8.95241580419327,E,1014.4377476247876,9.683052335368572,16.801651001556984,9.742778761998387,16.12638759557416,5.266570859901752,2024,8,242,Invierno,1.1586484850306933,29,3,Thursday,August,Fresco,Llovizna,Brisa ligera,16.071763871324105,67.71530646584577,14.228811961034369,7.265486236923949,78.83217269782533,0,0,Regular,Muy Bajo,Media,Bajo,Desfavorables,Bueno,0.0,1564.539533902126,53.920487631784866
2024-08-30,17.44104785788502,-1.5158608624520848,89.18279777950686,7.032056218806072,7.904244516069914,E,1000.5809803073195,26.694181387675442,43.55230614050863,7.962593497716468,18.956908720337104,4.010471239681511,2024,8,243,Invierno,-1.3518871275793314,30,4,Friday,August,Fresco,Lluvia ligera,Brisa ligera,16.00134589551064,72.16346920985488,14.014273476432434,5.60262291899753,77.54323225860604,0,0,Regular,Muy Bajo,Baja,Alto,Desfavorables,Regular,0.0,1564.539533902126,53.920487631784866
2024-08-31,23.146080179802638,-2.932800654073377,68.80030376516464,1.854441461228858,7.816869723590013,S,1019.3117068418752,12.596117290633945,54.36753154163372,10.106639762864631,26.078880833876013,6.198204901069625,2024,8,244,Invierno,-2.017775758829219,31,5,Saturday,August,Templado,Llovizna,Brisa ligera,15.806831942283111,70.57005545613985,16.78282346814907,4.931332791589021,77.47375735329805,0,0,Regular,Bajo,Media,Bajo,Desfavorables,Bueno,0.1066397628646314,1564.6461736649908,54.0271273946495
2024-09-01,16.257611973993196,14.257611973993196,58.307248501778304,2.7093085971903985,5.792424652031495,NE,1009.2251232445323,13.396277458648806,58.553820109411426,15.257611973993196,2.0,12.361399647977448,2024,9,245,Primavera,8.313221244095512,1,6,Sunday,September,Fresco,Lluvia ligera,Brisa ligera,17.815933488992084,67.61406240874076,16.797250992095872,5.906787961774954,70.84801983797497,0,0,Bueno,Muy Bajo,Media,Bajo,Desfavorables,Regular,5.257611973993196,1569.903785638984,5.257611973993196
2024-09-02,20.900651221962455,12.61746262541623,36.65688903581703,1.5505249187611523,8.25004121297973,SW,1009.8197614323564,21.82738042900097,64.97041611945377,16.759056923689343,8.283188596546225,12.634036317199477,2024,9,246,Primavera,4.625169273734514,2,0,Monday,September,Fresco,Llovizna,Brisa ligera,17.978092517263157,68.54033874648569,17.98283996787971,6.1947785666236195,65.36942852177144,0,0,Bueno,Bajo,Alta,Bajo,Desfavorables,Bueno,6.759056923689343,1576.6628425626732,12.016668897682539
2024-09-03,18.859539266883672,9.777661316358179,58.21540521126385,0.11173776545591009,10.643854344298305,NE,1015.3831593318296,16.279672951432556,74.30292116430928,14.318600291620925,9.081877950525493,8.996673119471772,2024,9,247,Primavera,5.692105155502909,3,1,Tuesday,September,Fresco,Llovizna,Brisa ligera,16.836854755909876,67.62263525681661,17.905184556516392,6.115578314107965,65.99370082130507,0,0,Regular,Muy Bajo,Media,Bajo,Desfavorables,Bueno,4.318600291620925,1580.981442854294,16.335269189303464
2024-09-04,18.286087930452894,11.119874505279281,28.64181010056565,1.3842676756227086,5.079659775801572,E,1017.530247037739,19.84956504337495,55.18113634208515,14.702981217866087,7.166213425173613,12.163151329965302,2024,9,248,Primavera,3.184933339223306,4,2,Wednesday,September,Fresco,Llovizna,Brisa ligera,16.269581102190518,68.61737592950082,18.956712998680764,6.429076266961817,58.39838119071355,0,0,Regular,Muy Bajo,Alta,Bajo,Desfavorables,Bueno,4.702981217866087,1585.6844240721603,21.03825040716955
2024-09-05,30.818188576252187,5.498043810806494,41.24145764771415,0.05749089866987522,7.983807870915396,SW,1014.2010770720498,5.060395820203272,87.18339747236038,18.15811619352934,25.320144765445693,14.166212258071644,2024,9,249,Primavera,2.267473409686529,5,3,Thursday,September,Caluroso,Llovizna,Brisa ligera,14.699827535734975,60.52021607399914,20.81560100103315,6.974570387903987,54.43513029168721,0,0,Óptimo,Medio,Alta,Bajo,Desfavorables,Regular,8.158116193529342,1593.8425402656896,29.196366600698894
2024-09-06,25.439116699910063,19.783007918467305,76.40621984216446,0.693988641879773,11.115166267203834,N,1018.0858362892585,19.70594669711539,42.98756303161705,22.611062309188682,5.656108781442757,17.053479175586766,2024,9,250,Primavera,15.115448521576932,6,4,Friday,September,Templado,Llovizna,Brisa ligera,8.361759958808676,56.50055746514345,21.958182264179587,10.017265928035329,52.60990487206686,0,0,Óptimo,Bajo,Baja,Medio,Desfavorables,Bueno,12.611062309188682,1606.4536025748782,41.80742890988758
2024-09-07,16.693579647279257,10.51688472790091,76.78700237976248,0.40702706637641295,9.516272279650098,N,1007.3451429275184,19.30699127707329,35.666971143736305,13.605232187590083,6.176694919378347,8.847096047765035,2024,9,251,Primavera,8.075600526290149,7,5,Saturday,September,Fresco,Llovizna,Brisa ligera,6.914345563956231,55.29562187363852,21.036396473819103,11.938649554031656,53.750861817009415,0,0,Regular,Muy Bajo,Baja,Medio,Desfavorables,Bueno,3.605232187590083,1610.0588347624682,45.41266109747766
2024-09-08,28.560694480227703,10.437579178419572,71.38186342677447,1.4347645434143863,11.928418689052139,W,1012.6583696422138,14.9408487734143,55.182684084001,19.49913682932364,18.12311530180813,13.53492748479757,2024,9,252,Primavera,7.4505385142009075,8,6,Sunday,September,Caluroso,Llovizna,Brisa ligera,5.639801510180218,52.6039985755134,22.79397968899546,11.392930583235424,55.618663949151724,0,0,Óptimo,Medio,Baja,Bajo,Desfavorables,Bueno,9.49913682932364,1619.5579715917918,54.9117979268013
2024-09-09,35.97587453650151,12.903066495594768,50.495357853061805,1.8064651192211543,6.295573010496996,SE,1019.792683603607,5.555544241411262,34.58972062518528,24.43947051604814,23.07280804090674,21.291684010799642,2024,9,253,Primavera,6.5154496009691,9,0,Monday,September,Muy Caluroso,Llovizna,Brisa ligera,5.8957417106402215,52.44243806585884,24.947583019643897,11.433731136118071,57.595588065900984,0,0,Bueno,Extremo,Media,Bajo,Desfavorables,Desfavorable,14.43947051604814,1633.99744210784,69.35126844284943
2024-09-10,31.33131230859698,11.924036926946853,64.2843296578703,1.2993528093799276,2.5076946548154018,E,1027.1823294114938,16.723150431110373,86.31411821937624,21.627674617771916,19.40727538165013,20.373827290364215,2024,9,254,Primavera,7.6652872066447015,10,1,Tuesday,September,Caluroso,Llovizna,Calma,7.083356754564238,51.85386321964847,26.7292648827458,11.740356223345026,58.462577272559045,0,0,Óptimo,Medio,Media,Bajo,Desfavorables,Regular,11.627674617771916,1645.6251167256119,80.97894306062135
2024-09-11,12.620071910296916,10.620071910296916,64.94596191364147,0.7941207087221642,8.601955411867062,SE,1030.0114847117857,17.775756841208324,68.27458682838031,11.620071910296916,2.0,7.3190942043633855,2024,9,255,Primavera,6.897307858062772,11,2,Wednesday,September,Frío,Llovizna,Brisa ligera,6.493209787663694,52.415018904758476,25.919834022723517,11.668955852633259,63.648884674427016,0,0,Regular,Muy Bajo,Media,Bajo,Desfavorables,Regular,1.6200719102969163,1647.2451886359088,82.59901497091826
2024-09-12,21.34890909574113,6.838102178218753,47.624529662111854,0.2785853277123538,9.087712445079456,SW,1016.4638134618218,15.79662605801703,58.75695360498786,14.093505636979941,14.510806917522379,9.549649414440214,2024,9,256,Primavera,3.2566140001913064,12,3,Thursday,September,Fresco,Llovizna,Brisa ligera,6.714304216706172,50.438665430377014,24.567079811221937,11.860392762263581,64.56075210505527,0,0,Regular,Bajo,Alta,Bajo,Desfavorables,Bueno,4.093505636979941,1651.3386942728887,86.69252060789822
2024-09-13,30.40067189825111,11.885873428543983,87.55097452650726,0.0531833813081905,12.105265863418026,E,1019.7200786139649,6.982953213405013,43.28548360103377,21.143272663397546,18.51479846970713,15.090639731688533,2024,9,257,Primavera,10.406198017677438,13,4,Friday,September,Caluroso,Llovizna,Brisa ligera,6.073498956134589,50.13187893105565,25.27587341098494,10.732230692274536,66.15285991710424,0,0,Óptimo,Medio,Baja,Medio,Desfavorables,Regular,11.143272663397546,1662.4819669362862,97.83579327129576
2024-09-14,17.961614311483004,15.961614311483004,78.16043435863507,0.32229488397937867,11.564437204120953,S,1028.8526333185216,27.568404043901495,29.813070714628427,16.961614311483004,2.0,11.179395709422527,2024,9,258,Primavera,12.475667076505173,14,5,Saturday,September,Fresco,Llovizna,Brisa ligera,5.988766773737555,47.06501428488986,25.457021220156907,11.510049204214836,66.3490644855146,0,0,Bueno,Muy Bajo,Baja,Medio,Desfavorables,Bueno,6.961614311483004,1669.443581247769,104.79740758277876
2024-09-15,26.001971020010348,15.38168018461991,61.68553739255504,0.16088272507331614,9.610230869037384,NE,1007.6333117061321,14.166830832333762,57.53312511419399,20.691825602315127,10.620290835390438,15.886710167796435,2024,9,259,Primavera,9.488272081886944,15,6,Sunday,September,Templado,Llovizna,Brisa ligera,4.714884955396485,43.186736052333515,25.091489297268712,12.21634934795774,64.96387505205469,0,0,Óptimo,Bajo,Media,Bajo,Desfavorables,Bueno,10.691825602315127,1680.135406850084,115.4892331850939
2024-09-16,27.02567648331931,16.37274650655759,65.40328758491796,1.107092206141095,10.296170642511301,S,1018.0375988217006,16.666772022462595,11.822563703826027,21.69921149493845,10.652929976761719,16.5511261736828,2024,9,260,Primavera,10.708314483233469,16,0,Monday,September,Templado,Llovizna,Brisa ligera,4.015512042316426,41.864658109647145,23.812889575385544,12.71201792095243,67.0935792994627,0,0,Óptimo,Bajo,Media,Bajo,Desfavorables,Bueno,11.69921149493845,1691.8346183450226,127.18844468003233
2024-09-17,16.88472942850184,7.955137294275259,68.12574211921329,0.2198523478904794,7.4245356253800825,SW,1019.1467435958891,3.543154072690257,78.35908833602551,12.419933361388548,8.92959213422658,8.707665548698508,2024,9,261,Primavera,5.419496318327324,17,1,Tuesday,September,Fresco,Llovizna,Brisa ligera,2.9360115808269778,41.9941581561188,21.749092021086238,12.145032259142202,67.642352508226,0,0,Regular,Muy Bajo,Media,Bajo,Desfavorables,Bueno,2.419933361388548,1694.2545517064111,129.60837804142088
2024-09-18,23.544399120203963,6.041580718965676,34.37397697363564,3.259190843456823,4.34265616604235,E,1024.582891488614,27.569132092189243,35.55908236536566,14.79298991958482,17.502818401238287,12.621661836563645,2024,9,262,Primavera,2.0767315651808724,18,2,Wednesday,September,Templado,Lluvia ligera,Calma,5.401081715561636,44.62868442216437,23.3097101939301,11.490962088952026,63.274926088225165,0,0,Regular,Bajo,Media,Bajo,Desfavorables,Regular,4.792989919584819,1699.047541625996,134.4013679610057
2024-09-19,4.612543664788223,2.612543664788223,61.29233926219105,0.47618266714998475,8.353163652142731,NW,1003.9028689557102,15.200700409595663,47.62766833101823,3.612543664788223,2.0,-0.5640381612831424,2024,9,263,Primavera,1.6012891263948772,19,3,Thursday,September,Muy Frío,Llovizna,Brisa ligera,5.598679054999267,44.38748787674556,20.918800846651113,10.887310872747662,65.2274703168079,0,0,Regular,Muy Bajo,Media,Bajo,Desfavorables,Regular,0.0,1699.047541625996,134.4013679610057
2024-09-20,16.887399543756388,10.222899649154778,54.77023628003302,1.4941360621432658,10.947720390883331,SW,1005.4847537295958,18.590776902445214,17.25997309516778,13.555149596455582,6.66449989460161,8.081289401013915,2024,9,264,Primavera,5.5991062925127375,20,4,Friday,September,Fresco,Llovizna,Brisa ligera,7.039631735834343,44.79938913311896,18.98833336743758,10.649743189977778,60.54450771016872,0,0,Regular,Muy Bajo,Media,Bajo,Desfavorables,Bueno,3.555149596455582,1702.6026912224515,137.9565175574613
2024-09-21,23.367673344710774,14.376766073883793,49.975699851576266,0.09732257835425112,9.969082609485646,NW,1013.1710576888377,24.724424668899907,58.074656577980534,18.872219709297283,8.99090727082698,13.88767840455446,2024,9,265,Primavera,7.18488946144741,21,5,Saturday,September,Templado,Llovizna,Brisa ligera,6.814659430209215,44.67603331926203,19.760627515041552,10.423336298892176,56.51811706630318,0,0,Óptimo,Bajo,Alta,Bajo,Desfavorables,Bueno,8.872219709297283,1711.4749109317488,146.82873726675857
2024-09-22,15.081299303959964,3.2301414811407225,60.78349560671067,1.322587645274255,10.501422017478093,NE,1016.0218212985731,13.942174771700245,28.656459679041784,9.155720392550343,11.851157822819243,3.9050093838112963,2024,9,266,Primavera,1.96339290527971,22,6,Sunday,September,Fresco,Llovizna,Brisa ligera,7.9763643504101545,38.896146769916754,18.20053155560578,8.687402198395148,56.3892539540397,0,0,Regular,Muy Bajo,Media,Bajo,Desfavorables,Bueno,0.0,1711.4749109317488,146.82873726675857
2024-09-23,35.12822435729538,16.118201277842456,91.96529790274283,2.125627013542538,6.716732938859744,N,1021.9829116298705,23.779469924319265,56.230719757627455,25.62321281756892,19.010023079452925,22.26484634813905,2024,9,267,Primavera,14.823151821731518,23,0,Monday,September,Muy Caluroso,Lluvia ligera,Brisa ligera,8.994899157811597,38.97281836900291,19.35803839474522,8.651038594292986,60.1838268565861,0,0,Bueno,Extremo,Baja,Bajo,Desfavorables,Desfavorable,15.62321281756892,1727.0981237493177,162.45195008432748
2024-09-24,15.853691940953206,9.367968405684042,74.61264291900514,0.435380899935011,7.203359485944729,N,1017.1403502064982,5.632047264353149,58.93483672443473,12.610830173318625,6.485723535269164,9.00915043034626,2024,9,268,Primavera,6.989688815298253,24,1,Tuesday,September,Fresco,Llovizna,Brisa ligera,9.210427709856127,38.70799221845649,19.210747325095415,8.852871610208526,61.11052697084209,0,0,Regular,Muy Bajo,Baja,Bajo,Desfavorables,Bueno,2.610830173318625,1729.7089539226363,165.06278025764612
2024-09-25,21.743713570990117,8.29247572021032,56.432315153258045,0.6500291331687776,9.45027646434381,SW,1011.7886941591178,21.30591994542788,23.809197160286487,15.018094645600218,13.451237850779798,10.292956413428314,2024,9,269,Primavera,4.679636032436493,25,2,Wednesday,September,Fresco,Llovizna,Brisa ligera,6.601265999568083,37.96965546113519,18.95350653235058,9.17442803895776,64.26171813935957,0,0,Bueno,Bajo,Media,Bajo,Desfavorables,Bueno,5.018094645600218,1734.7270485682366,170.08087490324633
2024-09-26,24.503794913007383,5.95158249895933,73.58874172034238,1.1435226423408111,6.360477816473736,SE,1016.3316915580491,27.433452999117918,11.911771977150131,15.227688705983356,18.552212414048054,12.047449797746488,2024,9,270,Primavera,4.37969467343228,26,3,Thursday,September,Templado,Llovizna,Brisa ligera,7.268605974758909,37.86020257666681,21.795113853524747,9.65143358669649,66.01834706195261,0,0,Bueno,Bajo,Baja,Bajo,Desfavorables,Bueno,5.227688705983356,1739.95473727422,175.30856360922968
2024-09-27,32.189938503702436,3.3805733125369226,85.99033154879004,0.1763180873956454,6.452848790200993,E,1015.4083558101956,14.517498916691821,78.29749791361363,17.78525590811968,28.80936519116551,14.558831513019184,2024,9,271,Primavera,2.9069661997004137,27,4,Friday,September,Muy Caluroso,Llovizna,Brisa ligera,5.950788000011289,36.084979334720394,23.981190847802754,8.673958395751082,70.47836067177505,0,0,Bueno,Alto,Baja,Bajo,Desfavorables,Regular,7.78525590811968,1747.7399931823397,183.09381951734937
2024-09-28,14.632638372437889,12.632638372437889,78.86950524369153,0.5418662194049976,8.893946709132354,E,1026.9601314399024,24.713289721790392,35.192524149272955,13.632638372437889,2.0,9.185665017871711,2024,9,272,Primavera,9.96329938356649,28,5,Saturday,September,Frío,Llovizna,Brisa ligera,6.395331641062036,34.99960108899997,22.733328708906622,8.424797295544526,74.60604715636295,0,0,Regular,Muy Bajo,Baja,Medio,Desfavorables,Regular,3.6326383724378886,1751.3726315547776,186.72645788978727
2024-09-29,31.262122818227837,10.293271868753616,65.89445554880261,0.4672672488492037,10.282714229470724,N,1014.3252715485482,29.0035359131627,45.62122040114096,20.777697343490726,20.968850949474223,15.636340228755364,2024,9,273,Primavera,6.782695456073255,29,6,Sunday,September,Caluroso,Llovizna,Brisa ligera,5.540011244636984,28.434812119043098,25.044874925230605,9.433815922346367,75.33618429094751,0,0,Óptimo,Medio,Media,Bajo,Desfavorables,Regular,10.777697343490726,1762.1503288982683,197.50415523327797
2024-09-30,24.20077938095314,4.8401564010357845,55.295948334416394,0.1243519028867528,7.401413980011774,W,1009.9353326915794,16.470948971675885,52.13661311616855,14.520467890994462,19.360622979917355,10.819760900988575,2024,9,274,Primavera,2.676410382821695,30,0,Monday,September,Templado,Llovizna,Brisa ligera,3.538736133981199,26.704722560700993,23.483811357181715,7.822666654231128,70.09770578118659,0,0,Regular,Bajo,Media,Bajo,Desfavorables,Bueno,4.520467890994462,1766.6707967892628,202.02462312427244
2024-10-01,17.528974272124167,4.819684911745536,75.47334970420386,0.3248524518700352,4.5104316168390834,S,1016.5968722405746,15.974830284900834,8.657496752544489,11.174329591934852,12.70928936037863,8.91911378351531,2024,10,275,Primavera,3.637577648082457,1,1,Tuesday,October,Fresco,Llovizna,Calma,3.4282076859162234,24.32026641538063,23.723137404491855,7.17291186938277,70.22066389335784,0,0,Regular,Muy Bajo,Baja,Medio,Desfavorables,Bueno,1.1743295919348515,1767.8451263811976,1.1743295919348515
2024-10-02,25.338140133029977,8.656861202839487,70.90228078132624,0.06650761551855132,5.79258825487151,W,1014.5878825547082,12.610237525006177,51.56665342049719,16.99750066793473,16.68127893019049,14.101206540498975,2024,10,276,Primavera,6.1379120368869495,2,2,Wednesday,October,Templado,Llovizna,Brisa ligera,2.844686168265997,22.83624911213803,24.236626913354687,7.224966938329794,72.28780184022472,0,0,Bueno,Bajo,Baja,Bajo,Desfavorables,Bueno,6.99750066793473,1774.8426270491323,8.171830259869582
2024-10-03,22.678647835039577,16.676086101157573,78.42789830041599,0.020092992395462073,8.611016254679296,NE,1000.4320531546026,14.9416190688892,42.47816340386593,19.677366968098575,6.002561733882004,15.371858840758927,2024,10,277,Primavera,13.078703847905667,3,3,Thursday,October,Templado,Llovizna,Brisa ligera,1.721256518320648,22.744604339077583,23.975891616502146,8.757038881500971,72.9791099230924,0,0,Óptimo,Bajo,Baja,Medio,Desfavorables,Bueno,9.677366968098575,1784.5199940172308,17.849197227968155
2024-10-04,20.120227766504424,8.96163459454558,74.52757702522955,0.10578358152810204,8.574562891597894,S,1012.8747835070227,13.107840658364278,23.91173255739022,14.540931180525003,11.158593171958843,10.253649734726057,2024,10,278,Primavera,6.678889125169576,4,4,Friday,October,Fresco,Llovizna,Brisa ligera,1.6507220124531046,21.466120244982974,22.251647225473857,9.554333350359352,71.34157356258373,0,0,Regular,Bajo,Baja,Bajo,Desfavorables,Bueno,4.540931180525003,1789.0609251977558,22.39012840849316
2024-10-05,23.526128424602074,3.987428187527575,80.74329072979003,2.2921680836936864,8.723714412966045,S,1012.194094036752,12.605333409436636,11.086600379056769,13.756778306064824,19.5387002370745,9.3949210995818,2024,10,279,Primavera,3.2195807340969873,5,5,Saturday,October,Templado,Lluvia ligera,Brisa ligera,3.4010238767417933,23.700797430006787,23.52214580435446,8.319303323943592,71.60925720345496,0,0,Regular,Bajo,Baja,Alto,Desfavorables,Regular,3.756778306064824,1792.8177035038207,26.146906714557986
2024-10-06,21.48963273770645,9.017027743656223,56.97147182659148,0.4052463388517654,9.563885871787269,SW,1008.6490250737654,25.193011780268137,55.14713869893174,15.253330240681336,12.472604994050227,10.4713873047877,2024,10,280,Primavera,5.137133420573043,6,6,Sunday,October,Fresco,Llovizna,Brisa ligera,3.339002966744355,23.412055126978778,22.126075792851402,8.136982734643963,70.33454524313908,0,0,Bueno,Bajo,Media,Bajo,Desfavorables,Bueno,5.253330240681336,1798.071033744502,31.400236955239322
2024-10-07,24.658419372558956,8.909105721009318,84.76091098451488,2.2415546399700315,8.01743167562735,N,1021.2846663009838,13.260443848270443,68.19280020487199,16.78376254678414,15.749313651549638,12.775046708970464,2024,10,281,Primavera,7.551439169701031,7,0,Monday,October,Templado,Lluvia ligera,Brisa ligera,5.456205703827633,25.246582700572397,22.191452934509375,8.718261208925897,74.54382562172457,0,0,Bueno,Bajo,Baja,Alto,Desfavorables,Regular,6.783762546784139,1804.8547962912862,38.18399950202346
2024-10-08,24.674672459996533,-0.7875465717662866,67.963994070386,0.39071362666749143,8.795168134520935,W,1006.714563227104,19.551131488317736,44.46476293482007,11.943562944115122,25.46221903176282,7.5459788768546545,2024,10,282,Primavera,-0.5352481053367671,8,1,Tuesday,October,Templado,Llovizna,Brisa ligera,5.52206687862509,24.2025317838255,23.212266961348284,7.917228139852781,73.47106053117916,0,0,Regular,Bajo,Media,Bajo,Desfavorables,Bueno,1.943562944115122,1806.7983592354014,40.12756244613858
2024-10-09,31.99742031473639,9.782820533928751,95.0,0.23593132415135148,7.8649195315134,W,1016.6449489561963,18.229400611297425,4.1383664537578255,20.890120424332572,22.21459978080764,16.957660658575872,2024,10,283,Primavera,9.293679507232314,9,2,Wednesday,October,Caluroso,Llovizna,Brisa ligera,5.691490587257889,22.631997988755696,24.163592701592055,8.078079472865532,76.91359184813255,0,0,Óptimo,Medio,Baja,Medio,Desfavorables,Regular,10.890120424332572,1817.688479659734,51.017682870471155
2024-10-10,15.190290022614052,9.076261879165289,54.66218272865648,0.31075824866287394,11.446200448788318,N,1011.8171440012502,26.988567375426737,13.566679570631742,12.13327595088967,6.114028143448763,6.4101757264955115,2024,10,284,Primavera,4.9612828533207205,10,3,Thursday,October,Fresco,Llovizna,Brisa ligera,5.982155843525302,21.643403428038646,23.093827299816983,6.992390298295206,73.51848962359547,0,0,Regular,Muy Bajo,Media,Bajo,Desfavorables,Bueno,2.1332759508896704,1819.8217556106235,53.150958821360824
2024-10-11,34.48482538146236,12.784825459253673,91.03945704747875,0.41825443980580257,12.297026093652505,W,1013.8615600451743,14.98106260766992,29.196907266898656,23.634825420358016,21.699999922208683,17.486312373531764,2024,10,285,Primavera,11.639235682572375,11,4,Friday,October,Muy Caluroso,Llovizna,Brisa ligera,6.294626701803002,21.267537159122284,25.145912673382405,7.538560421824934,75.87732962677396,0,0,Óptimo,Alto,Baja,Bajo,Desfavorables,Regular,13.634825420358016,1833.4565810309816,66.78578424171884
2024-10-12,11.738249456515758,9.738249456515758,67.96866175193972,0.06720802192669742,4.432966152859897,NW,1016.294290328367,20.286888279925932,79.11549352901875,10.738249456515758,2.0,8.52176638008581,2024,10,286,Primavera,6.618957833659303,12,5,Saturday,October,Frío,Llovizna,Calma,4.069666640036013,21.056159853336627,23.461929963655784,8.360106317394674,74.0523826299382,0,0,Regular,Muy Bajo,Media,Bajo,Desfavorables,Regular,0.7382494565157582,1834.1948304874975,67.5240336982346
2024-10-13,22.796915759609004,14.50626011819103,55.22872994578327,0.4595073170980137,7.23424417369324,N,1002.539404928872,22.746418213656654,33.83123344752811,18.651587938900015,8.290655641417974,15.034465852053394,2024,10,287,Primavera,8.011623225908584,13,6,Sunday,October,Templado,Llovizna,Brisa ligera,4.123927618282262,21.462483789126452,23.64868468107043,9.144282370899646,73.80341950410845,0,0,Óptimo,Bajo,Media,Bajo,Desfavorables,Bueno,8.651587938900015,1842.8464184263976,76.17562163713461
2024-10-14,26.74479899274568,8.924445237780677,57.741712489185176,0.12558010932657143,8.098173474622122,SW,1014.5332871338783,26.93849764392349,28.285776930045003,17.83462211526318,17.820353754965,13.785535377952119,2024,10,288,Primavera,5.153127510454096,14,0,Monday,October,Templado,Llovizna,Brisa ligera,2.007953087638802,21.265769014473644,23.946738912525685,9.146473730438412,69.94353400477563,0,0,Bueno,Bajo,Media,Bajo,Desfavorables,Bueno,7.83462211526318,1850.6810405416606,84.0102437523978
2024-10-15,23.27890899286777,5.573896365033319,60.1947903770852,0.6810202072217332,7.1992558639570365,SE,1031.3115799177056,14.8934799297284,0.0,14.426402678950545,17.70501262783445,10.826774746972028,2024,10,289,Primavera,3.3551952327677776,15,1,Tuesday,October,Templado,Llovizna,Brisa ligera,2.298259668193044,21.785906496622058,23.747344131507287,10.055251292838355,68.83364776287551,0,0,Regular,Bajo,Media,Bajo,Desfavorables,Bueno,4.426402678950545,1855.1074432206112,88.43664643134834
2024-10-16,19.829519860629304,17.829519860629304,71.36248919602875,0.6538426474081029,13.37876777399262,S,1000.5458932329702,14.292645187605718,23.582880247247225,18.829519860629304,2.0,12.140135973632994,2024,10,290,Primavera,12.723589184245386,16,2,Wednesday,October,Fresco,Llovizna,Brisa ligera,2.716170991449795,21.33265693788907,22.00907263806342,11.204779768081291,65.45686050516534,0,0,Óptimo,Muy Bajo,Baja,Bajo,Desfavorables,Bueno,8.829519860629304,1863.9369630812405,97.26616629197764
2024-10-17,21.31610283522815,10.236873736057953,72.8425323205325,0.08863725099573062,8.671865834269203,SW,1012.5391362902759,11.629313676239683,9.176591150229243,15.776488285643051,11.079229099170197,11.440555368508448,2024,10,291,Primavera,7.456798059800117,17,3,Thursday,October,Fresco,Llovizna,Brisa ligera,2.494049993782652,21.20144184099432,22.884188754151147,11.3705814619231,68.05405330400477,0,0,Bueno,Bajo,Baja,Bajo,Desfavorables,Bueno,5.776488285643051,1869.7134513668836,103.0426545776207
2024-10-18,19.50431981085356,10.055717167651785,56.394499940921314,0.029277661381414476,5.5838845188489685,E,1021.9859145985905,31.417797725089443,14.920504226930003,14.780018489252672,9.448602643201774,11.988076229828188,2024,10,292,Primavera,5.670871412170601,18,4,Friday,October,Fresco,Llovizna,Brisa ligera,2.105073215358264,17.971528658918913,20.74411652977846,10.980708848837116,63.104773717353694,0,0,Regular,Muy Bajo,Media,Bajo,Desfavorables,Bueno,4.780018489252672,1874.4934698561362,107.82267306687336
2024-10-19,20.532332341721677,9.903499651559986,64.63468111608526,1.0918026864195116,9.789327018682012,NE,1015.4129539836288,26.306834629082324,42.99876700396856,15.217915996640832,10.62883269016169,10.323252487299825,2024,10,293,Primavera,6.401095419118412,19,5,Saturday,October,Fresco,Llovizna,Brisa ligera,3.1296678798510777,18.587148678188434,22.00041408480788,11.00431601955772,62.628490769374494,0,0,Bueno,Bajo,Media,Bajo,Desfavorables,Bueno,5.217915996640832,1879.711385852777,113.0405890635142
2024-10-20,29.746678869326633,10.79233904307142,95.0,0.329168075991248,8.812923616538578,SE,1018.5037356169282,17.746791634127742,29.970894859720566,20.269508956199026,18.954339826255215,15.863047147929738,2024,10,294,Primavera,10.25272209091785,20,6,Sunday,October,Caluroso,Llovizna,Brisa ligera,2.9993286387443123,17.42218069203642,22.993237386196114,10.473755865969206,68.31010077711974,0,0,Óptimo,Medio,Baja,Alto,Desfavorables,Bueno,10.269508956199026,1889.980894808976,123.31009801971322
2024-10-21,25.76858331730084,9.42255835230423,90.91314755151066,0.0388613653014385,8.912578758660265,E,993.994671911259,29.588634906762337,82.48736131678365,17.595570834802537,16.34602496499661,13.139281455472403,2024,10,295,Primavera,8.566344377957538,21,0,Monday,October,Templado,Llovizna,Brisa ligera,2.912609894719179,17.363719478983608,22.853778003989703,10.544914882329712,73.04887721459481,0,0,Bueno,Bajo,Baja,Muy Alto,Desfavorables,Bueno,7.595570834802537,1897.5764656437786,130.90566885451577
2024-10-22,18.41794884895588,7.705351972479055,71.54485504511048,4.696783931595633,13.423628476397571,S,1017.7859949970396,17.388819633806058,66.95008431768692,13.061650410717467,10.712596876476827,6.349836172518682,2024,10,296,Primavera,5.512782899425701,22,1,Tuesday,October,Fresco,Lluvia ligera,Brisa ligera,6.928373619093079,20.737915765304983,22.159355126288006,10.849408540536247,74.6703150243127,0,0,Regular,Muy Bajo,Baja,Bajo,Desfavorables,Regular,3.0616504107174674,1900.638116054496,133.96731926523321
2024-10-23,28.177086167941834,7.8125642350384314,65.570052172523,0.048099746530629844,9.052355527264428,W,1006.9064943501312,22.346462828601176,24.777901554741533,17.994825201490134,20.3645219329034,13.46864743785792,2024,10,297,Primavera,5.122702444926572,23,2,Wednesday,October,Caluroso,Llovizna,Brisa ligera,6.322630718215605,18.660388498293074,23.351864598761228,9.41841487973755,73.84282402095475,0,0,Bueno,Medio,Media,Bajo,Desfavorables,Bueno,7.9948252014901335,1908.6329412559862,141.96214446672337
2024-10-24,25.65037922067039,9.868986919136006,66.80046990077392,0.6088706757866159,7.089015428378012,N,1015.4790182766652,18.061031410336323,17.079553956487125,17.759683069903197,15.781392301534385,14.21517535571419,2024,10,298,Primavera,6.592529636428763,24,3,Thursday,October,Templado,Llovizna,Brisa ligera,6.842864143006491,18.833878274144684,23.97104693953869,9.365859620177273,72.97967224670352,0,0,Bueno,Bajo,Media,Bajo,Desfavorables,Bueno,7.759683069903197,1916.3926243258895,149.72182753662656
2024-10-25,26.265705282195213,7.82630091546494,74.20276959095625,3.6977291037309166,2.1341707210696974,S,1012.7645221527241,20.386832710502826,74.56604839160482,17.046003098830077,18.439404366730272,15.978917738295229,2024,10,299,Primavera,5.80733203579735,25,4,Friday,October,Templado,Lluvia ligera,Calma,10.511315585355993,21.88157824470682,24.936959149730352,9.04737158415058,75.5237107681371,0,0,Bueno,Bajo,Baja,Bajo,Desfavorables,Regular,7.046003098830077,1923.4386274247197,156.76783063545665
2024-10-26,29.45575032771155,7.1486168692913425,49.658111522023916,0.19797193594729795,7.503802945569464,SW,1031.2266642332931,19.75056865520128,81.50106223708707,18.302183598501447,22.307133458420207,14.550282125716715,2024,10,300,Primavera,3.5498681372349097,26,5,Saturday,October,Caluroso,Llovizna,Brisa ligera,9.61748483488378,20.936027538313304,26.211733147728904,8.653816900969344,73.38420082612832,0,0,Óptimo,Medio,Alta,Bajo,Desfavorables,Bueno,8.302183598501447,1931.740811023221,165.0700142339581
2024-10-27,18.090724373563937,10.425720910767588,61.139351938649824,0.06606081499250849,11.917909751981567,NE,1017.373562590127,15.450087759740104,0.0,14.258222642165762,7.665003462796349,8.299267766174978,2024,10,301,Primavera,6.374218199775603,27,6,Sunday,October,Fresco,Llovizna,Brisa ligera,9.35437757388504,20.825770265910172,24.546596791191376,8.601442882068799,68.54696538879259,0,0,Regular,Muy Bajo,Media,Bajo,Desfavorables,Bueno,4.258222642165762,1935.9990336653868,169.32823687612384
2024-10-28,19.630345470807416,8.980091130316579,39.97123889183616,0.06745857603600335,7.726492641331438,SW,1012.0990093658977,24.554991228512115,42.321440599292536,14.305218300561997,10.650254340490838,10.441971979896277,2024,10,302,Primavera,3.5894536784034297,28,0,Monday,October,Fresco,Llovizna,Brisa ligera,9.382974784619604,20.351362622541178,23.669705670263745,8.538233278927704,61.26954986598194,0,0,Regular,Muy Bajo,Alta,Bajo,Desfavorables,Bueno,4.305218300561997,1940.3042519659489,173.63345517668583
2024-10-29,25.494722323588558,16.015971954330755,70.98834683907918,0.32113415241936233,1.2798503044414904,SE,1000.9224579259716,22.29571450610341,33.70304230258182,20.755347138959657,9.478750369257803,20.115421986738912,2024,10,303,Primavera,11.369473720589966,29,1,Tuesday,October,Templado,Llovizna,Calma,5.0073250054433345,20.205229526111335,24.680673309496985,9.72546470490652,61.19004869369174,0,0,Óptimo,Bajo,Baja,Bajo,Desfavorables,Bueno,10.755347138959657,1951.0595991049086,184.3888023156455
2024-10-30,26.635530377440272,-0.603879233572048,74.70793909554112,0.08385431934326791,6.504912823422661,SE,1013.9691752147992,24.16616756100887,56.22800350149842,13.015825571934112,27.23940961101232,9.763369160222782,2024,10,304,Primavera,-0.4511457300276261,30,2,Wednesday,October,Templado,Llovizna,Brisa ligera,5.0430795782559725,20.164731942567848,24.460451053711047,8.523115637962164,62.495461111265776,0,0,Regular,Bajo,Baja,Bajo,Desfavorables,Bueno,3.015825571934112,1954.0754246768427,187.4046278875796
2024-10-31,22.001021902324553,14.366027407689847,57.75220306550939,0.6439700605206289,10.978065616738377,NE,1019.5858310267746,19.921363112996076,88.5667031040376,18.1835246550072,7.6349944946347055,12.694491846638012,2024,10,305,Primavera,8.296697320935776,31,3,Thursday,October,Templado,Llovizna,Brisa ligera,5.078178962989986,20.483849551218444,23.939114293947352,9.165549993469856,61.202851563370835,0,0,Óptimo,Bajo,Media,Bajo,Desfavorables,Bueno,8.1835246550072,1962.2589493318499,195.5881525425868
2024-11-01,24.812420956295515,14.984340769990517,88.6098014493505,0.03258199417412162,9.637451523686046,NW,1012.3555848654462,12.560580709337195,27.89857451680504,19.898380863143018,9.828080186304998,15.079655101299995,2024,11,306,Primavera,13.277594604782674,1,4,Friday,November,Templado,Llovizna,Brisa ligera,1.4130318534331905,20.449923929874014,23.73150224739026,10.18812711554494,63.260998971712866,0,0,Óptimo,Bajo,Baja,Muy Alto,Desfavorables,Bueno,9.898380863143018,1972.157330194993,9.898380863143018
2024-11-02,31.084087980167787,1.7064390703674022,46.61351505496488,0.6506706580515554,5.480357310467793,E,1008.9547491205004,28.256316399346215,0.0,16.395263525267595,29.377648909800385,13.655084870033697,2024,11,307,Primavera,0.7954312329695117,2,5,Saturday,November,Caluroso,Llovizna,Brisa ligera,1.865730575537448,21.080501595530105,23.96412191202686,9.41067314427009,62.82605661927586,0,0,Bueno,Medio,Alta,Bajo,Desfavorables,Regular,6.395263525267595,1978.5525937202606,16.293644388410613
2024-11-03,17.639774066425385,8.629249623678605,43.0343767968527,3.6635592369958756,6.304145670802755,E,1008.4193066892294,16.424662598595447,54.47519250373159,13.134511845051996,9.01052444274678,9.98243900965062,2024,11,308,Primavera,3.7135437977948444,3,6,Sunday,November,Fresco,Lluvia ligera,Brisa ligera,5.463228997540815,24.63827725099788,23.8997004395785,9.154034388971665,60.23963159901913,0,0,Regular,Muy Bajo,Media,Bajo,Desfavorables,Regular,3.134511845051996,1981.6871055653125,19.42815623346261
2024-11-04,26.76564764628155,8.514236536016835,68.36677727839958,0.9667728518580263,6.76787402269275,SE,1017.2811314836425,20.184402171410486,74.74910171510507,17.639942091149194,18.251411110264716,14.256005079802819,2024,11,309,Primavera,5.820909129534753,4,0,Monday,November,Templado,Llovizna,Brisa ligera,6.362543273362839,23.31288201916222,24.91902932178909,9.087483732643129,64.2961370828139,0,0,Bueno,Bajo,Media,Bajo,Desfavorables,Bueno,7.639942091149194,1989.3270476564617,27.068098324611803
2024-11-05,22.652402534153875,4.369953221128715,80.70647453918232,0.827526032283977,6.01185868441121,SE,1019.0751035144733,21.812288152933615,32.40600546200563,13.511177877641295,18.28244931302516,10.50524853543569,2024,11,310,Primavera,3.5268351837844243,5,1,Tuesday,November,Templado,Llovizna,Brisa ligera,6.868935153227453,23.735161712594433,24.51298363758413,7.423766770757124,65.6844410399715,0,0,Regular,Bajo,Baja,Alto,Desfavorables,Bueno,3.5111778776412947,1992.838225534103,30.579276202253098
2024-11-06,22.35151126234117,6.888733249636498,90.25891537186803,0.34810873892172084,1.9109783967812533,W,1023.8896809225689,20.144530297305714,22.374062996508474,14.620122255988834,15.462778012704671,13.664633057598207,2024,11,311,Primavera,6.217695913983142,6,2,Wednesday,November,Templado,Llovizna,Calma,7.1331895728059065,21.841715811546123,23.90098090685569,8.49413998264406,67.90600907944676,0,0,Regular,Bajo,Baja,Muy Alto,Desfavorables,Bueno,4.620122255988834,1997.458347790092,35.19939845824193
2024-11-07,30.04962847645661,5.557696618136685,58.1167360569659,0.5769187713474562,10.290773301859566,N,1005.0400008543171,23.492502127381645,29.068514865557518,17.803662547296646,24.491931858319926,12.658275896366863,2024,11,312,Primavera,3.229951874409417,7,3,Thursday,November,Caluroso,Llovizna,Brisa ligera,7.066138283632734,22.027920956226087,25.05078184601742,7.235807012707894,67.95808522108341,0,0,Bueno,Medio,Media,Bajo,Desfavorables,Regular,7.803662547296646,2005.2620103373886,43.00306100553858
2024-11-08,29.265400747847963,17.00908177369449,81.18021250146944,0.5278471486043771,11.771179870067279,W,1017.207820467341,24.44026753389899,61.25513417828087,23.137241260771226,12.256318974153473,17.251651325737587,2024,11,313,Primavera,13.808008728433894,8,4,Friday,November,Caluroso,Llovizna,Brisa ligera,7.561403438062988,22.319836780679115,25.68692181623919,7.525055727522747,66.89671537138612,0,0,Óptimo,Medio,Baja,Alto,Desfavorables,Bueno,13.137241260771226,2018.3992515981597,56.1403022663098
2024-11-09,27.51152696974747,13.742713572589844,64.42237295748939,0.24154511364826906,3.4446531681057797,W,1012.0263683646571,16.650998981716512,28.63847646787549,20.627120271168657,13.768813397157627,18.904793687115767,2024,11,314,Primavera,8.853382192213342,9,5,Saturday,November,Templado,Llovizna,Calma,7.1522778936597025,22.250623645664508,25.176555957607718,9.244523513554524,69.44083792888964,0,0,Óptimo,Bajo,Media,Bajo,Desfavorables,Bueno,10.627120271168657,2029.0263718693284,66.76742253747847
2024-11-10,30.79126438519491,15.086220379976634,62.41059050088771,0.08642606653721051,11.731558797758943,NW,1012.2621263629337,27.752804051733882,48.21900750857114,22.938742382585772,15.705044005218276,17.0729629837063,2024,11,315,Primavera,9.415399223408683,10,6,Sunday,November,Caluroso,Llovizna,Brisa ligera,3.575144723201037,21.918795272395915,27.05534028886051,10.166947907311386,72.20886845803749,0,0,Óptimo,Medio,Media,Bajo,Desfavorables,Regular,12.938742382585772,2041.9651142519142,79.70616492006424
2024-11-11,22.09586691633296,12.88668825617294,78.25489906230008,1.6255880806422414,7.690930395808353,E,1016.214606832272,16.39857867503241,40.6950728934985,17.49127758625295,9.209178660160019,13.645812388348773,2024,11,316,Primavera,10.084464887341413,11,0,Monday,November,Templado,Llovizna,Brisa ligera,4.233959951985252,23.47717533111146,26.388228756010708,10.791583867333685,73.62145728430899,0,0,Bueno,Bajo,Baja,Medio,Desfavorables,Bueno,7.491277586252949,2049.4563918381673,87.19744250631719
2024-11-12,29.492462797229102,5.483792915131083,74.78484317620129,0.39967002034113147,11.675397044503622,NW,1016.2612500289996,20.02049429328473,38.11550968943085,17.488127856180093,24.00866988209802,11.650429333928281,2024,11,317,Primavera,4.101045931688417,12,1,Tuesday,November,Caluroso,Llovizna,Brisa ligera,3.806103940042407,23.417338034354575,27.365380222164312,10.950703823619738,72.77550994674026,0,0,Bueno,Medio,Baja,Bajo,Desfavorables,Bueno,7.488127856180093,2056.9445196943475,94.68557036249727
2024-11-13,19.99710905568321,7.901918934880905,41.35411764523626,0.10025525358121612,8.113851308871338,NW,1017.2301448463326,15.67393089837461,57.53230816880582,13.949513995282057,12.095190120802306,9.892588340846387,2024,11,318,Primavera,3.26776885256185,13,2,Wednesday,November,Fresco,Llovizna,Brisa ligera,3.5582504547019016,23.392013178609222,27.029037049784602,11.09544463579751,65.78911027150716,0,0,Regular,Muy Bajo,Alta,Bajo,Desfavorables,Bueno,3.9495139952820573,2060.8940336896294,98.63508435777933
2024-11-14,25.60205818368966,11.957498244911672,87.14810524588844,0.3365295067480929,8.40663377647589,NE,1004.5402304624336,13.959158864095258,28.035502503395143,18.779778214300666,13.644559938777988,14.576461326062722,2024,11,319,Primavera,10.420733155250888,14,3,Thursday,November,Templado,Llovizna,Brisa ligera,3.3178611901025383,23.047522478135583,26.39366986510361,12.009702011051079,69.93644872706751,0,0,Óptimo,Bajo,Baja,Muy Alto,Desfavorables,Bueno,8.779778214300666,2069.67381190393,107.41486257208
2024-11-15,21.751584563973207,5.1114887644322184,85.70137031221176,0.327782049850723,9.117303940946638,E,1007.0015087426683,24.26514653274519,29.235335995443023,13.431536664202714,16.640095799540987,8.872884693729395,2024,11,320,Primavera,4.380615914473153,15,4,Friday,November,Fresco,Llovizna,Brisa ligera,3.1177960913488842,22.7214618805782,25.320267553121507,10.310045866870755,70.58232841431642,0,0,Regular,Bajo,Baja,Muy Alto,Desfavorables,Bueno,3.4315366642027136,2073.1053485681327,110.8463992362827
2024-11-16,23.56684572059534,12.851993720689553,55.61655947735706,0.8074845224492541,5.629801024594165,N,1024.8869462041414,35.0,59.94007124999385,18.209419720642444,10.714851999905786,15.394519208345361,2024,11,321,Primavera,7.1478367316934985,16,5,Saturday,November,Templado,Llovizna,Brisa ligera,3.6837355001498695,23.440309152031723,24.756741660385483,10.182800173742143,69.3243550600118,0,0,Óptimo,Bajo,Media,Bajo,Desfavorables,Bueno,8.209419720642444,2081.314768288775,119.05581895692515
2024-11-17,24.206039727230866,9.038698407367459,70.93705300156114,0.9833309885369725,11.584022432984064,SW,1011.2354202601533,15.829440670078098,15.326866895783688,16.62236906729916,15.167341319863407,10.830357850807129,2024,11,322,Primavera,6.411786279885517,17,6,Sunday,November,Templado,Llovizna,Brisa ligera,4.5806404221496315,24.394362479187283,23.815995280676333,9.318868463369403,70.54242113153659,0,0,Bueno,Bajo,Baja,Bajo,Desfavorables,Bueno,6.622369067299161,2087.9371373560743,125.67818802422431
2024-11-18,18.802191890867906,8.50071676980161,72.41045279424108,1.2483275234427849,4.635858085775645,SE,1015.4481151841431,25.291929448068473,17.99449522944182,13.651454330334758,10.301475121066296,11.333525287446935,2024,11,323,Primavera,6.15540750376933,18,0,Monday,November,Fresco,Llovizna,Calma,4.2033798649501755,24.55088731621056,23.34547027703847,8.692301108173499,69.70750023609958,0,0,Regular,Muy Bajo,Baja,Bajo,Desfavorables,Bueno,3.651454330334758,2091.588591686409,129.32964235455907
2024-11-19,37.81858178205054,12.843839872813966,68.9101064873586,0.008665247535417121,6.793799766449988,SE,1021.4373304963455,16.044532123798835,8.492142716410164,25.331210827432255,24.974741909236577,21.93431094420726,2024,11,324,Primavera,8.850703733421927,19,1,Tuesday,November,Muy Caluroso,Llovizna,Brisa ligera,3.8123750921444604,24.230384487754726,24.534915846298677,9.74373638784248,68.86825213769347,0,0,Bueno,Extremo,Media,Bajo,Desfavorables,Desfavorable,15.331210827432255,2106.919802513841,144.66085318199134
2024-11-20,17.645991938601682,11.77705324594416,56.7454226923187,0.4161641533836357,9.572794032929506,N,1016.7075445788865,17.937090138863972,61.22527283191383,14.711522592272921,5.868938692657522,9.925125575808167,2024,11,325,Primavera,6.682938645110454,20,2,Wednesday,November,Fresco,Llovizna,Brisa ligera,4.128283991946881,24.607687275836923,24.19904197242989,10.297327003708661,71.0670100015624,0,0,Regular,Muy Bajo,Media,Bajo,Desfavorables,Bueno,4.711522592272921,2111.631325106114,149.37237577426424
2024-11-21,12.963854966687972,8.556135336723681,54.92564948092922,0.28237873309218986,6.472414278543608,NW,1017.3721810477763,28.54550263339003,37.36907579796831,10.759995151705827,4.407719629964291,7.523788012434022,2024,11,326,Primavera,4.699512904162773,21,3,Thursday,November,Frío,Llovizna,Brisa ligera,4.074133218290977,20.193282077333482,22.393584370001072,9.811418016824662,66.46380203513965,0,0,Regular,Muy Bajo,Media,Bajo,Desfavorables,Regular,0.7599951517058265,2112.39132025782,150.13237092597006
2024-11-22,30.372338439749967,14.637319213456992,64.61668893512832,0.007991214694899025,10.332593722444832,W,1020.15662143395,11.558788289548165,7.159621348023343,22.50482882660348,15.735019226292975,17.338531965381062,2024,11,327,Primavera,9.458151024601277,22,4,Friday,November,Caluroso,Llovizna,Brisa ligera,3.7543423831351532,20.15317354549775,23.625120637969182,11.172250938113915,63.45170469555631,0,0,Óptimo,Medio,Media,Bajo,Desfavorables,Regular,12.504828826603479,2124.8961490844235,162.63719975257357
2024-11-23,26.367041213460837,5.675746689600411,82.59093528889048,0.18565899758363696,12.127598519551869,NE,996.066689912824,9.971045588261262,61.345214057726714,16.021393951530623,20.691294523860428,9.95759469175469,2024,11,328,Primavera,4.687652275569219,23,5,Saturday,November,Templado,Llovizna,Brisa ligera,3.132516858269536,19.72996186729477,24.025148565521395,10.147072790815468,67.3051869543468,0,0,Bueno,Bajo,Baja,Alto,Desfavorables,Bueno,6.021393951530623,2130.917543035954,168.6585937041042
2024-11-24,25.563815450742126,12.463742427777055,73.15400231891648,0.6820053139218397,11.037638003161511,NW,1009.0803987587158,17.476808107421103,26.111445960614112,19.01377893925959,13.100073022965072,13.494959937678836,2024,11,329,Primavera,9.117726424639804,24,6,Sunday,November,Templado,Llovizna,Brisa ligera,2.8311911836544033,16.714238077485696,24.219116526023008,10.636364793731122,67.62189399968327,0,0,Óptimo,Bajo,Baja,Bajo,Desfavorables,Bueno,9.013778939259591,2139.931321975214,177.67237264336376
2024-11-25,27.420533016323375,12.372405031873535,59.44078501870841,0.13650794545720865,2.1916540589641356,SE,1016.7488463719967,21.981936167626046,18.20804802907787,19.896469024098455,15.04812798444984,18.800641994616388,2024,11,330,Primavera,7.35425467663981,25,0,Monday,November,Templado,Llovizna,Calma,1.719371605668827,16.652774086995606,25.450308115373787,11.189463116884257,65.76908431746432,0,0,Óptimo,Bajo,Media,Bajo,Desfavorables,Bueno,9.896469024098455,2149.8277909993126,187.56884166746224
2024-11-26,23.360509187925217,8.76181424274404,76.57548065972517,0.5178639176169183,8.377540908858071,S,1024.1011544564612,20.78199943008529,35.1080360280762,16.061161715334627,14.598694945181178,11.87239126090559,2024,11,331,Primavera,6.709401370893508,26,1,Tuesday,November,Templado,Llovizna,Brisa ligera,2.2285702757503283,17.104577189620013,23.384869173355884,10.606316598302838,66.86413777065954,0,0,Bueno,Bajo,Baja,Medio,Desfavorables,Bueno,6.061161715334627,2155.888952714647,193.63000338279684
2024-11-27,18.399960092677116,11.304532088968472,22.27186069054887,0.153695322623169,11.086047832089175,W,1013.5287644772462,20.164075054157976,76.9680902366973,14.852246090822794,7.095428003708644,9.309222174778206,2024,11,332,Primavera,2.517729638573452,27,2,Wednesday,November,Fresco,Llovizna,Brisa ligera,1.9661014449898615,17.190813936207178,23.49257890965237,10.53881357587774,61.939343198978136,0,0,Regular,Muy Bajo,Alta,Bajo,Desfavorables,Bueno,4.852246090822794,2160.74119880547,198.48224947361965
2024-11-28,23.897451538395703,4.995545694458788,82.23148550558156,0.006990944545248204,4.049753459533829,SE,1006.2422683059513,18.204791889069465,30.12594508758574,14.446498616427245,18.901905843936916,12.421621886660331,2024,11,333,Primavera,4.107911433663582,28,3,Thursday,November,Templado,Llovizna,Calma,1.69071365644292,16.876670728333067,25.05452127703919,10.030157912697039,65.84017691678561,0,0,Regular,Bajo,Baja,Alto,Desfavorables,Bueno,4.446498616427245,2165.187697421897,202.9287480900469
2024-11-29,18.963357564869977,13.696108076827604,38.904293318328506,0.1872684256097105,10.170831761686625,S,1006.455311603116,22.719240161903514,54.383471602889614,16.32973282084879,5.267249488042372,11.244316940005477,2024,11,334,Primavera,5.328374059404292,29,4,Friday,November,Fresco,Llovizna,Brisa ligera,1.8699908673577315,16.98008483459951,23.42466686634205,9.895699178892842,62.16697754295706,0,0,Bueno,Muy Bajo,Alta,Bajo,Desfavorables,Bueno,6.32973282084879,2171.517430242746,209.25848091089568
2024-11-30,29.584171283647592,9.260391454228044,59.563385878953014,1.861903536408207,10.002382344917937,NW,1020.0708896276246,0.5179653477301684,58.177000511273846,19.422281368937817,20.32377982941955,14.421090196478849,2024,11,335,Primavera,5.515802695783438,30,5,Saturday,November,Caluroso,Llovizna,Brisa ligera,3.5462354061823014,18.198018310487086,23.88425687636873,10.407791288125361,58.87732762725172,0,0,Óptimo,Medio,Media,Bajo,Desfavorables,Bueno,9.422281368937817,2180.939711611684,218.6807622798335
2024-12-01,25.986406798208264,15.9609438893624,32.649978778911525,0.17898294534864717,4.363730324185204,N,1011.2578113408649,13.495168169473555,51.08183245016015,20.97367534378533,10.025462908845865,18.79181018169273,2024,12,336,Verano,5.211244792790799,1,6,Sunday,December,Templado,Llovizna,Calma,3.043213037609109,18.34441926166161,23.94462706886389,10.907391496923267,53.09103855010816,0,0,Óptimo,Bajo,Alta,Bajo,Desfavorables,Bueno,10.973675343785331,2191.9133869554694,10.973675343785331
2024-12-02,22.341559743636346,20.341559743636346,34.7371342026279,0.6937246912899138,10.502697997220483,N,1012.9423996336773,17.438325544299314,71.77679124185656,21.341559743636346,2.0,16.090210745026106,2024,12,337,Verano,7.0660749070546895,2,0,Monday,December,Templado,Llovizna,Brisa ligera,3.6004297834418137,18.387473294899973,23.21905945848003,12.045842170032241,49.561945576382364,0,0,Óptimo,Bajo,Alta,Bajo,Desfavorables,Bueno,11.341559743636346,2203.254946699106,22.315235087421676
2024-12-03,30.82128277920837,10.98905356293027,64.13564986286508,0.08287988063759416,8.818093380589804,W,1017.9202415501785,22.22720879461506,22.322099884193026,20.90516817106932,19.8322292162781,16.49612148077442,2024,12,338,Verano,7.047900916363658,3,1,Tuesday,December,Caluroso,Llovizna,Brisa ligera,3.16544574646249,14.80679393854169,24.28488425723477,12.36401921577313,47.784826891116644,0,0,Óptimo,Medio,Media,Bajo,Desfavorables,Regular,10.90516817106932,2214.160114870175,33.220403258491
2024-12-04,34.12397693103952,11.732536635276386,46.579010700366204,0.011514138816946259,9.951145366163805,SE,989.7878105384514,26.938590840411397,13.916628923741595,22.928256783157956,22.391440295763136,17.952684100076052,2024,12,339,Verano,5.464899494769773,4,2,Wednesday,December,Muy Caluroso,Llovizna,Brisa ligera,3.023264562656267,13.851535225500609,26.531172377000825,12.425162722388547,51.25727689251911,0,0,Óptimo,Alto,Alta,Bajo,Desfavorables,Regular,12.928256783157956,2227.088371653333,46.14866004164895
2024-12-05,26.92825236614103,6.104700693343219,51.8322493183517,0.15854466302908882,5.101062842704602,E,1029.0029400920646,12.68940175099716,13.425833599375128,16.516476529742125,20.823551672797812,13.965945108389825,2024,12,340,Verano,3.1642036835128016,5,3,Thursday,December,Templado,Llovizna,Brisa ligera,3.174818281140108,13.18255385624572,26.964143923821588,12.583613436514895,46.91452886577199,0,0,Bueno,Bajo,Media,Bajo,Desfavorables,Bueno,6.516476529742125,2233.6048481830753,52.66513657139107
2024-12-06,25.887537132990417,18.815387931844516,51.23351244676609,0.12007440735278829,8.450408349114154,S,1007.1514093195915,26.742471753219405,36.388289617505166,22.351462532417465,7.072149201145901,18.126258357860387,2024,12,341,Verano,9.639784117968885,6,4,Friday,December,Templado,Llovizna,Brisa ligera,3.1076242628831854,12.954519524676787,27.953312433553076,13.314939130088737,48.67584588412022,0,0,Óptimo,Bajo,Media,Bajo,Desfavorables,Bueno,12.351462532417465,2245.9563107154927,65.01659910380855
2024-12-07,33.25840271058475,8.727437036325536,61.22846430024413,0.20621944288383107,2.885364337603029,NE,1014.9354909557886,15.284629984791824,16.323833553986773,20.992919873455143,24.53096567425921,19.55023770465363,2024,12,342,Verano,5.343675670112865,7,5,Saturday,December,Muy Caluroso,Llovizna,Calma,1.4519401693588094,12.583820196213162,28.478202637401242,13.238802784674094,48.91371423001895,0,0,Óptimo,Alto,Media,Bajo,Desfavorables,Regular,10.992919873455143,2256.949230588948,76.00951897726368
2024-12-08,34.098389447687836,23.282515597208235,48.233415127946536,0.00993309343775568,1.1690263774008471,SE,999.3624238920298,17.220541302115883,43.68852279663321,28.690452522448034,10.815873850479601,28.10593933374761,2024,12,343,Verano,11.22995240023035,8,6,Sunday,December,Muy Caluroso,Llovizna,Calma,1.282890317447918,12.065906141046542,29.63705730161261,14.284741600080642,51.13991942273824,0,0,Regular,Alto,Alta,Bajo,Desfavorables,Regular,18.690452522448034,2275.639683111396,94.69997149971172
2024-12-09,26.802354154603112,10.414080745084652,34.009218124699586,0.059734903033669254,8.422485279583249,NE,1009.6196711167597,21.48859511278568,41.92471049312233,18.60821744984388,16.38827340951846,14.396974810052257,2024,12,344,Verano,3.5417474362781793,9,0,Monday,December,Templado,Llovizna,Brisa ligera,0.6489005291916735,11.884095930431942,30.274313646036433,12.866530314573259,51.03593141160561,0,0,Óptimo,Bajo,Alta,Bajo,Desfavorables,Bueno,8.608217449843881,2284.24790056124,103.3081889495556
2024-12-10,29.239920135487093,24.80951964043898,64.11714082616128,0.03637428225897395,11.30179282028393,SE,1022.9575043709208,16.78058352415936,65.46433257965101,27.024719887963037,4.4304004950481115,21.373823477821073,2024,12,345,Verano,15.907154646154403,10,1,Tuesday,December,Caluroso,Llovizna,Brisa ligera,0.6023949308130533,11.834044146153705,30.048404696933396,14.840882611360216,51.03328726350507,0,0,Regular,Medio,Media,Bajo,Desfavorables,Bueno,17.024719887963037,2301.272620449203,120.33290883751863
2024-12-11,29.723673476064675,18.010955825806608,42.72153118336118,0.05203090582419499,8.758810442795241,E,997.670662562673,24.660705639997907,47.278607705901,23.86731465093564,11.712717650258067,19.48790942953802,2024,12,346,Verano,7.6945561095433765,11,2,Wednesday,December,Caluroso,Llovizna,Brisa ligera,0.6429116978203021,10.26048697133566,29.419789917651276,15.73779963857882,50.48221876107578,0,0,Óptimo,Medio,Alta,Bajo,Desfavorables,Bueno,13.86731465093564,2315.1399351001382,134.20022348845427
2024-12-12,18.139290633372127,14.28718999233999,24.371148942141758,0.1361282552623413,7.809661808167562,E,1022.0096006975132,15.572375129321138,29.596203603463795,16.21324031285606,3.8521006410321377,12.308409408772278,2024,12,347,Verano,3.4819523526799503,12,3,Thursday,December,Fresco,Llovizna,Brisa ligera,0.6204952900535545,9.996945206256868,28.164223955827143,16.906726681292643,46.559204421617224,0,0,Bueno,Muy Bajo,Alta,Bajo,Desfavorables,Bueno,6.213240312856058,2321.3531754129945,140.41346380131034
2024-12-13,20.37298387897125,15.346845496513886,44.72273694149818,0.13178480269754725,7.43739763983538,W,1010.8104312301409,15.662790052317996,50.27123011081707,17.859914687742567,5.026138382457365,14.141215867824876,2024,12,348,Verano,6.863529340224065,13,4,Friday,December,Fresco,Llovizna,Brisa ligera,0.6322056853983135,10.0284747553732,27.376430633824405,16.411220619102554,45.629093635150376,0,0,Bueno,Bajo,Alta,Bajo,Desfavorables,Bueno,7.859914687742567,2329.213090100737,148.2733784890529
2024-12-14,28.01958215212565,17.64030709855092,69.46022834635289,0.09428168558866723,5.172303825670803,W,1016.8973155217616,24.31187972525599,14.245149502551484,22.829944625338285,10.37927505357473,20.243792712502884,2024,12,349,Verano,12.252997591651368,14,5,Saturday,December,Caluroso,Llovizna,Brisa ligera,0.5202679281031497,9.786226934213772,26.62802769690168,17.68448777084904,46.80505992745163,0,0,Óptimo,Medio,Media,Bajo,Desfavorables,Bueno,12.829944625338285,2342.0430347260753,161.10332311439117
2024-12-15,28.22798653781011,17.5727305162449,60.506363589084145,0.06323982924161295,7.334417288614081,E,1018.2601953078808,13.421253670394051,39.04648279939207,22.900358527027507,10.655256021565211,19.233149882720465,2024,12,350,Verano,10.632620218689082,15,6,Sunday,December,Caluroso,Llovizna,Brisa ligera,0.5735746639070068,9.521684713604664,25.78939870977629,16.868804187854273,48.55833827904271,0,0,Óptimo,Medio,Media,Bajo,Desfavorables,Bueno,12.900358527027507,2354.943393253103,174.0036816414187
2024-12-16,32.17254267022951,20.698215173218415,41.248094071865374,0.08031529034186023,9.265053404793333,SW,1016.5313719959274,19.49357457189996,47.98503083988952,26.435378921723963,11.474327497011096,21.802852219327296,2024,12,351,Verano,8.537619265846246,16,0,Monday,December,Muy Caluroso,Llovizna,Brisa ligera,0.5941550512151978,8.794515481497271,26.556568497722917,18.33796624901624,49.59246341435211,0,0,Bueno,Alto,Alta,Bajo,Desfavorables,Regular,16.435378921723963,2371.3787721748267,190.43906056314265
2024-12-17,37.656616636144456,16.794909915270466,43.033574572754326,0.20281350922605365,6.694333301598115,E,1006.0803947869534,8.037103993837055,43.23293995375317,27.22576327570746,20.86170672087399,23.878596624908404,2024,12,352,Verano,7.227450082814826,17,1,Tuesday,December,Muy Caluroso,Llovizna,Brisa ligera,0.7605942781822776,8.013998002186351,27.75895371210254,17.193022002563595,46.580525378151115,0,0,Regular,Extremo,Alta,Bajo,Desfavorables,Desfavorable,17.22576327570746,2388.604535450534,207.6648238388501
2024-12-18,33.09634543253786,15.560197229906334,45.59972090923494,0.27833690859683974,10.251760561507329,N,1010.0836068277198,28.91783611236714,50.3766273733996,24.328271331222098,17.536148202631523,19.202391050468435,2024,12,353,Verano,7.095406509763795,18,2,Wednesday,December,Muy Caluroso,Llovizna,Brisa ligera,0.9869002809549223,7.044007387340406,28.24076399159871,16.842913631720698,46.991695338990226,0,0,Bueno,Alto,Alta,Bajo,Desfavorables,Regular,14.328271331222098,2402.932806781756,221.99309517007222
2024-12-19,32.03675939404973,14.284937968446352,80.43182195443865,0.6217878242180312,8.587925101593807,N,1001.3075505819935,25.23931161742065,23.898849607180217,23.16084868124804,17.75182142560338,18.866886130451135,2024,12,354,Verano,11.489635873082774,19,3,Thursday,December,Muy Caluroso,Llovizna,Brisa ligera,1.4725598499106123,7.65712996402302,30.22611667169551,16.842591914021607,55.0003629121755,0,0,Óptimo,Alto,Baja,Bajo,Desfavorables,Regular,13.16084868124804,2416.093655463004,235.15394385132026
2024-12-20,31.321489742831492,14.701373750449033,50.91721619553488,0.21718195827179593,8.95093825332022,SW,1016.9343706527046,34.50064319748453,68.80078507023791,23.011431746640262,16.62011599238246,18.535962619980154,2024,12,355,Verano,7.485530256229748,20,4,Friday,December,Caluroso,Llovizna,Brisa ligera,1.557957005484861,7.4581477689111795,31.79018893796126,16.750381664583774,55.88528851989502,0,0,Óptimo,Medio,Media,Bajo,Desfavorables,Regular,13.011431746640262,2429.1050872096444,248.16537559796052
2024-12-21,26.8815255260317,16.896358672201053,57.20108951724174,0.05470588346847405,10.665988260652881,NW,1026.6164412321275,26.030182388678313,85.55422373489267,21.888942099116377,9.985166853830648,16.555947968789937,2024,12,356,Verano,9.664901249239962,21,5,Saturday,December,Templado,Llovizna,Brisa ligera,1.5183812033646678,7.230474919287465,31.627609419947838,16.644103317962365,54.133982972879146,0,0,Óptimo,Bajo,Media,Bajo,Desfavorables,Bueno,11.888942099116377,2440.9940293087607,260.0543176970769
2024-12-22,32.83924387885904,7.582097033848237,61.01647069679394,0.1952881615676418,6.419733702035028,S,998.4044729065884,11.22209862239711,0.0,20.210670456353636,25.2571468450108,17.000803605336124,2024,12,357,Verano,4.6263280148604915,22,6,Sunday,December,Muy Caluroso,Llovizna,Brisa ligera,1.6504295356906966,7.417771866160207,32.28636046866911,15.21686996333427,54.20685541683769,0,0,Óptimo,Alto,Media,Bajo,Desfavorables,Regular,10.210670456353636,2451.204699765114,270.2649881534305
2024-12-23,27.434738590722652,10.087563477570896,52.41471030892994,0.08225830538692093,9.978141758560854,NW,1006.9068327508957,22.01189916096355,9.610050101143795,18.761151034146774,17.347175113151756,13.772080154866348,2024,12,358,Verano,5.287367173998205,23,0,Monday,December,Templado,Llovizna,Brisa ligera,1.6523725507357574,7.314371173963491,31.609531314453847,13.701062578241766,55.80208630784692,0,0,Óptimo,Bajo,Media,Bajo,Desfavorables,Bueno,8.761151034146774,2459.965850799261,279.0261391875773
2024-12-24,31.163400900516685,20.786187897458262,47.61238100245726,0.05426102918559986,6.840569848244078,NE,1011.5457977929366,12.491947426669173,41.077075200609634,25.974794398987473,10.377213003058422,22.554509474865434,2024,12,359,Verano,9.896798977624488,24,1,Tuesday,December,Caluroso,Llovizna,Brisa ligera,1.5038200706953035,6.686626889227251,30.681929066507024,14.271245147125738,56.456201512090196,0,0,Bueno,Medio,Alta,Bajo,Desfavorables,Regular,15.974794398987473,2475.940645198248,295.00093358656477
2024-12-25,26.821113770193314,17.22705312277644,48.012335842654934,0.21508277215303043,9.01854345145652,NW,1014.3867313897084,27.468225042318593,33.58622548617815,22.024083446484877,9.594060647416875,17.51481172075662,2024,12,360,Verano,8.271110601099998,25,2,Wednesday,December,Templado,Llovizna,Brisa ligera,1.4405659342514943,6.765201715923073,29.7854674004578,14.509367417535753,56.80086078829304,0,0,Óptimo,Bajo,Alta,Bajo,Desfavorables,Bueno,12.024083446484877,2487.964728644733,307.02501703304966
2024-12-26,34.53017087371518,20.76135652355706,48.75388683185375,0.004919019676387561,6.062685948090294,SE,1020.0334104114754,11.393158272134567,87.41031014431955,27.645763698636117,13.76881435015812,24.61442072459097,2024,12,361,Verano,10.121968264252693,26,3,Thursday,December,Muy Caluroso,Llovizna,Brisa ligera,0.8236971297098505,6.252256817982542,30.141669040410004,15.434570068265852,52.27544148506663,0,0,Regular,Alto,Alta,Bajo,Desfavorables,Regular,17.645763698636117,2505.610492343369,324.6707807316858
2024-12-27,40.11146645826896,17.794261675063964,52.42702724181705,0.2933101143707392,5.267888530805804,NW,1011.7824001571387,11.105070694561213,45.49460808561153,28.95286406666646,22.317204783204993,26.318919801263558,2024,12,362,Verano,9.329002415865995,27,4,Friday,December,Muy Caluroso,Llovizna,Brisa ligera,0.8998252858087938,6.391871609730113,31.39737999975822,15.8764112003537,52.49112877739265,0,0,Regular,Extremo,Media,Bajo,Desfavorables,Desfavorable,18.95286406666646,2524.5633564100353,343.62364479835225
2024-12-28,27.85268265176627,16.327599087719307,61.72308141013416,0.05898519593836761,8.27559423694548,SE,1010.4723301884349,8.34113127781988,74.81363134314893,22.09014086974279,11.525083564046962,17.95234375127005,2024,12,363,Verano,10.07789727723331,28,5,Saturday,December,Templado,Llovizna,Brisa ligera,0.9041045982786875,6.443865861123232,31.536116732006015,15.795159831142021,53.137127619234434,0,0,Óptimo,Bajo,Media,Bajo,Desfavorables,Bueno,12.09014086974279,2536.653497279778,355.713785668095
2024-12-29,29.9385948498892,14.18971205011259,52.60529978683064,0.09147551989653566,2.3443998439366487,SW,1021.8250456485579,15.069721072421991,0.0,22.064153450000894,15.74888279977661,20.89195352803257,2024,12,364,Verano,7.46454056284976,29,6,Sunday,December,Caluroso,Llovizna,Calma,0.8002919566075812,6.348072955410057,31.121738299296034,16.7391048334655,51.935531774953965,0,0,Óptimo,Medio,Media,Bajo,Desfavorables,Bueno,12.064153450000894,2548.717650729779,367.7779391180959
2024-12-30,34.307243383709704,9.846429687273861,58.4718932814039,0.10379134102612901,7.111197669473355,N,1018.2959645365064,13.863133051298572,60.3542370833088,22.076836535491783,24.460813696435842,18.521237700755105,2024,12,365,Verano,5.757393858771244,30,0,Monday,December,Muy Caluroso,Llovizna,Brisa ligera,0.8218249922467894,4.58996076002798,32.10352469829419,16.704657149137354,52.80084362816452,0,0,Óptimo,Alto,Media,Bajo,Desfavorables,Regular,12.076836535491783,2560.7944872652706,379.8547756535877
