fecha,estacion,temperatura_max,temperatura_min,temperatura_promedio,humedad_relativa,velocidad_viento,direccion_viento,precipitacion,presion_atmosferica,nubosidad,radiacion_solar,punto_rocio,indice_calor,indice_frio,calidad_aire,uv_index
2020-10-08 23:03:39.132346,quillota_centro,17.7,2.7,10.2,93.1,20.1,56.2,0.0,1029.0,93.0,431.1,8.9,14.1,6.6,55.9,3.1
2020-10-09 23:03:39.132346,quillota_centro,16.2,0.5,8.4,97.9,19.9,177.8,0.0,1016.6,76.0,539.7,8.0,12.7,4.8,16.6,6.3
2020-10-10 23:03:39.132346,quillota_centro,18.7,-1.0,8.9,97.8,12.5,81.5,0.0,1009.6,92.8,387.5,8.5,13.2,6.0,57.4,3.6
2020-10-11 23:03:39.132346,quillota_centro,15.6,4.3,9.9,82.0,16.0,250.6,0.0,1014.2,73.9,473.7,6.7,12.8,6.7,66.1,5.0
2020-10-12 23:03:39.132346,quillota_centro,21.0,3.9,12.5,69.8,11.3,35.2,0.0,1032.0,36.0,695.5,7.0,14.2,9.8,5.1,5.0
2020-10-13 23:03:39.132346,quillota_centro,15.3,0.0,7.7,79.2,16.3,284.3,4.1,1014.0,79.5,629.4,3.9,10.3,4.4,42.1,3.3
2020-10-14 23:03:39.132346,quillota_centro,14.2,1.4,7.8,77.7,21.6,335.8,0.0,1025.0,57.6,448.2,3.8,10.3,4.1,72.1,5.6
2020-10-15 23:03:39.132346,quillota_centro,15.7,-1.7,7.0,89.2,10.2,14.7,0.0,1008.5,61.1,549.6,5.0,10.5,4.4,16.3,5.3
2020-10-16 23:03:39.132346,quillota_centro,15.8,4.2,10.0,81.2,16.2,61.5,0.0,1014.2,82.5,353.0,6.6,12.8,6.8,55.9,3.4
2020-10-17 23:03:39.132346,quillota_centro,18.5,6.8,12.7,84.5,16.3,42.1,0.0,998.5,92.4,514.1,9.9,15.8,9.4,36.7,4.8
2020-10-18 23:03:39.132346,quillota_centro,13.2,5.0,9.1,85.2,20.8,80.9,0.0,1010.8,67.5,310.1,6.4,12.3,5.5,43.9,4.9
2020-10-19 23:03:39.132346,quillota_centro,18.7,2.8,10.8,80.4,17.7,93.4,0.0,997.7,79.2,405.0,7.2,13.5,7.4,80.1,1.5
2020-10-20 23:03:39.132346,quillota_centro,18.9,3.1,11.0,87.6,13.4,178.4,0.0,1009.9,46.4,624.3,8.8,14.4,8.1,55.0,7.2
2020-10-21 23:03:39.132346,quillota_centro,13.9,4.0,8.9,88.6,13.6,138.4,0.0,1023.1,71.4,559.3,6.9,12.4,6.0,58.5,3.3
2020-10-22 23:03:39.132346,quillota_centro,19.4,4.1,11.8,87.5,10.5,299.6,0.0,1015.2,75.2,413.1,9.5,15.1,9.2,59.9,5.8
2020-10-23 23:03:39.132346,quillota_centro,16.2,-0.5,7.9,84.1,21.5,72.2,0.0,1014.5,59.2,697.3,5.0,10.9,4.2,31.9,5.0
2020-10-24 23:03:39.132346,quillota_centro,20.7,1.6,11.1,85.3,13.1,71.8,0.0,1010.7,42.5,720.0,8.5,14.3,8.3,57.9,5.9
2020-10-25 23:03:39.132346,quillota_centro,15.0,2.3,8.7,82.5,11.8,336.2,0.0,1002.9,59.5,612.9,5.5,11.6,5.9,47.8,6.4
2020-10-26 23:03:39.132346,quillota_centro,20.3,6.9,13.6,73.7,12.8,172.5,3.9,999.4,56.6,726.0,8.8,15.7,10.7,93.8,7.9
2020-10-27 23:03:39.132346,quillota_centro,17.6,0.0,8.8,98.0,4.8,140.7,0.0,1015.9,89.0,494.0,8.4,13.1,7.0,53.3,2.9
2020-10-28 23:03:39.132346,quillota_centro,15.8,2.3,9.0,95.8,8.2,161.0,0.0,997.2,96.5,467.2,8.3,13.2,6.7,50.0,3.6
2020-10-29 23:03:39.132346,quillota_centro,13.0,2.9,7.9,79.0,3.5,297.9,0.0,1007.5,20.5,713.3,4.1,10.6,6.5,52.8,5.6
2020-10-30 23:03:39.132346,quillota_centro,14.1,1.1,7.6,98.0,9.5,348.7,0.0,1013.6,100.0,629.9,7.3,11.9,5.2,59.9,4.3
2020-10-31 23:03:39.132346,quillota_centro,20.0,3.5,11.7,72.7,13.9,1.9,0.0,1027.8,35.7,596.4,6.8,13.8,8.8,35.9,5.8
2020-11-01 23:03:39.132346,quillota_centro,17.0,4.2,10.6,89.9,10.0,173.9,0.0,1027.2,80.1,491.7,8.8,14.2,8.1,0.0,4.3
2020-11-02 23:03:39.132346,quillota_centro,22.5,0.0,11.2,74.4,7.4,184.5,0.0,1014.0,51.6,637.7,6.6,13.4,9.1,32.4,7.0
2020-11-03 23:03:39.132346,quillota_centro,16.8,-0.1,8.4,92.2,7.0,308.9,0.0,1019.2,100.0,485.1,6.9,12.2,6.3,38.9,0.5
2020-11-04 23:03:39.132346,quillota_centro,18.3,1.7,10.0,81.7,14.3,40.5,0.0,1009.4,53.1,646.9,6.7,12.9,7.0,7.3,5.6
2020-11-05 23:03:39.132346,quillota_centro,15.8,3.9,9.9,87.3,16.4,205.9,0.0,1007.5,81.0,507.9,7.6,13.2,6.6,29.4,4.2
2020-11-06 23:03:39.132346,quillota_centro,14.8,4.0,9.4,98.0,13.6,308.7,0.0,1018.1,50.6,578.5,9.0,13.7,6.4,8.3,7.9
2020-11-07 23:03:39.132346,quillota_centro,22.7,5.3,14.0,54.5,9.6,357.8,0.0,1024.3,81.6,400.8,5.7,14.4,11.5,54.9,3.8
2020-11-08 23:03:39.132346,quillota_centro,19.3,2.5,10.9,79.0,13.2,271.2,0.0,1025.1,79.9,565.6,7.1,13.5,8.0,66.4,4.5
2020-11-09 23:03:39.132346,quillota_centro,19.6,5.2,12.4,76.1,9.5,129.7,0.0,1008.5,80.4,554.5,8.1,14.7,9.9,48.9,5.8
2020-11-10 23:03:39.132346,quillota_centro,16.9,5.5,11.2,59.2,10.0,191.1,0.0,1013.1,45.6,669.9,3.8,12.0,8.7,55.9,4.7
2020-11-11 23:03:39.132346,quillota_centro,13.4,4.6,9.0,91.1,15.2,165.5,0.0,1007.1,67.2,572.7,7.4,12.7,5.9,41.0,3.4
2020-11-12 23:03:39.132346,quillota_centro,17.6,3.1,10.3,84.5,3.3,208.8,0.0,1033.1,57.4,716.4,7.5,13.4,8.9,60.6,5.4
2020-11-13 23:03:39.132346,quillota_centro,19.5,3.4,11.5,74.8,0.0,335.9,0.0,1014.8,83.0,617.4,6.9,13.7,11.5,61.3,4.3
2020-11-14 23:03:39.132346,quillota_centro,17.1,2.4,9.8,85.9,17.9,227.6,0.0,1024.7,100.0,400.5,7.2,13.0,6.4,39.1,2.7
2020-11-15 23:03:39.132346,quillota_centro,17.2,1.8,9.5,83.5,3.0,260.4,6.7,1026.2,100.0,352.7,6.5,12.5,8.1,52.2,4.3
2020-11-16 23:03:39.132346,quillota_centro,18.8,1.4,10.1,82.1,7.7,329.0,0.0,1023.3,49.2,516.9,6.9,13.0,7.9,59.2,6.3
2020-11-17 23:03:39.132346,quillota_centro,17.9,8.9,13.4,83.5,10.8,201.8,0.0,1005.6,51.2,729.0,10.4,16.4,10.8,69.9,6.4
2020-11-18 23:03:39.132346,quillota_centro,20.3,3.7,12.0,71.3,6.1,72.8,0.0,1022.6,46.9,593.5,6.8,13.9,10.0,62.0,6.2
2020-11-19 23:03:39.132346,quillota_centro,18.3,0.2,9.3,98.0,19.8,140.1,0.0,1008.3,96.0,482.1,8.9,13.6,5.7,40.9,4.5
2020-11-20 23:03:39.132346,quillota_centro,18.1,1.9,10.0,86.7,13.3,305.1,0.0,1008.1,70.1,548.9,7.6,13.3,7.1,30.1,4.8
2020-11-21 23:03:39.132346,quillota_centro,17.4,0.1,8.7,98.0,10.7,130.1,0.0,996.2,66.7,739.7,8.4,13.0,6.1,39.5,4.9
2020-11-22 23:03:39.132346,quillota_centro,17.9,7.8,12.8,89.6,12.1,183.5,0.0,992.4,100.0,421.3,10.9,16.4,10.0,50.7,3.4
2020-11-23 23:03:39.132346,quillota_centro,19.8,4.0,11.9,94.9,5.5,97.8,0.0,1008.0,61.7,725.6,11.0,15.9,10.0,39.8,6.1
2020-11-24 23:03:39.132346,quillota_centro,20.5,4.4,12.5,78.5,16.8,165.3,0.0,1015.2,74.8,499.9,8.5,15.0,9.2,45.7,1.1
2020-11-25 23:03:39.132346,quillota_centro,17.0,2.9,10.0,86.5,17.1,185.1,0.0,995.1,87.2,491.7,7.5,13.2,6.6,53.4,2.9
2020-11-26 23:03:39.132346,quillota_centro,15.7,4.9,10.3,85.3,6.5,121.5,0.0,984.2,65.8,483.1,7.7,13.5,8.3,12.4,3.5
2020-11-27 23:03:39.132346,quillota_centro,21.7,0.5,11.1,92.4,19.9,154.5,0.0,1005.9,91.6,378.7,9.7,14.9,7.5,60.1,6.0
2020-11-28 23:03:39.132346,quillota_centro,20.4,3.2,11.8,84.5,13.8,185.2,0.0,991.7,87.6,343.4,9.0,14.9,8.9,75.1,3.6
2020-11-29 23:03:39.132346,quillota_centro,14.1,3.8,8.9,93.9,20.0,129.1,0.0,1003.0,100.0,353.5,7.8,12.9,5.4,77.6,3.0
2020-11-30 23:03:39.132346,quillota_centro,18.7,2.4,10.5,88.0,10.5,44.8,0.0,1017.6,29.2,801.4,8.4,14.0,7.9,47.5,7.0
2020-12-01 23:03:39.132346,quillota_centro,20.9,9.1,15.0,73.9,9.7,340.5,0.0,1008.7,58.9,605.3,10.2,17.1,12.5,43.4,5.8
2020-12-02 23:03:39.132346,quillota_centro,16.1,8.8,12.4,85.2,21.8,205.3,0.0,999.7,94.1,411.0,9.8,15.6,8.7,12.6,4.4
2020-12-03 23:03:39.132346,quillota_centro,22.3,5.5,13.9,82.0,12.2,17.7,0.0,1009.6,64.7,636.2,10.6,16.8,11.1,35.5,4.9
2020-12-04 23:03:39.132346,quillota_centro,18.9,6.7,12.8,85.4,15.0,292.3,0.0,1021.0,87.3,458.2,10.1,16.0,9.7,53.0,3.1
2020-12-05 23:03:39.132346,quillota_centro,19.5,5.4,12.4,77.8,4.0,164.9,0.0,1031.5,67.6,744.7,8.4,14.9,10.8,62.9,2.7
2020-12-06 23:03:39.132346,quillota_centro,19.2,7.2,13.2,84.1,4.5,25.4,0.0,1016.4,80.2,482.2,10.3,16.3,11.5,28.9,4.7
2020-12-07 23:03:39.132346,quillota_centro,24.6,8.4,16.5,89.3,6.6,168.9,0.0,1018.6,70.0,650.0,14.6,20.0,14.5,22.8,6.8
2020-12-08 23:03:39.132346,quillota_centro,19.0,7.5,13.3,98.0,5.3,228.5,0.0,1026.2,88.6,657.5,12.9,17.6,11.4,31.9,2.7
2020-12-09 23:03:39.132346,quillota_centro,21.3,3.5,12.4,67.7,9.4,213.0,0.0,1014.5,77.6,690.2,6.5,14.0,10.0,40.0,8.4
2020-12-10 23:03:39.132346,quillota_centro,23.0,8.6,15.8,86.6,5.4,173.5,0.0,1034.7,56.3,509.5,13.3,19.1,13.9,62.5,5.8
2020-12-11 23:03:39.132346,quillota_centro,20.0,8.2,14.1,67.4,14.1,334.6,0.0,1021.0,69.0,655.2,8.2,15.7,11.1,41.8,4.2
2020-12-12 23:03:39.132346,quillota_centro,18.9,7.2,13.1,74.3,8.2,81.9,0.0,1028.3,71.4,546.9,8.4,15.2,10.8,18.4,4.9
2020-12-13 23:03:39.132346,quillota_centro,25.3,3.9,14.6,72.7,7.0,124.9,0.0,1001.9,60.3,759.9,9.6,16.6,12.4,52.1,7.7
2020-12-14 23:03:39.132346,quillota_centro,17.6,4.8,11.2,98.0,7.1,86.0,0.0,1006.4,100.0,378.2,10.8,15.5,9.1,33.3,1.6
2020-12-15 23:03:39.132346,quillota_centro,19.6,6.7,13.1,73.3,11.0,48.0,0.0,995.2,53.3,680.7,8.3,15.2,10.5,46.6,7.6
2020-12-16 23:03:39.132346,quillota_centro,21.1,6.7,13.9,89.7,5.0,241.5,0.0,1012.5,67.8,427.4,12.0,17.5,12.1,51.2,2.9
2020-12-17 23:03:39.132346,quillota_centro,18.2,3.5,10.9,90.9,6.5,146.0,0.0,994.7,58.7,511.0,9.2,14.5,8.8,62.4,2.8
2020-12-18 23:03:39.132346,quillota_centro,22.6,3.5,13.1,67.2,10.4,84.6,0.0,1010.2,86.5,343.4,7.1,14.6,10.5,40.1,4.8
2020-12-19 23:03:39.132346,quillota_centro,21.5,8.8,15.1,98.0,7.8,152.2,0.0,1013.3,100.0,408.9,14.8,19.4,12.9,58.4,2.6
2020-12-20 23:03:39.132346,quillota_centro,24.3,8.8,16.6,67.3,13.5,76.3,0.0,1024.6,45.5,507.6,10.6,18.1,13.6,19.6,4.6
2020-12-21 23:03:39.132346,quillota_centro,21.4,2.4,11.9,98.0,8.2,307.2,0.0,1005.0,93.8,437.7,11.5,16.2,9.6,52.8,2.8
2020-12-22 23:03:39.132346,quillota_centro,19.8,5.1,12.4,73.3,8.7,279.3,0.0,1009.9,37.3,730.8,7.6,14.5,10.1,37.9,7.5
2020-12-23 23:03:39.132346,quillota_centro,20.8,7.5,14.1,98.0,15.8,202.2,0.0,1007.2,65.0,455.8,13.8,18.5,11.0,53.6,4.4
2020-12-24 23:03:39.132346,quillota_centro,19.3,5.3,12.3,82.9,15.1,353.3,0.0,1023.1,45.2,727.8,9.2,15.3,9.2,40.9,6.6
2020-12-25 23:03:39.132346,quillota_centro,22.2,0.2,11.2,92.9,4.8,60.6,0.0,995.3,73.0,631.1,9.9,15.1,9.5,19.5,6.5
2020-12-26 23:03:39.132346,quillota_centro,20.1,7.3,13.7,77.3,14.2,71.7,0.0,1020.7,62.0,605.0,9.6,16.1,10.7,77.2,5.5
2020-12-27 23:03:39.132346,quillota_centro,19.8,6.6,13.2,88.2,5.6,72.4,0.0,1010.5,74.7,566.2,11.0,16.6,11.3,47.0,5.5
2020-12-28 23:03:39.132346,quillota_centro,24.0,8.2,16.1,60.8,11.2,98.0,0.0,1019.5,56.4,608.8,9.0,17.1,13.4,65.0,9.5
2020-12-29 23:03:39.132346,quillota_centro,16.1,10.4,13.2,73.7,11.3,272.4,0.0,1016.1,50.8,693.2,8.5,15.4,10.6,37.7,4.9
2020-12-30 23:03:39.132346,quillota_centro,18.7,10.1,14.4,84.5,15.1,206.0,0.0,1011.4,53.7,537.5,11.6,17.5,11.3,39.1,5.6
2020-12-31 23:03:39.132346,quillota_centro,20.0,6.4,13.2,72.4,7.0,222.9,0.0,1002.9,55.1,499.5,8.2,15.2,11.1,88.5,4.3
2021-01-01 23:03:39.132346,quillota_centro,22.7,7.2,14.9,88.2,0.0,33.7,0.0,1024.1,39.3,665.8,12.8,18.4,14.9,44.8,9.2
2021-01-02 23:03:39.132346,quillota_centro,18.2,11.2,14.7,70.7,3.9,68.9,0.0,1021.9,53.2,691.5,9.4,16.6,13.2,40.6,5.1
2021-01-03 23:03:39.132346,quillota_centro,27.6,5.5,16.6,72.8,0.0,30.9,0.0,1022.7,65.9,636.4,11.6,18.6,16.6,38.2,4.0
2021-01-04 23:03:39.132346,quillota_centro,20.8,7.7,14.3,89.4,0.0,87.0,0.0,1010.3,71.1,653.1,12.4,17.8,14.3,37.2,5.4
2021-01-05 23:03:39.132346,quillota_centro,26.0,7.3,16.7,72.4,0.0,16.9,0.0,1015.9,59.1,628.0,11.6,18.7,16.7,52.2,6.2
2021-01-06 23:03:39.132346,quillota_centro,22.3,11.5,16.9,80.6,0.0,310.2,0.0,1016.9,29.2,760.6,13.4,19.6,16.9,62.0,5.5
2021-01-07 23:03:39.132346,quillota_centro,20.9,8.6,14.7,67.5,0.0,160.8,0.0,1031.9,56.3,755.8,8.8,16.3,14.7,7.6,6.5
2021-01-08 23:03:39.132346,quillota_centro,23.6,11.5,17.5,91.1,7.5,290.7,0.0,1017.9,47.7,555.0,15.9,21.2,15.4,66.8,6.7
2021-01-09 23:03:39.132346,quillota_centro,25.9,11.4,18.6,74.7,7.0,321.9,0.0,1031.3,61.5,566.0,14.0,20.9,16.5,21.7,5.8
2021-01-10 23:03:39.132346,quillota_centro,22.6,9.6,16.1,95.7,3.9,213.1,0.0,1003.0,91.9,555.2,15.3,20.2,14.5,61.6,5.3
2021-01-11 23:03:39.132346,quillota_centro,24.5,8.5,16.5,74.1,15.2,50.8,11.7,1015.6,87.1,442.9,11.8,18.7,13.4,49.6,2.5
2021-01-12 23:03:39.132346,quillota_centro,22.5,10.8,16.6,81.5,0.0,185.7,0.0,1009.5,34.4,801.5,13.3,19.4,16.6,18.7,4.4
2021-01-13 23:03:39.132346,quillota_centro,23.7,9.5,16.6,84.8,3.4,289.1,0.0,1004.5,63.8,723.1,13.8,19.7,15.1,65.9,5.4
2021-01-14 23:03:39.132346,quillota_centro,21.3,10.5,15.9,61.8,10.3,163.2,0.0,1019.9,60.6,706.2,9.0,17.0,13.4,29.9,4.3
2021-01-15 23:03:39.132346,quillota_centro,19.9,5.7,12.8,90.2,6.9,120.0,0.0,1009.8,45.4,858.3,11.0,16.4,10.7,76.5,5.6
2021-01-16 23:03:39.132346,quillota_centro,23.5,10.3,16.9,80.0,8.1,296.6,0.0,996.8,78.3,450.8,13.3,19.6,14.7,16.7,2.1
2021-01-17 23:03:39.132346,quillota_centro,21.4,12.7,17.1,75.5,14.0,212.6,0.0,1011.0,96.9,505.4,12.6,19.4,14.1,55.8,5.4
2021-01-18 23:03:39.132346,quillota_centro,22.9,8.6,15.8,80.9,1.5,250.6,0.0,1013.1,55.9,616.8,12.3,18.5,14.8,42.2,6.1
2021-01-19 23:03:39.132346,quillota_centro,23.9,7.9,15.9,59.4,8.0,32.3,0.0,1005.3,67.0,650.7,8.5,16.7,13.6,59.5,7.7
2021-01-20 23:03:39.132346,quillota_centro,19.9,13.6,16.8,76.7,4.8,61.6,0.0,996.0,56.2,650.0,12.5,19.2,15.0,71.3,7.8
2021-01-21 23:03:39.132346,quillota_centro,28.0,7.1,17.5,74.1,0.1,34.4,0.0,997.6,67.5,509.7,12.8,19.7,17.3,10.7,2.9
2021-01-22 23:03:39.132346,quillota_centro,26.4,10.4,18.4,68.2,7.1,305.4,0.0,999.9,30.6,799.1,12.6,20.0,16.2,36.6,8.4
2021-01-23 23:03:39.132346,quillota_centro,20.6,12.4,16.5,83.7,7.1,218.1,0.0,1010.2,56.8,868.7,13.5,19.5,14.4,59.8,6.0
2021-01-24 23:03:39.132346,quillota_centro,23.9,9.3,16.6,95.5,9.9,45.8,0.0,1019.2,71.7,492.1,15.8,20.7,14.1,52.8,2.5
2021-01-25 23:03:39.132346,quillota_centro,24.3,9.7,17.0,68.5,4.9,315.5,0.0,1019.1,62.4,612.9,11.3,18.6,15.2,29.9,8.5
2021-01-26 23:03:39.132346,quillota_centro,27.0,7.9,17.5,98.0,7.5,298.1,0.0,1008.9,100.0,613.4,17.1,21.8,15.3,43.9,3.8
2021-01-27 23:03:39.132346,quillota_centro,21.1,13.6,17.4,71.6,0.7,352.0,0.0,1013.8,92.7,499.2,12.2,19.3,16.7,84.9,2.4
2021-01-28 23:03:39.132346,quillota_centro,24.6,8.2,16.4,82.4,10.9,73.6,0.0,1022.6,33.4,679.9,13.2,19.4,13.8,29.4,8.9
2021-01-29 23:03:39.132346,quillota_centro,23.9,12.5,18.2,72.2,15.2,144.6,0.0,1024.0,84.1,578.4,13.1,20.2,15.0,53.1,4.2
2021-01-30 23:03:39.132346,quillota_centro,23.1,10.0,16.5,75.0,7.0,248.4,0.0,1003.8,83.4,623.8,12.0,18.8,14.4,43.6,7.2
2021-01-31 23:03:39.132346,quillota_centro,24.0,10.7,17.3,67.8,3.3,126.5,0.0,1018.4,81.5,428.7,11.5,18.9,15.9,62.3,1.4
2021-02-01 23:03:39.132346,quillota_centro,23.6,12.6,18.1,73.1,1.7,2.9,5.3,1009.0,94.0,360.7,13.2,20.2,17.1,65.6,1.1
2021-02-02 23:03:39.132346,quillota_centro,32.7,14.6,23.6,60.2,7.0,330.5,0.0,1007.7,45.6,634.0,16.4,24.6,21.5,32.5,8.3
2021-02-03 23:03:39.132346,quillota_centro,29.9,11.2,20.5,78.6,7.9,38.5,0.0,1020.6,97.1,495.9,16.6,23.1,18.3,83.3,1.3
2021-02-04 23:03:39.132346,quillota_centro,28.6,15.3,22.0,56.4,2.3,337.1,2.3,1009.1,25.1,750.9,14.1,22.6,20.8,38.6,6.2
2021-02-05 23:03:39.132346,quillota_centro,26.2,16.5,21.4,68.9,3.4,81.5,0.0,1019.5,31.6,723.1,15.7,23.1,19.9,29.6,6.4
2021-02-06 23:03:39.132346,quillota_centro,28.2,16.0,22.1,83.2,3.8,243.3,0.0,1010.4,83.0,600.7,19.0,25.1,20.5,25.0,4.5
2021-02-07 23:03:39.132346,quillota_centro,30.3,12.4,21.4,69.7,2.9,106.5,0.0,1018.3,76.9,635.7,15.9,23.1,20.0,50.9,3.9
2021-02-08 23:03:39.132346,quillota_centro,31.1,17.1,24.1,70.4,0.0,105.6,0.0,1019.5,56.1,757.6,18.7,26.0,24.1,38.4,2.9
2021-02-09 23:03:39.132346,quillota_centro,30.8,15.6,23.2,56.7,2.2,352.3,0.0,1012.4,83.7,587.2,15.3,23.8,22.0,34.7,4.3
2021-02-10 23:03:39.132346,quillota_centro,28.0,12.1,20.1,66.4,1.5,19.1,0.0,1003.8,30.5,683.9,14.0,21.5,19.1,51.2,7.0
2021-02-11 23:03:39.132346,quillota_centro,23.1,13.3,18.2,66.0,14.6,284.5,0.0,1017.2,57.8,447.1,12.0,19.7,15.2,62.3,5.2
2021-02-12 23:03:39.132346,quillota_centro,28.5,13.3,20.9,65.5,6.0,191.6,0.0,1011.1,68.8,476.8,14.7,22.3,19.0,49.6,3.2
2021-02-13 23:03:39.132346,quillota_centro,28.0,13.8,20.9,84.2,5.7,177.1,0.0,1035.3,57.8,569.2,18.1,24.0,19.0,35.5,4.7
2021-02-14 23:03:39.132346,quillota_centro,30.1,13.2,21.6,70.0,7.6,156.8,0.0,1006.3,59.2,548.5,16.2,23.4,19.4,19.3,4.6
2021-02-15 23:03:39.132346,quillota_centro,23.2,10.8,17.0,79.4,0.7,309.0,0.0,1013.5,81.7,569.4,13.3,19.7,16.4,59.9,4.3
2021-02-16 23:03:39.132346,quillota_centro,30.9,15.5,23.2,70.4,0.0,345.4,0.0,999.5,74.5,634.7,17.8,25.0,23.2,54.9,2.4
2021-02-17 23:03:39.132346,quillota_centro,25.7,15.1,20.4,57.3,9.2,183.2,0.0,1004.6,77.3,465.8,12.6,21.1,18.0,1.8,5.4
2021-02-18 23:03:39.132346,quillota_centro,26.3,11.6,19.0,68.5,6.5,62.4,0.0,995.8,39.3,660.6,13.2,20.6,16.9,49.2,8.3
2021-02-19 23:03:39.132346,quillota_centro,28.3,15.1,21.7,49.7,8.7,327.7,0.0,1031.9,3.7,765.2,12.6,21.7,19.4,40.8,11.0
2021-02-20 23:03:39.132346,quillota_centro,30.7,13.5,22.1,67.7,0.0,174.7,0.0,1015.7,37.3,592.0,16.3,23.7,22.1,56.2,7.8
2021-02-21 23:03:39.132346,quillota_centro,27.5,13.1,20.3,82.9,7.9,256.5,0.0,1015.4,45.1,498.8,17.2,23.3,18.1,52.4,5.2
2021-02-22 23:03:39.132346,quillota_centro,22.5,13.1,17.8,78.3,0.6,244.4,0.0,1001.4,57.7,531.4,13.8,20.3,17.1,51.0,6.7
2021-02-23 23:03:39.132346,quillota_centro,31.0,14.7,22.9,48.2,1.6,158.9,0.0,1031.8,66.5,531.5,13.5,22.7,21.9,41.7,6.5
2021-02-24 23:03:39.132346,quillota_centro,23.2,13.9,18.5,68.9,7.4,77.1,0.0,1004.8,62.5,461.6,12.9,20.2,16.4,53.7,4.4
2021-02-25 23:03:39.132346,quillota_centro,27.8,14.1,21.0,67.0,7.9,220.3,0.0,1003.0,72.0,484.1,15.0,22.5,18.7,22.7,6.8
2021-02-26 23:03:39.132346,quillota_centro,24.2,11.6,17.9,71.8,5.7,48.0,0.0,1017.8,54.4,542.7,12.7,19.8,16.0,56.5,8.2
2021-02-27 23:03:39.132346,quillota_centro,29.6,13.9,21.7,72.0,5.9,64.9,0.0,1019.0,79.1,655.8,16.6,23.7,19.8,85.3,5.0
2021-02-28 23:03:39.132346,quillota_centro,27.7,10.7,19.2,61.1,0.0,334.4,0.0,1019.4,58.2,516.4,12.1,20.2,19.2,14.4,8.1
2021-03-01 23:03:39.132346,quillota_centro,31.8,18.8,25.3,72.8,0.0,308.3,0.0,1005.2,92.1,438.2,20.3,27.3,25.3,18.7,4.2
2021-03-02 23:03:39.132346,quillota_centro,35.6,18.7,27.2,66.9,4.6,81.0,0.0,1010.4,38.9,648.0,21.1,28.7,25.5,23.0,6.2
2021-03-03 23:03:39.132346,quillota_centro,26.4,13.5,19.9,59.5,0.0,106.5,9.0,1006.0,100.0,370.4,12.6,20.8,19.9,79.9,5.0
2021-03-04 23:03:39.132346,quillota_centro,28.4,16.7,22.5,78.8,0.0,99.2,0.0,1009.4,80.3,511.4,18.7,25.1,22.5,53.3,3.6
2021-03-05 23:03:39.132346,quillota_centro,30.5,15.4,22.9,59.7,9.1,167.0,0.0,1023.0,46.2,685.8,15.6,23.8,20.5,18.1,9.2
2021-03-06 23:03:39.132346,quillota_centro,30.7,14.9,22.8,80.7,4.1,55.4,0.0,1006.1,82.8,732.6,19.3,25.6,21.2,31.1,2.6
2021-03-07 23:03:39.132346,quillota_centro,27.1,17.4,22.3,72.0,4.2,349.2,0.0,1011.0,73.7,625.2,17.2,24.2,20.6,73.4,5.2
2021-03-08 23:03:39.132346,quillota_centro,31.9,19.5,25.7,62.6,8.2,40.5,0.0,1019.8,61.4,481.5,18.9,26.8,23.4,42.6,6.1
2021-03-09 23:03:39.132346,quillota_centro,27.8,15.3,21.5,57.8,0.0,96.8,0.0,1021.1,44.3,708.3,13.9,22.2,21.5,73.5,7.1
2021-03-10 23:03:39.132346,quillota_centro,29.2,17.1,23.2,70.2,1.8,289.6,0.0,1004.7,52.7,694.7,17.7,25.0,22.1,86.1,7.0
2021-03-11 23:03:39.132346,quillota_centro,34.1,17.9,26.0,56.3,5.5,209.3,0.0,996.1,66.7,587.7,18.1,26.6,24.1,34.6,4.0
2021-03-12 23:03:39.132346,quillota_centro,32.1,16.3,24.2,49.5,3.0,102.6,0.0,1003.4,28.2,880.7,15.0,24.2,22.8,48.8,8.4
2021-03-13 23:03:39.132346,quillota_centro,29.1,14.6,21.8,51.0,2.3,168.5,0.0,1005.9,56.7,638.7,12.9,21.9,20.6,61.0,7.6
2021-03-14 23:03:39.132346,quillota_centro,30.0,17.9,23.9,68.5,3.9,214.8,0.0,993.0,28.8,809.8,18.2,25.6,22.3,47.5,7.1
2021-03-15 23:03:39.132346,quillota_centro,28.2,15.7,21.9,85.4,8.3,289.4,0.0,1005.7,54.3,629.9,19.3,25.1,19.6,40.1,5.0
2021-03-16 23:03:39.132346,quillota_centro,32.7,17.7,25.2,44.7,8.8,85.5,0.0,1027.4,32.3,736.0,15.1,24.7,22.8,28.8,8.1
2021-03-17 23:03:39.132346,quillota_centro,32.3,15.1,23.7,55.8,0.5,350.6,0.0,1007.1,76.5,693.0,15.7,24.2,23.1,61.6,4.9
2021-03-18 23:03:39.132346,quillota_centro,27.1,16.6,21.9,66.0,12.6,274.3,0.0,1021.0,33.8,643.1,15.7,23.3,19.0,47.4,5.4
2021-03-19 23:03:39.132346,quillota_centro,31.6,14.3,23.0,61.1,10.3,242.7,0.0,1022.7,57.2,500.4,15.9,24.0,20.4,80.2,5.6
2021-03-20 23:03:39.132346,quillota_centro,30.7,13.1,21.9,72.3,9.1,161.1,0.0,994.6,61.2,539.8,16.9,23.9,19.5,24.5,3.8
2021-03-21 23:03:39.132346,quillota_centro,30.7,19.2,25.0,74.3,0.0,124.2,0.0,1011.1,61.2,618.5,20.3,27.2,25.0,28.9,5.5
2021-03-22 23:03:39.132346,quillota_centro,30.4,16.8,23.6,65.0,0.0,157.5,0.0,1020.9,45.9,592.4,17.2,24.9,23.6,80.2,5.8
2021-03-23 23:03:39.132346,quillota_centro,33.7,12.6,23.2,49.0,0.0,81.6,0.0,1013.7,55.1,778.9,13.9,23.1,23.2,49.0,5.6
2021-03-24 23:03:39.132346,quillota_centro,33.0,14.1,23.6,82.5,6.1,161.8,0.0,1017.1,71.5,439.3,20.4,26.5,21.6,12.4,3.9
2021-03-25 23:03:39.132346,quillota_centro,29.1,18.2,23.6,57.0,2.0,122.5,0.0,1005.0,59.1,575.6,15.8,24.3,22.5,40.9,7.6
2021-03-26 23:03:39.132346,quillota_centro,28.5,17.9,23.2,48.1,7.7,93.2,0.0,1004.9,47.0,607.8,13.8,23.0,21.0,31.1,6.3
2021-03-27 23:03:39.132346,quillota_centro,31.5,17.2,24.3,67.5,0.0,275.2,0.0,1017.0,54.1,816.6,18.4,25.9,24.3,54.9,4.5
2021-03-28 23:03:39.132346,quillota_centro,31.7,16.3,24.0,55.7,7.9,215.9,0.0,1004.5,29.6,720.1,16.0,24.5,21.8,53.7,7.6
2021-03-29 23:03:39.132346,quillota_centro,32.0,16.2,24.1,61.0,5.8,287.5,0.0,1000.2,55.2,685.3,17.0,25.1,22.2,41.0,6.5
2021-03-30 23:03:39.132346,quillota_centro,32.4,13.2,22.8,77.2,0.1,193.4,0.0,1035.9,69.0,447.0,18.7,25.3,22.5,64.3,5.0
2021-03-31 23:03:39.132346,quillota_centro,30.5,16.9,23.7,65.2,18.0,194.2,0.0,1034.9,38.4,762.1,17.4,25.1,20.3,46.5,4.2
2021-04-01 23:03:39.132346,quillota_centro,30.1,14.6,22.3,53.6,12.9,258.9,0.0,1025.0,78.6,358.5,13.9,22.7,19.5,20.4,3.4
2021-04-02 23:03:39.132346,quillota_centro,28.5,16.8,22.7,79.7,12.4,264.3,0.0,1013.8,79.1,465.6,19.0,25.3,19.9,50.8,6.6
2021-04-03 23:03:39.132346,quillota_centro,32.0,19.2,25.6,58.6,3.0,318.7,0.0,1015.1,60.8,583.5,18.0,26.3,24.2,38.2,3.9
2021-04-04 23:03:39.132346,quillota_centro,33.6,18.7,26.2,67.2,0.0,79.1,0.0,1013.9,56.2,566.8,20.2,27.7,26.2,73.3,5.3
2021-04-05 23:03:39.132346,quillota_centro,32.5,22.2,27.4,62.9,4.4,301.0,0.0,1032.3,34.6,780.1,20.6,28.5,25.7,32.2,8.7
2021-04-06 23:03:39.132346,quillota_centro,31.1,15.3,23.2,67.1,0.7,156.1,0.0,1011.4,39.9,702.5,17.3,24.8,22.6,47.5,4.7
2021-04-07 23:03:39.132346,quillota_centro,35.5,18.3,26.9,70.3,12.4,154.0,0.0,1014.1,24.6,596.2,21.5,28.7,24.1,31.6,8.4
2021-04-08 23:03:39.132346,quillota_centro,34.1,16.7,25.4,63.5,0.0,11.8,4.5,1016.3,52.9,791.2,18.7,26.6,25.4,50.5,5.5
2021-04-09 23:03:39.132346,quillota_centro,29.9,20.4,25.1,56.9,13.4,285.6,0.0,1022.1,56.0,638.2,17.3,25.7,22.2,58.2,5.1
2021-04-10 23:03:39.132346,quillota_centro,31.4,18.5,24.9,63.1,2.4,10.5,0.0,1009.9,55.1,633.7,18.2,26.1,23.7,60.2,5.8
2021-04-11 23:03:39.132346,quillota_centro,33.9,20.8,27.4,61.9,2.2,190.5,0.0,994.0,18.3,770.3,20.4,28.4,26.2,52.1,6.0
2021-04-12 23:03:39.132346,quillota_centro,31.7,22.3,27.0,49.0,0.0,6.2,0.0,1033.2,13.5,1054.6,17.7,26.9,27.0,55.3,7.5
2021-04-13 23:03:39.132346,quillota_centro,32.9,18.4,25.7,62.3,15.7,60.7,0.0,1020.8,40.4,686.6,18.8,26.8,22.5,47.6,7.8
2021-04-14 23:03:39.132346,quillota_centro,29.8,15.9,22.8,65.4,11.0,271.1,0.0,991.2,50.8,764.5,16.5,24.2,20.2,22.5,7.2
2021-04-15 23:03:39.132346,quillota_centro,28.4,17.9,23.2,41.7,11.7,140.4,0.0,1009.5,34.1,718.6,12.6,22.4,20.4,47.5,7.9
2021-04-16 23:03:39.132346,quillota_centro,32.6,20.3,26.4,78.0,3.2,286.1,0.0,1011.9,77.2,565.7,22.4,28.9,25.0,16.6,4.2
2021-04-17 23:03:39.132346,quillota_centro,29.6,19.1,24.4,46.7,0.0,39.5,0.0,1004.1,66.6,490.2,14.7,24.1,24.4,48.7,7.3
2021-04-18 23:03:39.132346,quillota_centro,30.5,18.9,24.7,69.8,9.4,301.3,0.0,1011.1,49.1,619.1,19.2,26.5,22.3,53.9,3.6
2021-04-19 23:03:39.132346,quillota_centro,31.1,16.1,23.6,64.0,9.1,321.1,0.0,1013.2,50.9,693.4,17.0,24.9,21.2,36.1,6.0
2021-04-20 23:03:39.132346,quillota_centro,30.8,20.9,25.8,58.6,5.5,118.6,0.0,1012.4,45.6,625.9,18.3,26.6,24.0,43.3,4.8
2021-04-21 23:03:39.132346,quillota_centro,28.1,17.8,22.9,56.5,3.2,120.6,0.0,1012.0,53.3,639.5,15.0,23.5,21.5,44.8,6.8
2021-04-22 23:03:39.132346,quillota_centro,29.6,14.7,22.2,40.5,4.8,169.9,0.0,1009.2,36.7,667.8,11.4,21.3,20.4,45.6,5.9
2021-04-23 23:03:39.132346,quillota_centro,32.2,16.0,24.1,65.7,8.4,162.3,0.0,996.6,58.7,600.3,17.9,25.5,21.8,42.9,7.0
2021-04-24 23:03:39.132346,quillota_centro,32.3,16.4,24.4,66.7,2.5,344.1,0.0,1002.0,79.4,675.5,18.3,25.9,23.1,30.5,4.9
2021-04-25 23:03:39.132346,quillota_centro,34.0,16.2,25.1,62.9,0.0,129.6,3.3,1019.1,41.1,785.8,18.3,26.2,25.1,36.8,8.2
2021-04-26 23:03:39.132346,quillota_centro,36.4,20.2,28.3,63.1,0.0,214.9,0.0,1034.4,69.5,634.0,21.6,29.5,28.3,27.5,3.6
2021-04-27 23:03:39.132346,quillota_centro,31.0,18.4,24.7,58.9,10.6,225.1,0.0,1014.6,69.2,653.7,17.2,25.5,22.1,44.3,4.3
2021-04-28 23:03:39.132346,quillota_centro,30.6,19.4,25.0,58.8,3.4,136.8,0.0,1005.2,84.9,465.2,17.5,25.8,23.5,48.1,5.0
2021-04-29 23:03:39.132346,quillota_centro,33.2,15.8,24.5,43.1,8.8,152.4,0.0,1027.3,34.0,709.0,14.2,23.9,22.1,58.5,6.9
2021-04-30 23:03:39.132346,quillota_centro,33.0,15.4,24.2,60.2,0.0,245.5,0.0,1022.2,48.2,761.5,17.0,25.1,24.2,113.6,6.5
2021-05-01 23:03:39.132346,quillota_centro,29.7,15.8,22.8,71.7,8.3,242.0,5.7,1018.7,100.0,594.0,17.6,24.7,20.5,66.5,4.3
2021-05-02 23:03:39.132346,quillota_centro,29.1,16.2,22.6,63.2,9.6,58.6,0.0,1023.5,44.0,837.2,15.9,23.8,20.2,41.4,6.4
2021-05-03 23:03:39.132346,quillota_centro,31.6,14.9,23.3,61.9,6.1,137.2,0.0,1024.0,59.2,631.6,16.3,24.3,21.3,54.3,7.6
2021-05-04 23:03:39.132346,quillota_centro,29.2,15.2,22.2,70.7,7.2,32.3,0.0,1005.0,73.8,532.5,16.9,24.0,20.0,43.4,5.3
2021-05-05 23:03:39.132346,quillota_centro,26.3,14.5,20.4,86.1,7.1,349.9,0.0,1013.6,63.9,431.4,17.8,23.6,18.2,33.8,7.9
2021-05-06 23:03:39.132346,quillota_centro,31.7,19.3,25.5,40.7,2.9,203.6,0.0,1019.2,47.9,599.3,14.7,24.6,24.1,72.8,5.4
2021-05-07 23:03:39.132346,quillota_centro,29.1,15.0,22.0,56.2,1.3,325.8,19.0,1022.3,100.0,383.1,14.1,22.6,21.1,61.1,6.4
2021-05-08 23:03:39.132346,quillota_centro,24.9,15.4,20.1,91.0,10.0,331.9,1.3,1015.6,91.8,463.2,18.5,23.8,17.6,0.0,3.2
2021-05-09 23:03:39.132346,quillota_centro,35.8,18.6,27.2,61.3,3.4,196.3,0.0,1011.6,65.6,594.9,20.2,28.2,25.7,98.9,3.9
2021-05-10 23:03:39.132346,quillota_centro,32.9,18.1,25.5,66.1,9.2,254.8,0.0,1017.9,66.4,702.1,19.3,26.9,23.1,19.3,5.3
2021-05-11 23:03:39.132346,quillota_centro,37.6,15.7,26.7,50.7,8.7,205.3,0.0,1007.5,47.7,516.4,17.7,26.7,24.3,61.5,8.7
2021-05-12 23:03:39.132346,quillota_centro,30.0,16.9,23.4,72.0,9.3,127.7,16.1,1009.5,100.0,375.2,18.4,25.4,21.0,57.4,0.9
2021-05-13 23:03:39.132346,quillota_centro,34.2,19.3,26.8,50.1,4.2,3.6,0.0,998.3,35.4,698.5,17.7,26.8,25.2,32.4,8.1
2021-05-14 23:03:39.132346,quillota_centro,33.7,17.8,25.8,64.4,5.3,19.8,0.0,1032.7,68.1,702.1,19.3,27.1,23.9,33.3,6.8
2021-05-15 23:03:39.132346,quillota_centro,31.7,14.1,22.9,70.1,11.7,295.8,0.0,1024.3,47.0,419.3,17.5,24.7,20.2,58.0,7.0
2021-05-16 23:03:39.132346,quillota_centro,32.7,16.3,24.5,45.1,14.1,20.3,0.0,1009.5,2.1,901.0,14.5,24.0,21.5,50.2,8.6
2021-05-17 23:03:39.132346,quillota_centro,27.8,17.3,22.5,57.6,0.0,257.0,2.9,1024.3,80.7,587.1,14.8,23.2,22.5,58.6,6.1
2021-05-18 23:03:39.132346,quillota_centro,28.7,17.8,23.3,58.7,2.8,213.4,0.0,1023.0,27.0,755.7,15.7,24.0,21.9,27.0,7.1
2021-05-19 23:03:39.132346,quillota_centro,32.6,18.4,25.5,50.6,11.1,61.9,1.3,1013.3,78.2,439.8,16.5,25.5,22.8,6.0,5.3
2021-05-20 23:03:39.132346,quillota_centro,33.3,17.2,25.2,83.5,6.6,299.2,0.0,1014.4,72.3,611.3,22.2,28.3,23.2,48.7,3.8
2021-05-21 23:03:39.132346,quillota_centro,36.3,16.6,26.4,67.4,7.2,356.2,1.3,1005.3,90.4,412.3,20.5,28.0,24.3,79.4,2.1
2021-05-22 23:03:39.132346,quillota_centro,32.1,15.4,23.7,74.6,1.0,118.7,5.2,1018.2,79.7,491.1,19.1,25.9,22.9,82.8,4.0
2021-05-23 23:03:39.132346,quillota_centro,34.3,14.6,24.5,57.0,0.0,182.6,4.6,1001.1,60.9,660.7,16.6,25.1,24.5,70.2,6.3
2021-05-24 23:03:39.132346,quillota_centro,30.2,16.7,23.5,38.3,13.0,358.2,6.7,1018.4,60.9,614.1,12.2,22.4,20.6,32.5,4.5
2021-05-25 23:03:39.132346,quillota_centro,32.5,13.8,23.2,71.9,11.0,192.7,9.1,1022.2,100.0,439.4,18.1,25.1,20.5,35.5,3.7
2021-05-26 23:03:39.132346,quillota_centro,31.3,16.8,24.1,54.2,6.6,245.7,3.7,1005.3,59.8,610.2,15.7,24.4,22.0,18.2,8.3
2021-05-27 23:03:39.132346,quillota_centro,27.2,17.7,22.5,76.9,7.6,160.1,0.0,1011.4,50.8,687.1,18.3,24.9,20.3,53.4,5.3
2021-05-28 23:03:39.132346,quillota_centro,26.8,15.8,21.3,77.5,15.1,38.9,0.0,996.3,84.6,331.9,17.2,23.8,18.2,38.2,4.0
2021-05-29 23:03:39.132346,quillota_centro,29.5,15.3,22.4,67.8,13.5,68.5,0.0,996.0,63.2,544.2,16.5,24.0,19.4,25.4,3.6
2021-05-30 23:03:39.132346,quillota_centro,35.0,14.3,24.7,70.2,10.8,228.6,10.1,1022.0,99.9,330.6,19.3,26.5,22.1,9.3,4.7
2021-05-31 23:03:39.132346,quillota_centro,31.8,14.0,22.9,73.8,2.4,212.1,11.4,1014.6,97.4,560.8,18.1,25.0,21.7,0.0,4.0
2021-06-01 23:03:39.132346,quillota_centro,33.0,11.5,22.2,44.8,8.1,8.8,0.2,1024.8,26.6,821.1,12.2,21.8,20.0,75.2,6.8
2021-06-02 23:03:39.132346,quillota_centro,30.3,15.7,23.0,65.3,11.2,151.2,0.0,1000.9,65.4,733.8,16.7,24.4,20.3,59.8,5.2
2021-06-03 23:03:39.132346,quillota_centro,29.1,15.6,22.4,58.9,15.0,234.9,0.0,1024.5,3.6,857.1,14.9,23.2,19.3,19.3,9.4
2021-06-04 23:03:39.132346,quillota_centro,27.7,13.2,20.4,60.6,0.0,27.4,0.0,1005.4,45.1,656.2,13.3,21.4,20.4,44.8,5.2
2021-06-05 23:03:39.132346,quillota_centro,33.2,11.0,22.1,57.8,8.4,321.6,0.0,1013.5,30.7,655.6,14.4,22.8,19.8,44.9,9.1
2021-06-06 23:03:39.132346,quillota_centro,29.6,18.1,23.9,74.0,16.6,253.8,0.0,1008.8,58.6,594.0,19.1,26.0,20.6,42.7,2.3
2021-06-07 23:03:39.132346,quillota_centro,21.2,13.6,17.4,79.0,4.1,358.7,0.0,1016.0,63.1,696.5,13.6,20.0,15.8,115.3,6.0
2021-06-08 23:03:39.132346,quillota_centro,26.0,10.9,18.5,57.0,11.2,322.1,2.6,1023.3,58.4,601.9,10.6,19.1,15.8,36.5,7.0
2021-06-09 23:03:39.132346,quillota_centro,28.0,12.8,20.4,56.1,11.1,250.3,0.0,1024.2,40.4,670.9,12.5,21.0,17.8,42.5,6.4
2021-06-10 23:03:39.132346,quillota_centro,26.7,11.2,19.0,63.9,16.2,351.5,7.3,1024.9,100.0,356.7,12.4,20.2,15.8,82.2,3.8
2021-06-11 23:03:39.132346,quillota_centro,28.2,11.9,20.1,55.9,9.5,258.2,0.0,1025.8,50.3,533.8,12.0,20.6,17.6,28.6,7.3
2021-06-12 23:03:39.132346,quillota_centro,27.7,14.9,21.3,64.5,4.2,302.0,0.0,1005.1,77.9,549.6,14.9,22.6,19.7,49.8,2.1
2021-06-13 23:03:39.132346,quillota_centro,25.4,14.3,19.8,66.7,8.6,290.4,0.0,1007.0,33.9,759.5,13.8,21.4,17.5,64.2,6.5
2021-06-14 23:03:39.132346,quillota_centro,31.4,14.9,23.1,77.4,5.7,47.9,0.8,1027.6,74.1,682.6,19.0,25.6,21.2,83.0,3.2
2021-06-15 23:03:39.132346,quillota_centro,28.6,13.2,20.9,66.6,13.5,33.6,1.0,1017.7,55.3,612.0,14.8,22.4,17.9,37.8,8.2
2021-06-16 23:03:39.132346,quillota_centro,27.5,11.1,19.3,65.8,13.8,344.7,0.9,1018.6,72.8,559.2,13.1,20.7,16.3,0.0,5.8
2021-06-17 23:03:39.132346,quillota_centro,23.2,9.1,16.1,78.2,12.3,357.6,0.0,997.2,71.1,567.4,12.2,18.7,13.3,25.7,6.1
2021-06-18 23:03:39.132346,quillota_centro,32.7,13.2,22.9,57.5,9.0,221.3,0.0,1009.6,57.0,793.6,15.2,23.6,20.6,24.2,7.0
2021-06-19 23:03:39.132346,quillota_centro,28.1,13.1,20.6,57.9,14.9,25.9,0.7,1028.0,71.6,691.1,12.9,21.3,17.5,26.0,2.7
2021-06-20 23:03:39.132346,quillota_centro,33.5,14.6,24.0,58.0,9.8,150.7,0.0,1016.0,86.9,515.5,16.4,24.7,21.5,20.3,3.2
2021-06-21 23:03:39.132346,quillota_centro,25.3,16.7,21.0,93.2,3.4,291.1,9.8,1022.6,100.0,476.9,19.8,24.9,19.5,17.5,4.1
2021-06-22 23:03:39.132346,quillota_centro,29.0,15.2,22.1,56.4,12.9,304.5,12.8,1007.0,100.0,425.3,14.2,22.7,19.2,36.8,3.3
2021-06-23 23:03:39.132346,quillota_centro,27.5,13.6,20.5,78.4,3.0,104.5,0.0,1000.3,77.2,341.8,16.6,23.1,19.2,59.1,6.4
2021-06-24 23:03:39.132346,quillota_centro,27.2,12.1,19.6,66.8,6.4,299.4,0.0,1016.2,82.4,639.3,13.6,21.1,17.6,62.1,5.9
2021-06-25 23:03:39.132346,quillota_centro,31.2,14.2,22.7,63.3,17.9,309.6,10.6,1021.2,100.0,581.9,16.0,23.9,19.3,58.0,6.3
2021-06-26 23:03:39.132346,quillota_centro,30.4,13.0,21.7,61.6,9.3,328.5,0.0,1024.3,68.9,665.2,14.7,22.8,19.3,38.9,4.4
2021-06-27 23:03:39.132346,quillota_centro,26.9,8.3,17.6,86.0,4.0,276.7,1.8,1020.3,88.3,492.0,15.1,20.9,16.0,45.4,4.8
2021-06-28 23:03:39.132346,quillota_centro,27.5,14.0,20.8,80.2,18.8,34.9,0.0,1007.8,64.9,487.5,17.2,23.5,17.3,21.4,8.5
2021-06-29 23:03:39.132346,quillota_centro,24.2,13.4,18.8,69.5,14.6,250.4,0.0,1002.1,44.9,781.7,13.3,20.6,15.8,33.2,4.2
2021-06-30 23:03:39.132346,quillota_centro,27.0,16.5,21.8,83.0,16.4,105.1,0.0,1011.3,84.2,688.8,18.7,24.7,18.5,33.6,2.6
2021-07-01 23:03:39.132346,quillota_centro,21.4,8.0,14.7,83.2,12.9,331.4,0.8,1017.1,60.0,435.0,11.6,17.7,11.8,68.4,5.4
2021-07-02 23:03:39.132346,quillota_centro,22.0,6.9,14.5,71.7,8.5,251.3,0.0,1040.5,60.4,500.8,9.3,16.4,12.1,16.4,5.8
2021-07-03 23:03:39.132346,quillota_centro,22.8,9.1,15.9,74.3,15.7,30.6,0.0,1020.2,68.1,602.0,11.3,18.1,12.8,47.4,4.5
2021-07-04 23:03:39.132346,quillota_centro,20.3,7.8,14.0,98.0,21.0,180.8,11.5,1009.3,100.0,593.2,13.7,18.4,10.4,35.8,1.4
2021-07-05 23:03:39.132346,quillota_centro,23.9,9.5,16.7,80.2,11.7,221.0,0.0,1007.8,73.8,363.7,13.1,19.4,14.0,37.1,4.9
2021-07-06 23:03:39.132346,quillota_centro,27.8,8.5,18.1,76.4,7.0,39.4,5.0,1026.3,67.7,691.5,13.8,20.5,16.0,58.2,4.4
2021-07-07 23:03:39.132346,quillota_centro,27.0,12.0,19.5,88.5,0.0,213.1,0.0,1014.4,72.0,750.9,17.4,22.9,19.5,59.1,3.6
2021-07-08 23:03:39.132346,quillota_centro,22.9,8.9,15.9,81.4,12.6,61.7,12.6,1022.5,63.7,729.8,12.5,18.7,13.0,0.6,5.2
2021-07-09 23:03:39.132346,quillota_centro,17.6,11.6,14.6,75.8,13.3,143.4,8.0,1021.5,100.0,525.9,10.2,16.9,11.6,40.8,3.5
2021-07-10 23:03:39.132346,quillota_centro,22.7,7.2,14.9,93.7,5.3,33.6,0.0,1006.3,84.8,624.9,13.8,18.9,13.1,54.0,3.8
2021-07-11 23:03:39.132346,quillota_centro,21.8,9.2,15.5,77.7,10.4,260.5,0.0,1020.1,46.9,545.1,11.5,18.0,12.9,20.4,6.0
2021-07-12 23:03:39.132346,quillota_centro,25.3,9.6,17.4,57.4,8.1,185.8,0.0,1004.8,43.8,619.0,9.7,18.1,15.2,42.5,7.7
2021-07-13 23:03:39.132346,quillota_centro,27.1,8.9,18.0,71.2,13.6,207.8,4.1,1010.2,100.0,460.2,12.7,19.9,15.0,44.4,2.9
2021-07-14 23:03:39.132346,quillota_centro,15.5,7.3,11.4,74.2,8.5,338.1,8.3,1020.0,100.0,509.9,6.7,13.6,9.1,70.9,4.3
2021-07-15 23:03:39.132346,quillota_centro,27.4,10.5,18.9,61.3,19.7,181.4,0.0,1020.1,57.0,615.1,11.9,19.9,15.4,18.5,5.4
2021-07-16 23:03:39.132346,quillota_centro,25.0,11.5,18.3,69.7,9.6,294.4,0.0,1001.8,92.4,641.1,12.8,20.0,15.8,27.5,4.0
2021-07-17 23:03:39.132346,quillota_centro,23.2,9.6,16.4,83.8,14.9,345.1,0.0,1017.7,34.8,858.2,13.5,19.4,13.3,42.3,6.0
2021-07-18 23:03:39.132346,quillota_centro,23.6,8.3,15.9,79.2,20.0,294.1,0.0,1022.0,80.5,326.8,12.2,18.6,12.4,63.6,4.3
2021-07-19 23:03:39.132346,quillota_centro,22.6,10.3,16.4,98.0,11.7,2.1,2.1,992.5,76.9,446.7,16.1,20.7,13.7,57.6,4.7
2021-07-20 23:03:39.132346,quillota_centro,26.8,10.1,18.4,93.5,14.5,355.7,0.0,1023.4,49.1,595.9,17.3,22.3,15.4,66.6,6.2
2021-07-21 23:03:39.132346,quillota_centro,23.4,10.0,16.7,71.2,10.2,85.0,19.2,1005.5,100.0,492.3,11.5,18.6,14.2,63.9,3.0
2021-07-22 23:03:39.132346,quillota_centro,24.8,10.0,17.4,66.2,10.7,211.3,4.4,1010.2,100.0,482.8,11.3,18.9,14.8,51.8,1.7
2021-07-23 23:03:39.132346,quillota_centro,24.6,7.9,16.2,84.9,10.7,320.5,0.0,1010.5,49.6,574.0,13.5,19.4,13.6,37.4,5.9
2021-07-24 23:03:39.132346,quillota_centro,22.5,10.3,16.4,88.6,10.1,6.1,0.0,1010.5,82.0,577.4,14.4,19.9,13.9,32.1,3.3
2021-07-25 23:03:39.132346,quillota_centro,25.5,13.3,19.4,67.2,18.6,274.3,0.0,1010.5,54.6,657.6,13.4,20.9,15.9,57.1,3.9
2021-07-26 23:03:39.132346,quillota_centro,24.1,9.2,16.6,97.0,23.8,139.1,0.0,1019.2,85.8,613.0,16.1,20.9,12.7,50.7,4.3
2021-07-27 23:03:39.132346,quillota_centro,27.1,8.7,17.9,89.4,10.5,324.4,0.0,1017.6,100.0,575.0,15.9,21.4,15.3,48.0,2.0
2021-07-28 23:03:39.132346,quillota_centro,24.6,9.5,17.0,71.1,11.7,241.3,2.7,1006.7,98.2,616.0,11.8,18.9,14.3,21.9,4.6
2021-07-29 23:03:39.132346,quillota_centro,21.9,7.8,14.9,79.8,17.9,285.8,4.2,1014.2,95.9,457.2,11.2,17.5,11.5,57.5,4.9
2021-07-30 23:03:39.132346,quillota_centro,23.0,11.4,17.2,81.2,11.4,249.3,9.5,1021.8,100.0,473.9,13.7,20.0,14.5,65.9,5.6
2021-07-31 23:03:39.132346,quillota_centro,26.6,9.7,18.2,66.5,9.4,222.2,0.0,1024.9,45.7,724.0,12.1,19.6,15.7,45.3,9.1
2021-08-01 23:03:39.132346,quillota_centro,12.8,8.9,10.8,92.7,9.6,247.3,0.0,986.2,63.9,718.9,9.5,14.7,8.4,29.2,4.5
2021-08-02 23:03:39.132346,quillota_centro,21.1,7.7,14.4,64.0,15.2,254.8,0.0,1006.3,32.8,655.2,7.8,15.6,11.3,12.7,8.2
2021-08-03 23:03:39.132346,quillota_centro,19.9,5.4,12.6,82.6,10.3,313.3,0.0,1005.6,77.9,657.6,9.5,15.6,10.1,59.1,6.1
2021-08-04 23:03:39.132346,quillota_centro,19.8,7.9,13.8,79.0,3.1,181.3,0.0,1018.1,73.2,401.9,10.0,16.4,12.4,28.7,6.3
2021-08-05 23:03:39.132346,quillota_centro,20.4,3.8,12.1,84.0,15.4,159.7,0.0,1002.2,45.8,455.3,9.2,15.2,9.0,51.0,3.8
2021-08-06 23:03:39.132346,quillota_centro,18.8,1.4,10.1,98.0,5.1,19.0,0.0,989.6,84.7,600.7,9.7,14.4,8.3,34.6,5.8
2021-08-07 23:03:39.132346,quillota_centro,19.2,5.9,12.5,61.7,10.9,243.0,0.0,1020.4,28.4,862.3,5.5,13.6,9.9,59.5,7.2
2021-08-08 23:03:39.132346,quillota_centro,15.0,4.7,9.9,69.4,11.3,2.2,3.3,1022.6,70.3,559.4,4.3,11.6,7.2,60.0,4.0
2021-08-09 23:03:39.132346,quillota_centro,20.2,7.7,14.0,68.8,9.1,167.9,0.0,1025.6,50.1,738.6,8.3,15.7,11.5,63.0,7.6
2021-08-10 23:03:39.132346,quillota_centro,17.2,7.3,12.2,98.0,6.7,133.5,0.0,998.3,95.2,413.9,11.9,16.6,10.2,27.6,6.2
2021-08-11 23:03:39.132346,quillota_centro,21.3,9.1,15.2,92.1,13.4,245.9,0.0,1004.4,78.4,764.1,13.7,19.0,12.2,90.0,5.1
2021-08-12 23:03:39.132346,quillota_centro,15.0,7.8,11.4,83.8,11.9,263.1,0.0,1002.6,45.4,931.9,8.5,14.5,8.7,20.7,5.8
2021-08-13 23:03:39.132346,quillota_centro,20.8,2.1,11.4,98.0,15.4,261.3,1.8,1020.3,100.0,525.9,11.1,15.8,8.3,39.7,1.8
2021-08-14 23:03:39.132346,quillota_centro,18.6,4.8,11.7,83.8,18.1,131.8,0.0,1000.7,47.8,569.0,8.8,14.8,8.3,67.1,7.2
2021-08-15 23:03:39.132346,quillota_centro,19.0,5.2,12.1,96.5,14.6,297.5,0.0,1013.1,92.4,413.7,11.5,16.3,9.0,53.5,0.7
2021-08-16 23:03:39.132346,quillota_centro,21.2,2.6,11.9,80.7,6.3,122.6,0.0,1016.4,53.8,509.9,8.4,14.7,9.9,68.4,6.1
2021-08-17 23:03:39.132346,quillota_centro,23.2,6.2,14.7,68.3,4.5,110.3,0.0,1028.8,68.8,793.9,8.9,16.3,13.0,12.9,5.6
2021-08-18 23:03:39.132346,quillota_centro,18.2,7.7,13.0,68.6,19.3,200.7,0.0,1025.7,67.3,469.3,7.2,14.6,9.4,13.4,4.4
2021-08-19 23:03:39.132346,quillota_centro,19.5,5.4,12.5,83.4,4.4,270.3,0.0,1005.8,100.0,567.2,9.4,15.5,10.8,53.0,4.3
2021-08-20 23:03:39.132346,quillota_centro,13.5,7.6,10.5,91.6,10.9,119.6,0.0,1020.6,66.4,511.0,9.0,14.3,7.9,64.8,7.1
2021-08-21 23:03:39.132346,quillota_centro,18.8,4.7,11.8,93.2,9.8,28.6,0.0,999.9,75.2,519.5,10.5,15.7,9.3,19.8,5.8
2021-08-22 23:03:39.132346,quillota_centro,21.5,5.3,13.4,75.8,8.8,121.9,4.2,1011.5,89.2,490.4,9.0,15.7,11.0,46.8,2.8
2021-08-23 23:03:39.132346,quillota_centro,19.4,5.9,12.6,97.0,11.3,335.6,0.0,1021.8,98.7,434.4,12.1,16.9,10.0,60.3,0.0
2021-08-24 23:03:39.132346,quillota_centro,20.6,4.8,12.7,77.4,11.5,71.8,0.0,1004.9,72.3,462.3,8.6,15.1,10.0,54.1,5.2
2021-08-25 23:03:39.132346,quillota_centro,20.9,11.3,16.1,73.0,15.6,340.8,1.7,1014.1,96.9,641.5,11.2,18.2,12.9,37.0,4.2
2021-08-26 23:03:39.132346,quillota_centro,17.3,7.3,12.3,85.5,6.9,90.8,0.0,1015.7,81.1,469.3,9.6,15.5,10.2,65.5,4.2
2021-08-27 23:03:39.132346,quillota_centro,15.7,6.2,10.9,93.8,10.6,28.0,6.2,1001.2,88.0,427.6,9.8,14.9,8.3,55.5,3.5
2021-08-28 23:03:39.132346,quillota_centro,20.6,3.4,12.0,76.4,14.6,251.9,0.0,999.9,83.7,619.0,7.7,14.4,8.9,43.2,4.8
2021-08-29 23:03:39.132346,quillota_centro,13.9,7.7,10.8,61.9,8.1,197.2,0.0,1027.4,74.6,394.2,3.9,11.9,8.6,80.9,4.7
2021-08-30 23:03:39.132346,quillota_centro,17.3,5.6,11.5,64.2,2.2,193.8,0.0,1014.5,61.1,620.1,5.0,12.7,10.3,64.9,4.7
2021-08-31 23:03:39.132346,quillota_centro,19.6,7.2,13.4,71.1,4.4,338.3,0.0,996.8,60.0,638.0,8.2,15.3,11.8,25.2,7.8
2021-09-01 23:03:39.132346,quillota_centro,15.2,3.0,9.1,82.7,14.4,67.7,0.0,1027.1,73.9,625.1,6.0,12.0,6.1,26.6,6.8
2021-09-02 23:03:39.132346,quillota_centro,17.2,-0.1,8.6,93.1,12.5,57.6,0.0,1016.3,43.3,590.5,7.3,12.5,5.8,47.2,8.4
2021-09-03 23:03:39.132346,quillota_centro,19.6,2.9,11.2,77.0,8.6,46.1,0.0,995.6,47.0,630.2,7.0,13.6,8.9,59.5,6.4
2021-09-04 23:03:39.132346,quillota_centro,19.5,3.4,11.4,79.1,13.1,80.3,0.0,1003.2,79.9,492.2,7.6,14.0,8.5,45.5,4.9
2021-09-05 23:03:39.132346,quillota_centro,14.0,4.0,9.0,90.1,16.4,103.4,0.0,1003.7,70.8,635.3,7.2,12.6,5.7,19.8,4.2
2021-09-06 23:03:39.132346,quillota_centro,18.3,6.9,12.6,71.8,12.2,326.6,0.0,1013.7,62.0,626.0,7.4,14.5,9.8,39.9,5.7
2021-09-07 23:03:39.132346,quillota_centro,19.8,0.3,10.0,91.7,19.2,56.5,0.0,1025.0,86.7,429.6,8.5,13.8,6.5,64.9,3.9
2021-09-08 23:03:39.132346,quillota_centro,18.1,3.0,10.5,85.7,15.6,355.7,0.0,994.7,94.5,282.3,7.9,13.8,7.4,67.7,4.4
2021-09-09 23:03:39.132346,quillota_centro,16.4,1.3,8.9,91.8,12.4,225.9,0.0,1006.6,95.8,484.4,7.4,12.6,6.1,19.1,5.6
2021-09-10 23:03:39.132346,quillota_centro,16.5,-0.3,8.1,96.3,18.0,296.9,1.7,1005.5,85.4,357.0,7.4,12.3,4.7,50.0,4.3
2021-09-11 23:03:39.132346,quillota_centro,17.3,3.0,10.1,74.4,11.2,220.9,0.0,1012.7,56.4,495.5,5.5,12.3,7.5,39.0,5.2
2021-09-12 23:03:39.132346,quillota_centro,17.1,5.2,11.2,85.5,22.7,22.3,0.0,999.4,54.0,555.1,8.5,14.4,7.4,74.4,8.6
2021-09-13 23:03:39.132346,quillota_centro,13.1,1.6,7.3,98.0,17.8,198.7,0.0,1006.6,58.0,576.7,7.0,11.6,4.0,26.9,7.2
2021-09-14 23:03:39.132346,quillota_centro,14.4,4.9,9.6,80.8,7.4,127.1,0.0,1016.5,69.6,627.1,6.2,12.4,7.5,43.7,3.2
2021-09-15 23:03:39.132346,quillota_centro,20.5,2.4,11.4,72.9,12.0,314.2,0.0,997.0,80.4,350.9,6.5,13.5,8.7,14.1,4.3
2021-09-16 23:03:39.132346,quillota_centro,17.0,4.4,10.7,98.0,15.9,179.2,0.0,999.4,68.9,559.9,10.3,15.0,7.5,52.1,5.6
2021-09-17 23:03:39.132346,quillota_centro,20.5,0.2,10.3,85.5,19.7,36.2,0.0,1009.9,83.4,546.7,7.7,13.5,6.8,55.3,2.3
2021-09-18 23:03:39.132346,quillota_centro,11.4,2.6,7.0,85.4,10.3,8.1,0.0,1020.8,49.1,671.4,4.4,10.2,4.5,54.6,7.1
2021-09-19 23:03:39.132346,quillota_centro,15.7,2.2,9.0,98.0,15.3,288.3,0.0,1009.9,89.8,595.7,8.6,13.3,5.8,0.0,4.1
2021-09-20 23:03:39.132346,quillota_centro,15.0,1.1,8.0,98.0,2.6,131.4,0.0,1001.2,79.3,493.1,7.7,12.4,6.8,55.3,1.7
2021-09-21 23:03:39.132346,quillota_centro,20.9,1.8,11.3,82.7,22.2,3.0,0.0,1000.2,57.1,902.7,8.2,14.3,7.6,58.4,1.9
2021-09-22 23:03:39.132346,quillota_centro,17.4,2.1,9.8,81.8,7.3,265.6,0.0,1005.4,81.1,487.1,6.4,12.6,7.6,23.5,6.5
2021-09-23 23:03:39.132346,quillota_centro,17.0,1.6,9.3,87.7,6.2,282.0,0.0,1015.3,93.9,477.4,7.1,12.7,7.3,67.2,5.9
2021-09-24 23:03:39.132346,quillota_centro,18.5,4.9,11.7,81.2,13.9,68.1,7.7,1002.2,100.0,654.3,8.3,14.5,8.7,38.0,2.0
2021-09-25 23:03:39.132346,quillota_centro,20.7,3.0,11.8,55.8,12.0,4.2,0.0,1016.6,38.9,778.5,3.8,12.4,9.1,21.7,8.7
2021-09-26 23:03:39.132346,quillota_centro,20.0,0.9,10.4,98.0,19.8,272.5,0.0,1023.8,100.0,635.6,10.1,14.7,6.9,48.4,2.7
2021-09-27 23:03:39.132346,quillota_centro,19.6,2.7,11.2,83.9,10.0,65.7,1.0,1018.8,81.1,430.7,8.2,14.2,8.6,25.2,2.2
2021-09-28 23:03:39.132346,quillota_centro,11.4,0.5,6.0,98.0,13.5,271.4,0.0,1018.9,96.8,417.0,5.6,10.3,3.0,74.8,6.4
2021-09-29 23:03:39.132346,quillota_centro,19.6,4.7,12.1,79.6,15.1,52.2,0.0,1007.5,57.4,503.9,8.4,14.8,9.0,39.9,7.4
2021-09-30 23:03:39.132346,quillota_centro,17.7,4.0,10.9,93.0,7.5,182.5,0.0,1007.5,60.0,617.8,9.6,14.7,8.7,53.0,3.3
2021-10-01 23:03:39.132346,quillota_centro,16.3,0.4,8.3,84.9,19.3,357.0,0.0,1012.6,84.7,630.7,5.6,11.5,4.8,67.3,4.8
2021-10-02 23:03:39.132346,quillota_centro,10.6,0.0,5.3,84.9,3.9,338.1,0.0,1005.0,42.7,537.8,2.5,8.4,3.7,29.8,5.6
2021-10-03 23:03:39.132346,quillota_centro,15.1,4.4,9.7,80.1,8.7,65.1,0.0,1003.8,100.0,548.9,6.1,12.5,7.4,68.8,2.4
2021-10-04 23:03:39.132346,quillota_centro,11.7,3.0,7.3,96.3,10.6,342.8,0.0,1007.2,80.9,499.6,6.7,11.5,4.7,60.1,2.5
2021-10-05 23:03:39.132346,quillota_centro,13.4,2.1,7.8,98.0,15.7,93.8,0.0,994.6,100.0,391.8,7.4,12.1,4.6,46.5,3.6
2021-10-06 23:03:39.132346,quillota_centro,14.2,0.5,7.3,86.8,15.1,285.8,0.0,1008.0,60.4,535.8,4.9,10.6,4.2,40.1,5.6
2021-10-07 23:03:39.132346,quillota_centro,14.7,0.2,7.5,82.9,19.9,25.2,0.0,1017.4,86.4,460.1,4.4,10.4,3.9,59.2,4.8
2021-10-08 23:03:39.132346,quillota_centro,15.4,2.9,9.2,82.5,17.6,134.2,0.0,1006.6,82.1,385.1,6.0,12.1,5.8,37.0,4.6
2021-10-09 23:03:39.132346,quillota_centro,13.3,2.3,7.8,77.4,7.8,78.8,0.0,1020.4,71.1,750.5,3.7,10.2,5.6,55.5,6.7
2021-10-10 23:03:39.132346,quillota_centro,13.8,1.7,7.8,98.0,6.7,47.6,0.0,1001.4,60.3,609.3,7.4,12.1,5.7,67.1,6.8
2021-10-11 23:03:39.132346,quillota_centro,16.4,1.9,9.2,98.0,13.7,2.5,0.0,1021.7,96.0,438.4,8.8,13.5,6.2,21.9,2.3
2021-10-12 23:03:39.132346,quillota_centro,16.6,0.1,8.4,98.0,20.5,78.6,0.0,1025.2,67.5,564.9,8.0,12.7,4.8,6.7,7.3
2021-10-13 23:03:39.132346,quillota_centro,16.5,1.5,9.0,85.2,19.7,239.0,0.0,1013.2,52.8,550.1,6.3,12.2,5.5,19.4,6.7
2021-10-14 23:03:39.132346,quillota_centro,13.2,0.4,6.8,98.0,6.9,67.1,0.0,989.0,80.4,554.1,6.4,11.1,4.7,42.7,8.8
2021-10-15 23:03:39.132346,quillota_centro,19.5,-2.1,8.7,86.7,13.8,8.1,0.0,1016.8,77.9,563.1,6.3,12.0,5.7,72.3,2.0
2021-10-16 23:03:39.132346,quillota_centro,14.2,4.4,9.3,84.9,10.5,279.2,0.0,1001.5,69.1,690.3,6.5,12.4,6.7,63.2,7.0
2021-10-17 23:03:39.132346,quillota_centro,14.6,4.1,9.3,87.4,13.4,56.0,0.0,1023.9,53.2,665.6,7.0,12.7,6.4,14.4,6.7
2021-10-18 23:03:39.132346,quillota_centro,18.0,2.9,10.4,98.0,13.0,245.1,5.8,1012.3,100.0,371.2,10.1,14.8,7.6,39.2,3.2
2021-10-19 23:03:39.132346,quillota_centro,13.8,4.3,9.1,85.4,6.7,325.7,0.0,1005.0,80.2,393.0,6.4,12.3,7.0,22.8,4.4
2021-10-20 23:03:39.132346,quillota_centro,12.0,4.1,8.1,98.0,14.9,133.8,0.0,1007.0,50.0,634.5,7.7,12.4,5.0,94.0,3.8
2021-10-21 23:03:39.132346,quillota_centro,17.0,0.9,9.0,84.7,14.1,143.0,0.0,1013.4,73.1,570.5,6.2,12.1,6.0,46.2,3.3
2021-10-22 23:03:39.132346,quillota_centro,20.0,0.0,10.0,98.0,12.4,66.0,0.0,1002.3,97.8,510.0,9.6,14.3,7.2,43.7,4.3
2021-10-23 23:03:39.132346,quillota_centro,16.9,2.1,9.5,85.7,3.9,17.6,5.9,1020.8,77.5,533.1,6.9,12.7,7.9,48.1,4.7
2021-10-24 23:03:39.132346,quillota_centro,12.9,2.6,7.7,78.0,17.4,241.0,0.0,1026.7,67.4,475.7,3.7,10.2,4.4,61.6,7.3
2021-10-25 23:03:39.132346,quillota_centro,20.5,-1.7,9.4,93.0,11.8,303.8,0.0,1012.9,87.0,523.0,8.1,13.3,6.6,38.7,2.4
2021-10-26 23:03:39.132346,quillota_centro,21.9,0.7,11.3,94.2,12.1,114.4,0.0,1023.6,65.3,535.6,10.2,15.3,8.5,55.1,5.8
2021-10-27 23:03:39.132346,quillota_centro,12.2,4.4,8.3,89.3,4.4,341.0,0.0,1032.7,100.0,538.5,6.4,11.9,6.6,37.6,2.7
2021-10-28 23:03:39.132346,quillota_centro,17.3,1.2,9.2,87.2,17.3,309.4,0.0,1014.4,57.4,523.9,6.9,12.6,5.9,53.4,4.5
2021-10-29 23:03:39.132346,quillota_centro,17.2,1.4,9.3,88.7,18.6,245.0,0.0,1000.4,89.5,351.5,7.2,12.7,5.8,38.7,4.2
2021-10-30 23:03:39.132346,quillota_centro,15.2,2.3,8.7,77.9,14.5,27.0,0.0,1007.2,44.1,632.9,4.7,11.2,5.7,40.2,5.9
2021-10-31 23:03:39.132346,quillota_centro,15.5,0.4,7.9,89.2,13.5,79.7,0.0,1011.6,80.1,616.2,5.9,11.4,5.0,29.2,0.0
2021-11-01 23:03:39.132346,quillota_centro,18.5,-1.1,8.7,86.4,6.8,64.3,0.0,1014.5,78.8,554.7,6.3,12.0,6.6,44.8,4.8
2021-11-02 23:03:39.132346,quillota_centro,16.8,1.6,9.2,86.7,9.5,83.9,0.0,1039.9,70.2,705.8,6.8,12.5,6.7,78.7,4.8
2021-11-03 23:03:39.132346,quillota_centro,15.8,4.5,10.2,77.8,7.8,289.7,0.0,1001.3,73.4,694.7,6.2,12.7,7.9,28.2,3.8
2021-11-04 23:03:39.132346,quillota_centro,14.1,-0.7,6.7,83.7,9.7,280.6,0.0,1019.0,63.9,533.6,3.7,9.7,4.2,95.7,5.4
2021-11-05 23:03:39.132346,quillota_centro,18.0,2.9,10.5,98.0,5.1,62.1,0.0,1018.5,91.0,392.3,10.1,14.8,8.6,54.2,4.4
2021-11-06 23:03:39.132346,quillota_centro,16.4,5.2,10.8,85.6,14.8,261.0,0.0,1007.1,61.0,685.4,8.2,14.0,7.7,61.2,5.4
2021-11-07 23:03:39.132346,quillota_centro,20.6,5.3,12.9,92.7,8.2,322.9,0.0,1015.2,90.9,525.5,11.6,16.8,10.6,60.7,4.6
2021-11-08 23:03:39.132346,quillota_centro,17.8,0.3,9.0,81.2,22.4,92.2,0.0,1004.8,94.6,595.8,5.6,11.8,5.2,45.4,4.0
2021-11-09 23:03:39.132346,quillota_centro,13.8,0.5,7.2,80.3,18.8,252.1,0.0,1032.1,69.8,469.7,3.6,9.9,3.7,42.9,4.3
2021-11-10 23:03:39.132346,quillota_centro,15.3,3.1,9.2,84.9,14.7,231.3,0.0,1020.9,100.0,392.5,6.5,12.4,6.2,28.3,5.6
2021-11-11 23:03:39.132346,quillota_centro,16.9,7.0,11.9,90.8,15.0,75.9,0.0,1011.7,42.5,443.4,10.3,15.6,8.8,71.0,5.4
2021-11-12 23:03:39.132346,quillota_centro,21.3,5.1,13.2,90.1,14.7,264.9,0.0,1018.2,100.0,469.3,11.4,16.8,10.1,42.8,2.7
2021-11-13 23:03:39.132346,quillota_centro,18.5,4.1,11.3,98.0,11.3,125.9,0.0,1000.8,79.1,559.9,10.9,15.6,8.6,34.8,5.7
2021-11-14 23:03:39.132346,quillota_centro,22.5,1.8,12.1,83.4,15.1,301.8,0.0,1022.2,93.4,432.1,9.1,15.1,9.0,20.5,2.9
2021-11-15 23:03:39.132346,quillota_centro,17.9,2.1,10.0,89.8,7.2,259.9,0.0,1005.4,85.9,594.0,8.1,13.6,7.8,35.6,3.8
2021-11-16 23:03:39.132346,quillota_centro,15.6,5.2,10.4,93.8,10.0,237.2,0.0,1011.5,43.7,626.0,9.3,14.3,7.9,62.9,4.3
2021-11-17 23:03:39.132346,quillota_centro,14.7,1.0,7.9,70.2,10.6,182.5,0.0,1021.8,64.7,684.9,2.5,9.7,5.3,84.3,5.2
2021-11-18 23:03:39.132346,quillota_centro,20.1,5.4,12.7,91.2,11.1,20.3,0.0,1009.5,56.9,683.2,11.2,16.5,10.1,26.6,6.6
2021-11-19 23:03:39.132346,quillota_centro,17.9,1.8,9.8,81.5,6.4,178.9,0.0,1006.4,82.0,516.9,6.5,12.7,7.8,23.3,5.2
2021-11-20 23:03:39.132346,quillota_centro,18.4,4.5,11.4,89.2,4.8,100.7,0.0,989.8,98.1,372.1,9.5,15.0,9.7,80.1,4.4
2021-11-21 23:03:39.132346,quillota_centro,17.9,1.6,9.7,90.8,10.5,213.7,0.0,1007.9,79.1,465.2,8.1,13.4,7.1,24.8,5.3
2021-11-22 23:03:39.132346,quillota_centro,15.5,0.7,8.1,75.5,18.5,355.3,0.0,1005.2,41.7,669.2,3.6,10.4,4.6,75.0,5.6
2021-11-23 23:03:39.132346,quillota_centro,15.1,4.5,9.8,85.0,1.0,16.7,0.0,1024.6,85.9,558.2,7.1,13.0,9.0,55.1,4.2
2021-11-24 23:03:39.132346,quillota_centro,18.1,2.6,10.3,78.7,14.4,106.8,0.0,1013.0,46.4,770.3,6.5,12.9,7.3,84.6,8.2
2021-11-25 23:03:39.132346,quillota_centro,11.8,3.1,7.4,98.0,15.8,314.0,0.0,1026.4,71.2,525.1,7.1,11.7,4.2,42.6,6.1
2021-11-26 23:03:39.132346,quillota_centro,12.5,4.9,8.7,97.5,11.0,161.4,0.0,1009.4,83.4,404.8,8.3,13.0,6.1,54.3,3.9
2021-11-27 23:03:39.132346,quillota_centro,13.4,5.2,9.3,92.5,11.8,325.5,6.1,1014.8,52.6,556.3,7.9,13.1,6.5,59.9,7.1
2021-11-28 23:03:39.132346,quillota_centro,12.2,5.8,9.0,82.0,9.6,251.5,0.0,1019.3,42.4,643.0,5.8,11.9,6.6,61.6,8.0
2021-11-29 23:03:39.132346,quillota_centro,14.3,5.2,9.8,98.0,20.0,332.5,0.0,1007.3,100.0,485.6,9.4,14.1,6.2,16.7,2.1
2021-11-30 23:03:39.132346,quillota_centro,17.7,4.9,11.3,95.9,16.2,191.6,0.0,1022.6,76.6,471.2,10.6,15.4,8.1,68.8,5.2
2021-12-01 23:03:39.132346,quillota_centro,19.0,8.0,13.5,93.9,4.8,215.3,0.0,1013.6,100.0,223.9,12.4,17.5,11.8,41.1,1.8
2021-12-02 23:03:39.132346,quillota_centro,21.0,9.9,15.5,87.4,21.8,171.9,0.0,1012.2,90.1,700.3,13.2,18.8,11.7,52.7,7.2
2021-12-03 23:03:39.132346,quillota_centro,20.4,1.8,11.1,86.7,14.0,45.6,0.0,1020.4,72.1,644.7,8.7,14.4,8.1,52.1,3.8
2021-12-04 23:03:39.132346,quillota_centro,17.6,6.1,11.8,77.9,20.3,226.3,0.0,998.3,81.8,541.6,7.8,14.3,8.2,69.5,4.9
2021-12-05 23:03:39.132346,quillota_centro,18.1,7.3,12.7,73.7,11.8,143.8,0.0,1016.1,41.0,619.9,7.9,14.8,9.9,0.8,7.6
2021-12-06 23:03:39.132346,quillota_centro,22.0,2.3,12.1,92.8,5.4,279.3,0.0,1001.5,92.9,333.5,10.8,16.0,10.3,78.7,3.2
2021-12-07 23:03:39.132346,quillota_centro,21.8,5.5,13.7,85.5,4.4,346.7,0.0,1014.9,64.1,470.6,11.0,16.9,12.0,34.8,5.8
2021-12-08 23:03:39.132346,quillota_centro,18.8,2.9,10.8,86.1,0.0,277.1,0.0,1012.8,95.4,301.8,8.3,14.1,10.8,17.3,4.0
2021-12-09 23:03:39.132346,quillota_centro,21.8,5.9,13.9,86.6,3.9,356.1,0.0,1014.7,61.0,483.8,11.4,17.1,12.3,27.8,4.8
2021-12-10 23:03:39.132346,quillota_centro,21.9,6.2,14.0,77.5,7.8,171.8,0.0,1020.4,65.5,459.5,9.9,16.5,11.8,64.3,4.9
2021-12-11 23:03:39.132346,quillota_centro,17.9,5.2,11.6,79.8,5.6,213.8,0.0,1019.7,60.8,588.4,7.9,14.2,9.7,40.0,6.1
2021-12-12 23:03:39.132346,quillota_centro,21.2,6.2,13.7,88.3,10.5,282.9,0.0,1013.7,61.6,592.1,11.6,17.1,11.1,23.4,5.5
2021-12-13 23:03:39.132346,quillota_centro,19.6,10.1,14.8,88.0,12.5,238.9,0.0,1001.0,90.8,634.8,12.7,18.3,12.0,15.1,3.7
2021-12-14 23:03:39.132346,quillota_centro,21.4,4.1,12.8,78.7,6.8,269.0,0.0,1013.6,73.5,591.7,8.9,15.4,10.7,38.8,3.2
2021-12-15 23:03:39.132346,quillota_centro,17.2,5.7,11.4,59.4,7.6,113.7,0.0,1015.0,41.0,600.3,4.0,12.3,9.2,64.4,5.2
2021-12-16 23:03:39.132346,quillota_centro,21.6,5.6,13.6,74.4,1.6,181.6,0.0,1029.7,60.8,570.8,8.9,15.8,12.6,44.5,8.9
2021-12-17 23:03:39.132346,quillota_centro,22.2,6.6,14.4,76.9,2.4,15.9,0.0,1034.0,100.0,372.0,10.2,16.8,13.1,69.5,3.3
2021-12-18 23:03:39.132346,quillota_centro,24.0,6.5,15.2,79.6,13.6,260.4,0.0,1030.9,67.1,527.5,11.5,17.9,12.3,77.5,6.5
2021-12-19 23:03:39.132346,quillota_centro,17.5,4.8,11.1,91.6,7.3,15.4,0.0,1002.3,69.0,581.6,9.6,14.9,9.0,15.5,4.5
2021-12-20 23:03:39.132346,quillota_centro,17.9,5.9,11.9,68.0,2.8,57.6,0.0,1015.2,57.0,873.9,6.1,13.5,10.6,47.5,5.3
2021-12-21 23:03:39.132346,quillota_centro,22.6,6.9,14.8,85.2,8.8,118.6,0.0,1002.2,77.4,549.9,12.1,17.9,12.4,43.9,5.6
2021-12-22 23:03:39.132346,quillota_centro,19.7,6.9,13.3,90.7,10.8,213.9,0.0,1018.1,58.5,581.1,11.6,16.9,10.6,19.0,5.5
2021-12-23 23:03:39.132346,quillota_centro,20.4,8.8,14.6,44.2,10.9,165.8,0.0,1005.2,21.7,686.7,4.5,14.1,12.0,31.5,9.0
2021-12-24 23:03:39.132346,quillota_centro,23.7,5.9,14.8,83.0,6.1,273.4,0.0,1017.5,81.3,562.3,11.7,17.7,12.8,18.3,3.3
2021-12-25 23:03:39.132346,quillota_centro,23.3,5.1,14.2,70.1,8.4,119.8,0.0,1020.3,77.4,562.6,8.7,16.0,11.9,30.0,5.3
2021-12-26 23:03:39.132346,quillota_centro,18.5,8.3,13.4,88.8,13.2,149.4,0.0,1013.7,42.8,539.1,11.4,16.9,10.5,70.7,5.0
2021-12-27 23:03:39.132346,quillota_centro,17.9,8.1,13.0,91.8,9.6,153.4,0.0,1015.7,68.8,435.4,11.5,16.8,10.5,43.7,6.8
2021-12-28 23:03:39.132346,quillota_centro,24.6,9.5,17.1,60.9,12.8,282.0,0.0,1004.9,54.3,807.1,10.0,18.1,14.2,21.1,7.5
2021-12-29 23:03:39.132346,quillota_centro,24.8,2.8,13.8,85.6,2.8,277.4,0.0,1018.4,100.0,432.4,11.2,17.0,12.5,86.0,4.1
2021-12-30 23:03:39.132346,quillota_centro,20.7,5.4,13.0,75.3,3.9,113.5,0.0,1006.7,71.4,584.5,8.5,15.3,11.5,51.2,5.6
2021-12-31 23:03:39.132346,quillota_centro,17.2,5.0,11.1,98.0,15.1,199.8,0.0,1016.6,64.7,686.4,10.8,15.5,8.0,43.5,6.4
2022-01-01 23:03:39.132346,quillota_centro,22.5,10.6,16.5,76.2,1.7,87.7,0.0,1021.2,71.2,673.8,12.2,18.9,15.5,38.0,6.7
2022-01-02 23:03:39.132346,quillota_centro,18.0,10.8,14.4,88.0,12.1,327.2,0.0,1023.7,62.5,460.2,12.3,17.9,11.6,44.7,4.7
2022-01-03 23:03:39.132346,quillota_centro,24.9,4.5,14.7,80.7,6.5,141.1,0.0,1029.3,74.9,553.1,11.2,17.5,12.6,71.2,5.9
2022-01-04 23:03:39.132346,quillota_centro,21.1,6.5,13.8,84.2,2.0,15.3,0.0,1007.2,88.0,748.9,10.9,16.9,12.7,67.3,4.1
2022-01-05 23:03:39.132346,quillota_centro,24.1,11.3,17.7,66.6,12.9,189.1,0.0,1002.6,39.2,861.1,11.6,19.2,14.8,59.4,8.3
2022-01-06 23:03:39.132346,quillota_centro,18.4,6.8,12.6,98.0,9.6,210.6,0.0,1020.3,74.0,582.6,12.2,16.9,10.1,44.4,4.8
2022-01-07 23:03:39.132346,quillota_centro,20.7,6.9,13.8,80.4,4.8,278.6,0.0,1015.4,99.2,585.7,10.2,16.5,12.0,65.0,7.3
2022-01-08 23:03:39.132346,quillota_centro,23.8,8.6,16.2,65.1,0.0,274.0,0.0,1015.7,46.4,553.0,9.9,17.6,16.2,43.9,4.4
2022-01-09 23:03:39.132346,quillota_centro,26.0,8.4,17.2,75.4,1.3,30.1,0.0,998.9,54.1,639.9,12.7,19.5,16.3,58.7,6.8
2022-01-10 23:03:39.132346,quillota_centro,20.9,6.0,13.5,83.1,3.6,211.5,0.0,1002.0,63.6,697.0,10.4,16.4,11.9,16.3,6.1
2022-01-11 23:03:39.132346,quillota_centro,25.5,10.8,18.2,80.4,0.0,63.0,0.0,1006.0,100.0,378.3,14.6,20.9,18.2,29.0,2.4
2022-01-12 23:03:39.132346,quillota_centro,25.4,10.2,17.8,68.3,12.1,96.8,0.0,1018.9,35.6,609.0,12.0,19.4,15.0,11.5,6.5
2022-01-13 23:03:39.132346,quillota_centro,22.6,5.1,13.9,64.7,2.7,260.5,0.0,1008.4,62.7,534.3,7.4,15.2,12.6,6.9,4.4
2022-01-14 23:03:39.132346,quillota_centro,24.3,6.6,15.4,75.7,12.9,279.7,0.0,1005.9,39.7,821.6,11.0,17.8,12.6,12.0,7.4
2022-01-15 23:03:39.132346,quillota_centro,21.6,8.8,15.2,65.3,2.5,156.9,0.0,1022.6,72.5,494.2,8.9,16.6,13.9,38.1,4.4
2022-01-16 23:03:39.132346,quillota_centro,18.7,5.5,12.1,79.9,16.2,115.6,0.0,995.8,48.1,823.2,8.5,14.8,8.9,60.1,4.1
2022-01-17 23:03:39.132346,quillota_centro,18.3,7.8,13.1,60.5,5.7,120.9,0.0,1020.2,41.8,659.8,5.9,14.0,11.1,23.0,6.9
2022-01-18 23:03:39.132346,quillota_centro,17.3,7.9,12.6,75.3,10.6,195.2,0.0,1015.4,94.9,455.0,8.1,14.9,10.0,44.8,3.2
2022-01-19 23:03:39.132346,quillota_centro,22.6,9.9,16.2,69.6,11.0,151.1,0.0,1015.1,57.1,632.3,10.7,18.0,13.6,38.7,3.9
2022-01-20 23:03:39.132346,quillota_centro,24.8,5.5,15.2,97.8,2.8,265.5,0.0,1005.5,72.0,609.6,14.8,19.5,13.8,63.0,6.9
2022-01-21 23:03:39.132346,quillota_centro,25.3,12.1,18.7,65.7,18.5,301.8,0.0,1008.3,53.4,433.3,12.4,20.1,15.2,23.6,8.0
2022-01-22 23:03:39.132346,quillota_centro,19.2,9.1,14.2,69.6,1.1,242.0,0.0,992.9,69.1,691.1,8.6,15.9,13.3,32.9,3.9
2022-01-23 23:03:39.132346,quillota_centro,20.3,10.1,15.2,76.4,2.4,220.2,0.0,1022.1,82.1,589.5,10.9,17.6,14.0,38.3,4.6
2022-01-24 23:03:39.132346,quillota_centro,25.5,10.4,17.9,65.7,10.2,136.8,0.0,1005.8,57.2,768.7,11.7,19.4,15.4,45.8,3.9
2022-01-25 23:03:39.132346,quillota_centro,21.0,7.1,14.1,80.1,16.1,325.8,0.0,1039.4,59.7,527.9,10.4,16.8,10.9,67.6,6.2
2022-01-26 23:03:39.132346,quillota_centro,26.4,7.1,16.7,79.6,3.4,166.2,0.0,993.6,58.9,614.9,13.0,19.4,15.3,71.2,4.8
2022-01-27 23:03:39.132346,quillota_centro,24.2,9.7,17.0,78.0,11.0,226.5,0.0,1026.7,50.9,574.7,13.0,19.5,14.3,68.2,5.6
2022-01-28 23:03:39.132346,quillota_centro,25.3,11.3,18.3,56.6,11.2,112.0,0.0,1012.6,44.4,629.1,10.4,18.9,15.6,58.7,4.5
2022-01-29 23:03:39.132346,quillota_centro,20.4,5.5,13.0,98.0,2.8,306.9,0.0,1038.8,76.9,568.1,12.6,17.3,11.6,53.5,3.4
2022-01-30 23:03:39.132346,quillota_centro,20.5,8.0,14.2,90.3,9.3,292.2,0.0,1030.7,72.6,404.6,12.5,17.9,11.8,47.9,5.0
2022-01-31 23:03:39.132346,quillota_centro,18.7,6.9,12.8,72.8,9.8,330.1,0.0,1002.4,58.9,678.2,7.9,14.9,10.3,54.0,5.1
2022-02-01 23:03:39.132346,quillota_centro,28.3,12.3,20.3,63.2,0.0,124.8,0.0,1008.6,91.5,524.9,13.6,21.5,20.3,22.9,4.3
2022-02-02 23:03:39.132346,quillota_centro,25.8,15.9,20.9,66.2,10.7,238.7,0.0,996.2,56.6,678.0,14.7,22.3,18.2,38.8,9.6
2022-02-03 23:03:39.132346,quillota_centro,24.4,10.8,17.6,65.4,7.1,41.2,0.0,1015.3,69.8,691.6,11.3,19.0,15.5,33.4,7.2
2022-02-04 23:03:39.132346,quillota_centro,26.7,14.5,20.6,50.7,16.2,332.9,0.0,1005.4,59.3,559.6,11.6,20.7,17.4,0.0,4.9
2022-02-05 23:03:39.132346,quillota_centro,27.2,12.3,19.7,68.5,10.7,339.5,0.0,1016.2,69.8,501.4,14.0,21.4,17.1,6.7,6.1
2022-02-06 23:03:39.132346,quillota_centro,25.6,11.1,18.3,69.3,10.3,111.0,0.0,1021.6,56.8,445.8,12.8,20.1,15.8,40.0,3.9
2022-02-07 23:03:39.132346,quillota_centro,24.3,12.5,18.4,71.9,5.9,86.0,0.0,1005.4,62.6,581.8,13.3,20.4,16.5,65.5,7.2
2022-02-08 23:03:39.132346,quillota_centro,28.2,18.0,23.1,67.9,6.3,194.9,0.0,1019.2,24.3,634.0,17.2,24.7,21.1,86.3,7.4
2022-02-09 23:03:39.132346,quillota_centro,28.1,13.9,21.0,68.6,6.2,97.3,0.0,1019.2,34.6,789.1,15.3,22.7,19.0,66.3,6.1
2022-02-10 23:03:39.132346,quillota_centro,27.5,12.2,19.8,69.4,5.6,20.5,0.0,1017.4,53.9,695.9,14.3,21.6,17.9,47.2,5.4
2022-02-11 23:03:39.132346,quillota_centro,22.3,8.5,15.4,79.1,1.6,3.6,0.0,1017.7,69.9,540.1,11.6,18.0,14.4,20.8,3.0
2022-02-12 23:03:39.132346,quillota_centro,24.0,8.5,16.3,64.0,6.3,78.3,0.0,1020.7,50.7,687.7,9.7,17.5,14.2,0.0,6.9
2022-02-13 23:03:39.132346,quillota_centro,22.0,14.0,18.0,76.7,7.6,355.6,0.0,1014.2,83.0,606.4,13.8,20.4,15.8,49.1,4.5
2022-02-14 23:03:39.132346,quillota_centro,22.8,12.4,17.6,62.6,0.2,357.1,0.0,1018.7,44.3,524.0,10.8,18.8,17.3,3.2,9.8
2022-02-15 23:03:39.132346,quillota_centro,27.3,11.7,19.5,52.9,3.5,44.2,0.0,1009.6,52.1,649.0,11.0,19.8,18.0,65.9,6.7
2022-02-16 23:03:39.132346,quillota_centro,30.7,11.3,21.0,74.9,10.9,232.9,0.0,1014.9,63.5,530.9,16.4,23.3,18.4,39.9,4.4
2022-02-17 23:03:39.132346,quillota_centro,32.7,8.3,20.5,59.2,3.1,136.4,0.0,1011.1,43.7,880.7,13.1,21.4,19.1,18.7,6.5
2022-02-18 23:03:39.132346,quillota_centro,21.7,13.4,17.5,73.5,16.4,268.1,0.0,1006.0,60.5,482.0,12.7,19.7,14.3,10.3,2.8
2022-02-19 23:03:39.132346,quillota_centro,27.0,12.7,19.9,65.8,0.0,132.5,0.0,1019.2,58.6,630.3,13.6,21.3,19.9,66.0,6.1
2022-02-20 23:03:39.132346,quillota_centro,26.9,10.8,18.8,76.1,1.8,285.0,0.0,1019.9,46.7,583.8,14.5,21.2,17.8,29.7,6.9
2022-02-21 23:03:39.132346,quillota_centro,25.5,9.4,17.5,71.1,4.1,134.3,0.0,1008.2,73.8,622.6,12.2,19.4,15.8,50.9,6.7
2022-02-22 23:03:39.132346,quillota_centro,26.6,11.8,19.2,87.1,6.9,214.4,0.0,999.3,58.4,722.4,16.9,22.6,17.1,38.7,6.3
2022-02-23 23:03:39.132346,quillota_centro,31.4,12.7,22.1,48.3,7.9,148.7,0.0,1017.1,49.0,678.7,12.7,21.9,19.8,44.9,6.8
2022-02-24 23:03:39.132346,quillota_centro,27.0,13.0,20.0,80.2,5.5,187.0,0.0,1036.4,43.7,743.9,16.4,22.8,18.2,22.7,5.1
2022-02-25 23:03:39.132346,quillota_centro,25.0,10.2,17.6,79.6,5.1,152.7,10.5,993.3,59.8,726.2,13.9,20.2,15.8,44.7,6.6
2022-02-26 23:03:39.132346,quillota_centro,25.7,11.2,18.4,65.7,12.6,26.6,0.0,1001.3,75.6,524.5,12.2,19.8,15.6,33.4,4.9
2022-02-27 23:03:39.132346,quillota_centro,27.9,12.3,20.1,72.8,14.6,213.3,0.0,1018.4,88.8,618.3,15.1,22.1,17.0,18.1,4.6
2022-02-28 23:03:39.132346,quillota_centro,26.1,12.5,19.3,62.6,5.2,219.2,0.0,1002.1,14.2,877.2,12.6,20.5,17.5,37.5,7.4
2022-03-01 23:03:39.132346,quillota_centro,31.3,15.6,23.5,73.9,3.7,52.6,0.0,1013.5,38.3,724.7,18.7,25.6,21.9,30.2,5.0
2022-03-02 23:03:39.132346,quillota_centro,31.9,14.3,23.1,78.1,4.3,232.8,10.7,1028.9,90.0,439.1,19.1,25.6,21.4,37.1,3.2
2022-03-03 23:03:39.132346,quillota_centro,35.1,14.5,24.8,66.6,5.3,229.2,0.0,1002.2,72.6,492.9,18.8,26.3,23.0,38.4,5.4
2022-03-04 23:03:39.132346,quillota_centro,29.2,11.4,20.3,75.6,4.9,323.2,0.0,1004.4,37.1,661.1,15.8,22.6,18.5,12.7,5.4
2022-03-05 23:03:39.132346,quillota_centro,31.0,13.4,22.2,62.6,0.8,118.7,0.0,1015.1,91.2,460.7,15.4,23.3,21.5,42.6,6.3
2022-03-06 23:03:39.132346,quillota_centro,29.3,13.3,21.3,77.4,9.2,73.4,0.0,1004.3,66.9,739.1,17.2,23.8,18.9,13.3,7.3
2022-03-07 23:03:39.132346,quillota_centro,26.0,13.3,19.6,70.7,2.6,187.0,0.0,1019.3,65.3,586.5,14.3,21.5,18.3,37.2,6.6
2022-03-08 23:03:39.132346,quillota_centro,27.1,10.9,19.0,76.6,9.9,311.9,2.3,1016.7,81.0,475.8,14.8,21.4,16.5,54.4,5.9
2022-03-09 23:03:39.132346,quillota_centro,29.1,14.9,22.0,78.0,0.2,223.5,0.0,1008.2,100.0,544.3,18.0,24.5,21.6,34.5,5.3
2022-03-10 23:03:39.132346,quillota_centro,27.5,16.7,22.1,75.4,0.6,50.4,0.0,989.7,72.7,571.7,17.6,24.4,21.5,6.8,3.9
2022-03-11 23:03:39.132346,quillota_centro,24.6,11.8,18.2,70.2,0.5,74.3,0.0,1012.8,50.8,647.8,12.8,20.0,17.6,60.1,3.9
2022-03-12 23:03:39.132346,quillota_centro,31.2,15.3,23.3,66.4,12.8,208.0,0.0,1006.3,89.1,656.7,17.1,24.7,20.4,59.6,5.8
2022-03-13 23:03:39.132346,quillota_centro,24.4,13.7,19.0,69.6,9.6,330.5,0.0,1015.8,57.4,587.1,13.5,20.8,16.5,45.0,7.1
2022-03-14 23:03:39.132346,quillota_centro,28.6,14.2,21.4,75.6,3.5,47.5,0.0,1002.6,54.4,676.8,17.0,23.7,19.9,48.6,7.5
2022-03-15 23:03:39.132346,quillota_centro,31.6,16.6,24.1,60.1,0.0,174.1,0.0,1026.6,57.8,630.1,16.9,25.0,24.1,19.2,7.7
2022-03-16 23:03:39.132346,quillota_centro,27.9,16.0,21.9,66.3,19.7,18.9,0.0,1026.3,67.6,518.3,15.8,23.4,18.4,40.4,2.3
2022-03-17 23:03:39.132346,quillota_centro,28.8,14.6,21.7,81.1,8.6,81.5,0.0,1019.1,52.3,522.7,18.2,24.5,19.3,71.3,7.4
2022-03-18 23:03:39.132346,quillota_centro,30.9,13.8,22.4,62.8,9.6,171.6,0.0,1011.3,72.0,359.9,15.6,23.5,19.9,23.8,7.6
2022-03-19 23:03:39.132346,quillota_centro,24.7,13.7,19.2,58.3,6.5,311.5,0.0,1016.6,45.4,681.4,11.7,20.0,17.2,42.8,5.6
2022-03-20 23:03:39.132346,quillota_centro,30.5,16.1,23.3,68.6,4.9,360.0,0.0,1004.8,44.6,796.5,17.6,25.0,21.5,25.1,4.8
2022-03-21 23:03:39.132346,quillota_centro,27.6,14.6,21.1,53.1,0.0,222.6,0.0,1007.3,67.6,470.1,12.6,21.4,21.1,62.5,3.2
2022-03-22 23:03:39.132346,quillota_centro,32.1,12.2,22.1,69.7,3.4,8.2,0.0,997.7,34.2,647.6,16.6,23.9,20.6,44.2,7.5
2022-03-23 23:03:39.132346,quillota_centro,30.2,16.6,23.4,85.8,4.4,16.3,0.0,1002.7,100.0,376.7,20.8,26.6,21.7,29.6,2.6
2022-03-24 23:03:39.132346,quillota_centro,26.2,16.4,21.3,86.7,2.3,79.8,0.0,1026.4,64.7,538.5,18.8,24.6,20.1,30.5,7.7
2022-03-25 23:03:39.132346,quillota_centro,32.4,15.0,23.7,65.5,13.9,174.9,0.0,1033.4,47.9,630.2,17.5,25.1,20.7,29.5,7.3
2022-03-26 23:03:39.132346,quillota_centro,28.3,18.4,23.4,55.2,0.0,181.8,0.0,1013.0,47.5,624.0,15.2,23.8,23.4,64.5,6.3
2022-03-27 23:03:39.132346,quillota_centro,27.0,17.2,22.1,62.8,9.2,269.3,0.0,1013.0,45.3,792.5,15.3,23.3,19.7,65.0,7.7
2022-03-28 23:03:39.132346,quillota_centro,29.3,16.3,22.8,63.4,0.0,259.2,0.0,1008.6,40.6,732.3,16.1,24.0,22.8,52.6,6.4
2022-03-29 23:03:39.132346,quillota_centro,32.0,14.0,23.0,83.8,7.5,37.7,0.0,1019.6,97.8,528.2,20.0,26.0,20.8,78.0,3.6
2022-03-30 23:03:39.132346,quillota_centro,27.9,14.9,21.4,56.3,12.0,71.5,0.0,1027.7,60.6,580.8,13.5,22.0,18.6,28.5,6.9
2022-03-31 23:03:39.132346,quillota_centro,27.7,15.8,21.7,54.2,2.2,55.3,0.0,1019.4,49.9,645.3,13.4,22.1,20.6,67.4,6.0
2022-04-01 23:03:39.132346,quillota_centro,26.7,14.4,20.6,63.6,9.7,71.9,8.7,1001.5,92.5,483.5,13.9,21.8,18.1,27.0,4.2
2022-04-02 23:03:39.132346,quillota_centro,27.4,17.8,22.6,69.7,2.5,80.0,0.0,1005.4,58.7,493.4,17.1,24.4,21.3,52.9,7.1
2022-04-03 23:03:39.132346,quillota_centro,28.8,15.4,22.1,72.0,1.0,224.7,0.0,1007.2,47.8,691.4,17.0,24.1,21.3,37.9,4.9
2022-04-04 23:03:39.132346,quillota_centro,35.8,16.3,26.1,67.1,6.6,224.3,0.0,1004.5,55.3,701.6,20.1,27.6,24.0,42.3,2.6
2022-04-05 23:03:39.132346,quillota_centro,29.7,17.2,23.5,56.1,4.9,115.1,0.0,997.4,66.9,529.7,15.5,24.0,21.7,42.6,6.1
2022-04-06 23:03:39.132346,quillota_centro,32.0,19.1,25.5,61.0,0.0,80.1,0.0,1011.5,37.2,661.2,18.4,26.5,25.5,33.6,7.9
2022-04-07 23:03:39.132346,quillota_centro,25.0,16.6,20.8,92.3,6.8,72.0,0.0,1015.7,78.3,648.9,19.4,24.6,18.7,66.7,5.3
2022-04-08 23:03:39.132346,quillota_centro,32.7,16.5,24.6,64.0,5.2,96.0,16.9,1033.8,100.0,369.2,18.0,25.8,22.7,55.3,2.5
2022-04-09 23:03:39.132346,quillota_centro,31.8,12.6,22.2,65.9,2.2,128.9,0.0,1005.3,59.5,743.8,16.0,23.7,21.0,41.8,4.1
2022-04-10 23:03:39.132346,quillota_centro,29.7,15.8,22.8,48.2,3.4,248.3,0.0,1011.2,66.9,661.0,13.3,22.6,21.3,49.7,3.8
2022-04-11 23:03:39.132346,quillota_centro,34.5,13.1,23.8,47.0,7.3,14.1,0.0,1020.3,64.8,624.0,14.2,23.5,21.7,24.1,6.9
2022-04-12 23:03:39.132346,quillota_centro,31.1,15.7,23.4,52.8,0.0,328.5,0.0,993.0,65.6,671.2,14.8,23.6,23.4,37.7,8.1
2022-04-13 23:03:39.132346,quillota_centro,32.2,15.2,23.7,80.8,0.0,297.9,0.0,1016.1,39.3,716.2,20.2,26.5,23.7,54.6,8.7
2022-04-14 23:03:39.132346,quillota_centro,31.3,18.3,24.8,53.4,10.2,173.2,0.0,1015.0,85.6,489.2,16.3,25.1,22.2,69.0,3.0
2022-04-15 23:03:39.132346,quillota_centro,27.1,13.4,20.3,63.8,6.1,328.1,0.0,1002.1,47.7,760.7,13.7,21.5,18.3,52.7,5.2
2022-04-16 23:03:39.132346,quillota_centro,27.5,16.9,22.2,70.8,12.8,30.9,0.0,1012.2,76.5,657.0,16.9,24.0,19.3,17.5,4.9
2022-04-17 23:03:39.132346,quillota_centro,31.2,19.7,25.4,64.2,7.5,229.9,0.0,1002.3,58.1,824.7,18.9,26.7,23.3,58.8,10.2
2022-04-18 23:03:39.132346,quillota_centro,29.8,14.9,22.3,58.1,0.0,232.0,0.0,988.0,48.9,649.2,14.7,23.1,22.3,53.5,7.7
2022-04-19 23:03:39.132346,quillota_centro,30.6,18.5,24.5,54.7,8.6,154.6,3.3,1012.9,34.0,829.7,16.3,25.0,22.2,6.0,7.9
2022-04-20 23:03:39.132346,quillota_centro,32.2,17.3,24.8,70.2,7.2,57.6,0.0,1010.9,53.9,721.5,19.3,26.6,22.6,40.4,3.1
2022-04-21 23:03:39.132346,quillota_centro,29.0,20.9,25.0,67.0,2.4,338.2,0.0,1009.6,50.3,895.5,19.0,26.5,23.7,1.9,4.3
2022-04-22 23:03:39.132346,quillota_centro,29.3,18.1,23.7,71.7,1.2,251.9,13.6,1027.4,76.2,535.9,18.6,25.7,22.8,46.5,7.7
2022-04-23 23:03:39.132346,quillota_centro,26.4,14.6,20.5,77.3,1.9,312.8,0.0,1001.8,47.6,751.9,16.3,22.9,19.4,33.5,8.1
2022-04-24 23:03:39.132346,quillota_centro,29.9,14.8,22.4,66.5,0.0,162.3,0.0,1000.1,47.3,640.3,16.3,23.8,22.4,60.0,5.4
2022-04-25 23:03:39.132346,quillota_centro,33.3,15.4,24.3,58.3,0.0,266.6,0.0,1001.6,67.9,531.4,16.8,25.1,24.3,37.3,3.5
2022-04-26 23:03:39.132346,quillota_centro,31.9,15.1,23.5,65.9,1.7,210.2,0.0,1022.8,48.9,616.8,17.3,24.9,22.4,37.1,5.6
2022-04-27 23:03:39.132346,quillota_centro,31.1,17.5,24.3,59.1,9.2,146.1,0.0,1018.1,39.6,713.4,16.8,25.1,21.9,26.6,4.7
2022-04-28 23:03:39.132346,quillota_centro,31.7,17.7,24.7,49.6,10.3,176.4,0.0,1006.1,32.7,777.4,15.5,24.7,22.1,45.6,9.4
2022-04-29 23:03:39.132346,quillota_centro,30.6,15.0,22.8,71.5,15.3,69.4,0.0,994.7,72.7,470.5,17.6,24.7,19.7,62.8,4.2
2022-04-30 23:03:39.132346,quillota_centro,32.5,15.9,24.2,57.9,11.8,144.9,0.0,1005.6,44.6,718.8,16.5,24.9,21.4,29.4,4.7
2022-05-01 23:03:39.132346,quillota_centro,32.2,15.9,24.0,73.3,15.4,143.4,2.6,1003.1,100.0,343.3,19.2,26.1,20.9,21.5,4.8
2022-05-02 23:03:39.132346,quillota_centro,29.7,16.4,23.1,57.5,8.8,197.9,0.0,1001.2,29.8,655.8,15.3,23.7,20.7,41.1,7.3
2022-05-03 23:03:39.132346,quillota_centro,30.4,16.3,23.4,78.7,7.0,6.6,0.0,1020.9,52.5,635.7,19.5,26.0,21.2,37.1,5.6
2022-05-04 23:03:39.132346,quillota_centro,33.1,14.7,23.9,62.2,8.4,269.0,6.4,1014.4,69.0,660.4,17.0,25.0,21.6,50.0,5.7
2022-05-05 23:03:39.132346,quillota_centro,29.4,13.8,21.6,63.8,5.5,178.0,0.0,1005.0,62.0,580.7,15.0,22.8,19.7,76.8,5.5
2022-05-06 23:03:39.132346,quillota_centro,32.1,14.9,23.5,62.6,16.5,131.0,0.0,1015.5,59.2,676.2,16.7,24.7,20.3,36.9,7.8
2022-05-07 23:03:39.132346,quillota_centro,31.6,13.3,22.4,65.7,5.3,35.1,0.0,1014.6,62.4,625.6,16.2,23.8,20.6,43.0,6.2
2022-05-08 23:03:39.132346,quillota_centro,31.5,15.0,23.2,56.9,2.7,286.2,4.0,1006.5,98.7,339.8,15.4,23.9,21.9,54.6,2.8
2022-05-09 23:03:39.132346,quillota_centro,32.0,12.7,22.3,52.2,6.5,127.1,0.0,1020.5,27.1,898.6,13.7,22.5,20.3,46.8,7.2
2022-05-10 23:03:39.132346,quillota_centro,27.9,19.1,23.5,57.5,2.8,265.1,5.2,1027.3,100.0,394.7,15.8,24.2,22.2,28.5,4.1
2022-05-11 23:03:39.132346,quillota_centro,29.7,13.7,21.7,52.3,0.3,181.1,11.9,1003.1,100.0,500.5,13.0,21.9,21.3,47.7,1.6
2022-05-12 23:03:39.132346,quillota_centro,26.6,15.0,20.8,70.4,6.2,140.3,0.0,1026.1,63.8,605.8,15.4,22.6,18.8,63.7,4.5
2022-05-13 23:03:39.132346,quillota_centro,26.6,11.6,19.1,64.9,8.8,237.7,7.1,1025.7,78.8,465.8,12.7,20.5,16.7,63.2,4.8
2022-05-14 23:03:39.132346,quillota_centro,28.2,18.9,23.5,63.5,13.7,185.7,4.6,1021.0,100.0,384.3,16.9,24.8,20.6,21.8,0.9
2022-05-15 23:03:39.132346,quillota_centro,26.9,11.5,19.2,84.4,9.5,315.8,0.0,1019.3,76.4,537.4,16.4,22.3,16.7,27.2,6.9
2022-05-16 23:03:39.132346,quillota_centro,28.0,11.5,19.8,78.5,9.6,258.0,4.9,1018.2,86.8,552.7,15.9,22.3,17.3,31.0,3.6
2022-05-17 23:03:39.132346,quillota_centro,31.0,15.4,23.2,84.5,12.1,355.3,0.0,1008.7,78.9,593.8,20.4,26.3,20.4,59.1,4.3
2022-05-18 23:03:39.132346,quillota_centro,32.1,14.5,23.3,58.3,3.7,253.1,0.0,998.9,59.7,609.6,15.7,24.0,21.8,23.9,5.8
2022-05-19 23:03:39.132346,quillota_centro,27.8,17.1,22.5,76.1,7.8,354.7,0.0,1010.1,49.3,658.0,18.1,24.8,20.2,39.7,6.8
2022-05-20 23:03:39.132346,quillota_centro,29.5,17.9,23.7,67.0,14.5,79.9,0.0,994.5,70.7,490.7,17.7,25.2,20.6,76.5,3.5
2022-05-21 23:03:39.132346,quillota_centro,29.1,14.4,21.8,66.7,8.7,184.4,0.0,1020.2,32.2,594.5,15.7,23.3,19.4,23.0,4.3
2022-05-22 23:03:39.132346,quillota_centro,27.2,13.8,20.5,66.0,0.0,299.8,0.0,1039.2,50.1,646.5,14.3,21.9,20.5,48.0,5.8
2022-05-23 23:03:39.132346,quillota_centro,30.3,13.7,22.0,69.1,11.4,318.0,5.0,1009.9,69.3,603.0,16.4,23.7,19.3,24.6,5.1
2022-05-24 23:03:39.132346,quillota_centro,25.8,13.5,19.7,77.1,3.5,1.4,0.0,1023.3,51.1,791.7,15.5,22.1,18.2,46.0,6.9
2022-05-25 23:03:39.132346,quillota_centro,28.1,15.6,21.9,65.3,5.8,122.3,0.0,1005.7,34.1,902.1,15.5,23.2,19.9,38.5,6.0
2022-05-26 23:03:39.132346,quillota_centro,34.8,15.7,25.3,52.7,6.2,219.9,0.0,1032.7,45.9,730.5,16.7,25.5,23.3,24.0,5.9
2022-05-27 23:03:39.132346,quillota_centro,25.7,12.7,19.2,81.4,8.8,16.4,0.0,999.3,74.7,626.9,15.8,22.0,16.8,85.4,4.3
2022-05-28 23:03:39.132346,quillota_centro,32.2,17.8,25.0,79.2,6.1,252.9,0.0,999.6,64.6,528.8,21.2,27.6,23.0,71.3,6.2
2022-05-29 23:03:39.132346,quillota_centro,28.1,16.8,22.5,58.9,8.4,190.7,2.2,1025.1,70.1,475.5,15.0,23.3,20.1,56.1,5.7
2022-05-30 23:03:39.132346,quillota_centro,30.2,11.9,21.1,57.0,10.8,247.9,0.0,1006.1,34.9,825.2,13.2,21.7,18.4,59.4,6.0
2022-05-31 23:03:39.132346,quillota_centro,28.3,9.0,18.7,75.8,11.2,148.5,0.0,1022.9,59.1,628.6,14.3,21.0,16.0,46.7,6.6
2022-06-01 23:03:39.132346,quillota_centro,26.2,14.3,20.3,82.4,9.2,171.8,0.0,994.0,54.9,586.2,17.1,23.2,17.8,40.9,7.9
2022-06-02 23:03:39.132346,quillota_centro,29.3,10.4,19.8,69.1,10.4,133.0,0.0,997.4,52.4,655.7,14.2,21.6,17.3,44.4,8.1
2022-06-03 23:03:39.132346,quillota_centro,28.7,13.3,21.0,51.2,13.7,128.3,0.0,1032.9,54.0,677.4,12.2,21.1,18.1,34.7,7.5
2022-06-04 23:03:39.132346,quillota_centro,27.1,12.2,19.7,71.1,8.8,277.3,1.8,1015.2,72.8,291.6,14.4,21.6,17.3,50.8,2.5
2022-06-05 23:03:39.132346,quillota_centro,28.6,10.1,19.4,71.6,14.0,156.1,2.8,1015.6,75.0,646.6,14.2,21.3,16.4,18.2,4.7
2022-06-06 23:03:39.132346,quillota_centro,26.6,13.4,20.0,53.1,8.5,346.6,4.6,1027.4,84.9,687.6,11.5,20.3,17.7,57.0,3.2
2022-06-07 23:03:39.132346,quillota_centro,24.7,12.3,18.5,68.4,8.0,345.8,0.7,1018.0,48.4,771.0,12.8,20.2,16.2,40.7,6.3
2022-06-08 23:03:39.132346,quillota_centro,30.5,12.8,21.7,64.6,7.3,16.0,19.3,1014.3,89.4,533.6,15.2,23.0,19.5,22.8,4.5
2022-06-09 23:03:39.132346,quillota_centro,24.5,11.3,17.9,79.0,12.7,333.9,0.0,1012.6,72.9,615.4,14.1,20.5,15.1,22.0,7.7
2022-06-10 23:03:39.132346,quillota_centro,28.8,11.7,20.2,70.4,9.0,14.3,1.9,1013.6,91.0,357.1,14.9,22.1,17.8,73.0,5.8
2022-06-11 23:03:39.132346,quillota_centro,22.7,13.5,18.1,68.2,10.0,299.8,0.0,1012.5,66.9,682.3,12.3,19.7,15.6,51.9,6.6
2022-06-12 23:03:39.132346,quillota_centro,29.1,12.7,20.9,81.7,6.3,189.1,0.0,1002.0,43.9,600.0,17.6,23.8,18.9,64.9,3.6
2022-06-13 23:03:39.132346,quillota_centro,28.6,10.7,19.7,72.4,8.3,222.5,0.0,1013.5,59.3,540.0,14.6,21.7,17.3,71.5,7.2
2022-06-14 23:03:39.132346,quillota_centro,28.5,12.3,20.4,58.5,6.7,313.5,0.0,1031.6,25.1,789.3,12.9,21.2,18.3,14.3,7.7
2022-06-15 23:03:39.132346,quillota_centro,26.4,14.2,20.3,66.2,2.8,333.9,0.0,1007.1,77.8,520.9,14.2,21.8,19.0,56.9,4.9
2022-06-16 23:03:39.132346,quillota_centro,23.9,11.0,17.4,44.7,9.9,236.4,0.0,994.3,37.7,509.4,7.4,17.0,14.9,34.0,4.4
2022-06-17 23:03:39.132346,quillota_centro,27.8,12.5,20.2,64.8,12.1,204.8,0.0,1012.7,69.8,578.4,13.8,21.5,17.4,82.6,4.3
2022-06-18 23:03:39.132346,quillota_centro,25.9,12.7,19.3,64.6,10.7,228.8,2.2,1012.1,53.9,563.2,12.8,20.6,16.7,42.6,4.1
2022-06-19 23:03:39.132346,quillota_centro,25.5,15.8,20.6,77.7,0.4,228.5,0.0,1014.2,41.2,667.4,16.6,23.1,20.1,60.4,6.1
2022-06-20 23:03:39.132346,quillota_centro,23.0,14.6,18.8,83.5,12.9,204.0,0.0,1030.0,50.4,684.1,15.8,21.8,15.9,38.0,7.0
2022-06-21 23:03:39.132346,quillota_centro,23.9,9.5,16.7,71.4,10.9,110.1,0.0,1018.3,48.6,702.3,11.5,18.6,14.0,76.5,7.3
2022-06-22 23:03:39.132346,quillota_centro,25.9,12.0,18.9,62.6,7.6,19.9,0.0,1011.1,78.1,362.4,12.1,20.1,16.7,48.7,3.5
2022-06-23 23:03:39.132346,quillota_centro,29.0,12.3,20.6,73.4,12.6,313.2,0.0,1015.9,93.6,466.6,15.8,22.7,17.8,69.8,1.6
2022-06-24 23:03:39.132346,quillota_centro,26.8,12.6,19.7,74.3,9.7,68.6,0.0,998.2,41.9,687.5,15.0,21.8,17.2,36.8,5.5
2022-06-25 23:03:39.132346,quillota_centro,20.2,12.8,16.5,83.4,17.2,28.1,10.0,1007.4,100.0,427.0,13.5,19.5,13.2,7.0,0.7
2022-06-26 23:03:39.132346,quillota_centro,30.1,16.5,23.3,52.6,16.2,75.1,0.0,1024.5,17.5,885.7,14.7,23.5,20.1,60.8,11.0
2022-06-27 23:03:39.132346,quillota_centro,27.0,13.3,20.2,81.9,3.7,335.8,0.0,1005.3,80.7,606.8,16.9,23.0,18.6,72.2,5.2
2022-06-28 23:03:39.132346,quillota_centro,26.3,14.6,20.4,67.2,4.9,4.3,0.0,1011.4,57.2,685.9,14.5,22.0,18.7,36.9,6.9
2022-06-29 23:03:39.132346,quillota_centro,30.0,13.6,21.8,70.3,4.3,146.2,0.0,1017.1,87.8,379.1,16.3,23.6,20.1,56.9,2.6
2022-06-30 23:03:39.132346,quillota_centro,26.8,13.0,19.9,66.3,5.2,110.9,0.3,1018.4,60.1,618.6,13.7,21.3,18.1,25.5,5.6
2022-07-01 23:03:39.132346,quillota_centro,17.0,6.6,11.8,76.7,9.7,352.4,0.0,1017.5,61.2,488.5,7.6,14.2,9.3,75.1,3.3
2022-07-02 23:03:39.132346,quillota_centro,21.7,8.4,15.0,90.7,19.0,352.1,0.0,1031.4,70.8,671.9,13.3,18.7,11.6,50.6,3.5
2022-07-03 23:03:39.132346,quillota_centro,19.5,8.8,14.1,82.8,9.1,2.9,4.4,1011.3,94.5,406.0,11.0,17.1,11.7,60.0,2.2
2022-07-04 23:03:39.132346,quillota_centro,23.1,8.3,15.7,76.2,13.4,17.2,1.2,1025.2,68.8,487.4,11.4,18.1,12.8,25.7,5.3
2022-07-05 23:03:39.132346,quillota_centro,18.1,5.9,12.0,96.0,4.2,199.6,0.0,1023.7,67.3,729.7,11.2,16.1,10.3,39.6,4.8
2022-07-06 23:03:39.132346,quillota_centro,23.9,6.2,15.1,90.1,8.8,328.9,0.0,1002.1,83.3,670.0,13.3,18.7,12.7,47.2,7.5
2022-07-07 23:03:39.132346,quillota_centro,22.3,8.1,15.2,60.7,16.3,12.8,0.0,1020.6,76.1,444.2,8.0,16.1,11.9,64.6,3.5
2022-07-08 23:03:39.132346,quillota_centro,24.5,2.6,13.6,82.7,19.4,291.2,0.0,1013.2,37.6,688.1,10.4,16.5,10.0,40.6,6.9
2022-07-09 23:03:39.132346,quillota_centro,21.7,9.1,15.4,90.8,17.6,70.3,4.1,1017.8,100.0,469.4,13.7,19.1,12.1,87.4,4.9
2022-07-10 23:03:39.132346,quillota_centro,27.1,6.6,16.8,77.5,10.2,268.4,2.9,1026.2,88.5,681.3,12.7,19.3,14.3,9.4,4.8
2022-07-11 23:03:39.132346,quillota_centro,18.9,10.0,14.4,66.0,11.4,120.5,0.0,1022.5,58.1,543.2,8.3,15.9,11.7,45.5,4.8
2022-07-12 23:03:39.132346,quillota_centro,27.6,11.5,19.6,67.3,8.4,60.6,0.0,1013.6,70.5,709.1,13.6,21.1,17.3,33.4,2.4
2022-07-13 23:03:39.132346,quillota_centro,24.6,5.9,15.2,82.7,18.1,355.7,0.0,994.1,53.7,637.4,12.1,18.2,11.8,23.8,7.4
2022-07-14 23:03:39.132346,quillota_centro,17.4,11.4,14.4,96.3,7.5,146.1,0.0,1013.4,88.5,287.7,13.7,18.6,12.2,71.4,3.9
2022-07-15 23:03:39.132346,quillota_centro,27.0,10.8,18.9,74.5,10.7,43.5,0.0,1006.6,56.0,675.6,14.3,21.1,16.3,62.0,3.2
2022-07-16 23:03:39.132346,quillota_centro,23.1,10.2,16.6,93.7,1.6,351.7,0.0,995.8,100.0,376.0,15.5,20.6,15.6,47.0,3.9
2022-07-17 23:03:39.132346,quillota_centro,20.1,2.7,11.4,82.4,10.3,159.2,0.0,1032.6,71.7,510.0,8.2,14.3,8.8,22.6,3.1
2022-07-18 23:03:39.132346,quillota_centro,18.5,8.6,13.6,79.9,7.2,157.5,0.0,1014.4,51.3,691.6,9.9,16.3,11.4,12.6,6.8
2022-07-19 23:03:39.132346,quillota_centro,24.1,11.2,17.7,53.0,4.1,348.5,6.9,1012.7,94.9,390.8,9.1,17.9,16.0,47.7,4.3
2022-07-20 23:03:39.132346,quillota_centro,21.5,6.7,14.1,89.6,3.6,118.3,0.0,1004.5,53.2,691.2,12.2,17.7,12.6,49.6,5.8
2022-07-21 23:03:39.132346,quillota_centro,23.1,5.1,14.1,82.8,11.9,346.7,0.0,1010.1,89.8,613.7,11.0,17.0,11.3,36.4,4.5
2022-07-22 23:03:39.132346,quillota_centro,20.1,9.1,14.6,73.5,11.6,23.5,0.0,999.1,56.7,574.7,9.8,16.7,11.9,31.9,7.1
2022-07-23 23:03:39.132346,quillota_centro,24.5,4.5,14.5,69.2,16.8,238.6,5.4,1009.5,88.2,539.1,8.9,16.2,11.2,66.8,6.9
2022-07-24 23:03:39.132346,quillota_centro,21.0,6.6,13.8,86.2,10.8,188.7,0.0,1011.6,72.0,578.4,11.3,17.1,11.2,26.7,2.2
2022-07-25 23:03:39.132346,quillota_centro,19.6,6.9,13.3,78.1,14.0,174.1,0.0,1015.9,84.4,341.1,9.3,15.8,10.3,55.5,6.1
2022-07-26 23:03:39.132346,quillota_centro,22.9,7.2,15.1,84.9,13.9,183.4,6.4,1012.2,78.9,657.5,12.3,18.2,12.1,51.3,5.1
2022-07-27 23:03:39.132346,quillota_centro,24.3,8.7,16.5,75.8,13.9,258.8,0.0,1005.0,44.4,688.1,12.1,18.8,13.5,25.8,7.7
2022-07-28 23:03:39.132346,quillota_centro,25.6,6.5,16.1,78.0,11.8,8.9,0.0,1020.0,100.0,538.1,12.1,18.6,13.3,50.9,1.6
2022-07-29 23:03:39.132346,quillota_centro,18.2,9.0,13.6,82.4,14.0,290.1,6.3,1002.3,99.8,312.4,10.4,16.5,10.6,23.2,5.4
2022-07-30 23:03:39.132346,quillota_centro,21.7,13.7,17.7,68.4,0.0,185.5,14.8,1013.1,90.5,404.4,12.0,19.4,17.7,62.0,3.0
2022-07-31 23:03:39.132346,quillota_centro,18.3,7.5,12.9,63.8,12.4,260.2,0.0,1015.5,55.6,682.8,6.3,14.2,10.1,68.1,5.8
2022-08-01 23:03:39.132346,quillota_centro,18.5,0.2,9.4,98.0,9.5,320.8,0.0,1032.5,94.5,501.0,9.0,13.7,6.9,70.3,3.4
2022-08-02 23:03:39.132346,quillota_centro,14.1,6.7,10.4,93.9,11.6,211.2,0.0,1020.2,66.4,618.4,9.3,14.3,7.7,51.9,4.3
2022-08-03 23:03:39.132346,quillota_centro,20.2,4.2,12.2,97.0,13.6,336.8,0.0,1012.6,83.4,437.8,11.6,16.4,9.2,103.7,3.7
2022-08-04 23:03:39.132346,quillota_centro,16.3,0.3,8.3,72.3,14.1,160.9,0.0,1022.6,49.0,778.6,3.3,10.3,5.3,1.5,6.1
2022-08-05 23:03:39.132346,quillota_centro,19.5,1.5,10.5,86.2,5.5,170.8,2.2,1010.1,79.9,712.1,8.0,13.7,8.6,77.2,4.7
2022-08-06 23:03:39.132346,quillota_centro,22.1,8.6,15.3,92.9,16.2,314.9,0.0,1026.0,84.9,410.4,14.0,19.2,12.1,42.6,3.5
2022-08-07 23:03:39.132346,quillota_centro,20.3,1.6,11.0,98.0,0.0,109.9,0.0,993.5,74.4,557.4,10.6,15.3,11.0,48.8,5.7
2022-08-08 23:03:39.132346,quillota_centro,17.0,6.9,12.0,73.1,8.1,234.9,0.7,1016.8,77.8,643.6,7.1,14.1,9.7,100.9,4.4
2022-08-09 23:03:39.132346,quillota_centro,24.2,6.0,15.1,67.0,11.5,100.0,0.0,1022.3,35.9,715.7,9.1,16.6,12.4,18.0,8.9
2022-08-10 23:03:39.132346,quillota_centro,15.2,2.8,9.0,73.8,12.1,183.4,0.0,1004.4,85.7,474.8,4.2,11.1,6.2,35.8,5.0
2022-08-11 23:03:39.132346,quillota_centro,15.3,5.1,10.2,97.1,9.5,32.7,0.0,1013.5,90.2,481.9,9.7,14.5,7.8,29.0,4.9
2022-08-12 23:03:39.132346,quillota_centro,19.8,6.7,13.2,73.0,13.9,295.7,0.0,1016.3,39.2,638.6,8.3,15.3,10.3,59.9,4.1
2022-08-13 23:03:39.132346,quillota_centro,21.2,5.9,13.5,85.7,15.4,261.3,18.8,1011.7,100.0,544.5,10.9,16.8,10.4,48.8,7.3
2022-08-14 23:03:39.132346,quillota_centro,20.0,2.8,11.4,81.2,16.0,118.0,15.3,1016.6,100.0,339.6,8.0,14.2,8.2,53.5,4.0
2022-08-15 23:03:39.132346,quillota_centro,17.1,6.9,12.0,85.1,3.8,224.5,0.0,1021.7,54.8,666.2,9.3,15.1,10.4,31.7,6.2
2022-08-16 23:03:39.132346,quillota_centro,16.1,3.3,9.7,98.0,8.5,155.6,0.0,1002.0,77.1,406.2,9.4,14.0,7.4,71.3,5.1
2022-08-17 23:03:39.132346,quillota_centro,17.0,5.4,11.2,96.8,19.8,269.6,0.0,1008.2,68.3,301.3,10.6,15.4,7.6,13.0,4.0
2022-08-18 23:03:39.132346,quillota_centro,13.7,3.3,8.5,79.6,10.4,116.3,0.0,1017.6,76.3,616.5,4.8,11.2,5.9,22.9,3.6
2022-08-19 23:03:39.132346,quillota_centro,16.8,4.4,10.6,86.2,21.8,326.7,2.3,1015.1,100.0,508.4,8.1,13.9,6.9,14.7,2.9
2022-08-20 23:03:39.132346,quillota_centro,19.4,4.6,12.0,84.4,14.0,21.0,0.0,1025.2,84.5,621.3,9.1,15.1,9.0,24.6,3.9
2022-08-21 23:03:39.132346,quillota_centro,22.3,6.3,14.3,75.4,10.1,249.2,0.0,1025.4,60.7,620.9,9.8,16.6,11.8,68.7,6.3
2022-08-22 23:03:39.132346,quillota_centro,19.3,1.5,10.4,89.3,2.2,115.7,0.0,1026.3,82.3,557.5,8.5,13.9,9.2,33.9,5.7
2022-08-23 23:03:39.132346,quillota_centro,16.2,2.5,9.4,81.5,6.4,78.8,4.2,1011.5,99.8,490.9,6.0,12.2,7.3,46.2,4.9
2022-08-24 23:03:39.132346,quillota_centro,20.1,3.3,11.7,88.5,16.0,230.5,10.4,1012.1,76.4,768.6,9.6,15.2,8.5,32.9,3.0
2022-08-25 23:03:39.132346,quillota_centro,17.6,8.4,13.0,78.4,9.4,190.5,0.0,1009.5,28.7,707.6,9.1,15.6,10.6,78.0,10.3
2022-08-26 23:03:39.132346,quillota_centro,17.2,5.0,11.1,74.0,14.9,137.3,0.0,1031.9,69.6,597.3,6.4,13.3,8.0,58.1,6.6
2022-08-27 23:03:39.132346,quillota_centro,18.3,7.9,13.1,78.7,11.9,305.3,0.0,1029.3,60.6,758.4,9.3,15.7,10.4,66.0,5.3
2022-08-28 23:03:39.132346,quillota_centro,19.1,5.3,12.2,87.4,25.9,314.0,0.0,1010.7,54.1,735.8,9.9,15.6,8.1,32.9,5.6
2022-08-29 23:03:39.132346,quillota_centro,14.1,0.6,7.4,97.9,23.4,29.4,0.0,1019.6,75.3,424.8,7.0,11.7,3.5,84.5,5.0
2022-08-30 23:03:39.132346,quillota_centro,15.6,2.4,9.0,84.6,6.0,176.9,0.0,1013.1,99.1,621.1,6.2,12.1,7.0,40.4,1.6
2022-08-31 23:03:39.132346,quillota_centro,15.9,7.4,11.6,88.8,0.0,45.4,0.0,1003.2,60.0,692.9,9.6,15.1,11.6,22.6,5.0
2022-09-01 23:03:39.132346,quillota_centro,16.5,-0.6,8.0,94.7,8.2,2.4,0.0,1005.0,60.6,475.7,7.0,12.0,5.7,50.5,7.5
2022-09-02 23:03:39.132346,quillota_centro,16.1,2.0,9.1,83.4,11.2,61.9,0.0,1019.9,23.0,812.1,6.1,12.1,6.4,51.3,8.5
2022-09-03 23:03:39.132346,quillota_centro,20.6,2.1,11.4,88.4,16.5,6.3,0.0,1025.5,75.8,537.6,9.2,14.8,8.1,60.9,3.2
2022-09-04 23:03:39.132346,quillota_centro,14.0,0.9,7.4,98.0,15.7,98.6,0.0,1018.4,62.1,548.8,7.1,11.8,4.3,49.0,7.3
2022-09-05 23:03:39.132346,quillota_centro,12.7,1.8,7.2,98.0,14.5,309.9,0.0,1015.9,73.5,426.4,6.9,11.5,4.2,54.7,3.8
2022-09-06 23:03:39.132346,quillota_centro,13.7,2.5,8.1,85.1,3.3,262.9,0.0,1022.3,79.1,382.8,5.4,11.3,6.7,48.0,4.9
2022-09-07 23:03:39.132346,quillota_centro,11.6,1.1,6.4,98.0,10.5,48.6,0.0,1012.3,90.3,501.5,6.0,10.7,3.8,36.4,4.7
2022-09-08 23:03:39.132346,quillota_centro,15.7,0.8,8.3,85.8,6.7,43.8,0.0,1015.7,75.8,640.5,5.7,11.5,6.2,24.7,5.4
2022-09-09 23:03:39.132346,quillota_centro,12.2,-3.2,4.5,89.4,11.6,348.1,0.0,1011.9,83.8,403.8,2.6,8.1,1.8,20.0,6.9
2022-09-10 23:03:39.132346,quillota_centro,15.5,0.0,7.7,74.5,18.3,134.4,4.7,1002.7,100.0,444.6,3.1,9.9,4.3,50.4,4.4
2022-09-11 23:03:39.132346,quillota_centro,10.5,1.7,6.1,98.0,13.7,24.9,0.0,1012.6,63.4,596.1,5.8,10.4,3.2,35.2,3.8
2022-09-12 23:03:39.132346,quillota_centro,17.2,0.7,9.0,97.0,15.4,148.2,0.0,1029.8,96.6,301.5,8.4,13.2,5.8,54.4,2.4
2022-09-13 23:03:39.132346,quillota_centro,12.8,-0.8,6.0,86.4,19.7,198.6,1.2,1023.7,70.7,695.9,3.6,9.3,2.5,56.6,7.3
2022-09-14 23:03:39.132346,quillota_centro,17.4,-0.6,8.4,92.5,6.3,173.1,0.0,1006.8,62.2,594.5,7.0,12.2,6.4,65.0,4.8
2022-09-15 23:03:39.132346,quillota_centro,12.7,4.0,8.4,98.0,13.1,318.6,0.0,1015.8,94.9,460.7,8.0,12.7,5.5,6.9,4.8
2022-09-16 23:03:39.132346,quillota_centro,14.1,4.2,9.1,69.4,9.6,44.0,0.0,1015.8,49.4,619.5,3.6,10.9,6.7,34.4,5.1
2022-09-17 23:03:39.132346,quillota_centro,13.3,1.7,7.5,97.8,13.6,62.3,0.1,1009.4,73.4,653.5,7.1,11.8,4.6,67.7,2.9
2022-09-18 23:03:39.132346,quillota_centro,16.3,1.5,8.9,87.8,8.6,347.4,0.0,1003.6,66.4,479.1,6.6,12.3,6.5,22.0,3.9
2022-09-19 23:03:39.132346,quillota_centro,11.7,0.1,5.9,91.7,14.5,334.3,3.6,1015.2,74.1,591.8,4.4,9.6,2.8,50.6,6.5
2022-09-20 23:03:39.132346,quillota_centro,11.1,-0.6,5.2,98.0,6.6,256.3,25.2,1004.5,100.0,532.9,4.9,9.5,3.2,31.2,3.5
2022-09-21 23:03:39.132346,quillota_centro,15.2,-2.7,6.3,79.9,14.9,333.6,4.7,1013.0,100.0,540.8,2.6,9.0,3.2,37.4,5.2
2022-09-22 23:03:39.132346,quillota_centro,9.8,1.8,5.8,98.0,18.0,356.0,0.0,1008.1,85.4,606.5,5.4,10.1,2.4,64.1,4.1
2022-09-23 23:03:39.132346,quillota_centro,12.6,1.7,7.1,98.0,16.2,334.1,2.9,1020.3,100.0,517.6,6.8,11.4,3.9,79.9,4.5
2022-09-24 23:03:39.132346,quillota_centro,16.8,-0.8,8.0,98.0,11.9,176.4,0.0,1008.3,89.3,541.2,7.6,12.3,5.2,30.2,3.8
2022-09-25 23:03:39.132346,quillota_centro,12.7,-2.7,5.0,83.7,8.6,174.0,2.5,1018.8,100.0,701.8,2.0,8.0,2.6,21.4,0.7
2022-09-26 23:03:39.132346,quillota_centro,10.5,-2.3,4.1,98.0,12.6,268.7,3.5,1016.8,87.3,388.1,3.7,8.4,1.2,30.3,2.7
2022-09-27 23:03:39.132346,quillota_centro,17.6,2.1,9.9,97.2,7.0,95.1,0.0,1018.0,68.6,536.7,9.3,14.1,7.7,83.5,0.7
2022-09-28 23:03:39.132346,quillota_centro,15.0,0.9,8.0,98.0,13.0,38.1,0.0,999.5,63.1,485.5,7.6,12.3,5.1,42.8,6.4
2022-09-29 23:03:39.132346,quillota_centro,13.8,0.1,7.0,98.0,13.6,106.6,4.3,1005.5,68.5,679.1,6.6,11.3,4.0,24.9,6.4
2022-09-30 23:03:39.132346,quillota_centro,14.6,1.7,8.1,91.1,7.1,242.7,0.0,1013.0,83.1,306.0,6.5,11.8,6.0,36.3,3.3
2022-10-01 23:03:39.132346,quillota_centro,15.0,-0.5,7.3,98.0,11.8,24.5,0.0,993.3,90.0,427.0,6.9,11.6,4.5,4.8,3.8
2022-10-02 23:03:39.132346,quillota_centro,19.2,2.2,10.7,83.8,3.3,21.9,0.0,1028.0,69.1,338.2,7.7,13.7,9.2,38.7,1.3
2022-10-03 23:03:39.132346,quillota_centro,11.5,1.0,6.2,75.3,6.9,155.8,0.0,1016.5,100.0,487.5,1.8,8.5,4.1,22.3,5.7
2022-10-04 23:03:39.132346,quillota_centro,16.7,0.8,8.8,92.3,12.3,61.2,0.0,1022.0,73.2,654.7,7.3,12.6,6.0,50.9,3.1
2022-10-05 23:03:39.132346,quillota_centro,10.4,-0.4,5.0,96.8,17.9,56.7,0.0,988.3,90.2,380.5,4.4,9.2,1.6,72.4,4.5
2022-10-06 23:03:39.132346,quillota_centro,14.2,-1.7,6.2,98.0,7.2,202.9,0.0,1027.0,84.2,537.8,5.9,10.6,4.1,53.0,5.1
2022-10-07 23:03:39.132346,quillota_centro,18.1,0.2,9.1,98.0,21.6,17.3,0.0,1035.1,100.0,451.2,8.8,13.5,5.4,58.0,1.9
2022-10-08 23:03:39.132346,quillota_centro,15.7,-0.4,7.7,84.6,22.9,137.1,0.0,1011.2,91.7,616.8,4.9,10.8,3.8,25.6,3.4
2022-10-09 23:03:39.132346,quillota_centro,13.3,-0.2,6.5,98.0,7.9,2.4,0.0,1018.0,76.1,669.8,6.2,10.9,4.3,60.3,4.7
2022-10-10 23:03:39.132346,quillota_centro,17.7,-1.4,8.1,89.2,14.6,184.2,0.0,1021.3,82.5,662.1,6.2,11.7,5.1,59.0,3.7
2022-10-11 23:03:39.132346,quillota_centro,12.9,-0.1,6.4,98.0,11.3,151.1,0.0,1014.9,71.3,549.0,6.0,10.7,3.7,51.6,7.2
2022-10-12 23:03:39.132346,quillota_centro,15.0,3.1,9.0,83.9,6.4,226.3,0.0,998.5,47.5,857.7,6.1,12.1,7.0,36.0,7.3
2022-10-13 23:03:39.132346,quillota_centro,11.4,2.9,7.2,87.6,15.1,340.8,11.6,987.0,100.0,535.6,4.9,10.6,4.1,46.7,3.8
2022-10-14 23:03:39.132346,quillota_centro,17.3,2.5,9.9,98.0,17.3,320.8,0.0,1016.4,59.6,841.8,9.5,14.2,6.6,1.6,3.5
2022-10-15 23:03:39.132346,quillota_centro,14.6,4.3,9.5,78.1,14.6,88.8,0.0,1010.7,8.0,757.7,5.5,12.0,6.4,36.5,9.0
2022-10-16 23:03:39.132346,quillota_centro,10.8,-0.2,5.3,93.8,10.5,106.4,0.0,994.8,75.7,473.2,4.2,9.3,2.7,47.4,3.4
2022-10-17 23:03:39.132346,quillota_centro,12.2,0.4,6.3,91.5,3.3,75.6,3.9,1012.2,100.0,354.5,4.8,10.1,4.9,29.7,2.9
2022-10-18 23:03:39.132346,quillota_centro,13.9,-3.5,5.2,97.7,6.6,136.9,6.8,1012.6,100.0,273.7,4.8,9.5,3.2,0.0,3.3
2022-10-19 23:03:39.132346,quillota_centro,10.9,-0.1,5.4,92.6,11.5,165.3,0.0,1018.2,80.3,629.9,4.0,9.2,2.7,29.3,4.2
2022-10-20 23:03:39.132346,quillota_centro,16.0,0.3,8.2,81.3,11.3,177.2,0.0,1006.2,30.4,655.8,4.8,11.0,5.5,33.3,9.6
2022-10-21 23:03:39.132346,quillota_centro,21.4,-0.7,10.3,80.0,4.3,180.6,0.0,1018.7,42.4,702.5,6.7,13.0,8.7,18.7,5.3
2022-10-22 23:03:39.132346,quillota_centro,13.7,-0.8,6.4,94.5,17.1,194.8,0.0,1031.9,61.2,584.3,5.4,10.4,3.1,42.0,5.0
2022-10-23 23:03:39.132346,quillota_centro,14.4,2.9,8.6,98.0,9.1,108.2,0.0,1009.3,90.3,419.1,8.3,13.0,6.2,14.5,5.5
2022-10-24 23:03:39.132346,quillota_centro,15.2,-1.0,7.1,91.5,10.8,82.8,0.0,1006.0,62.8,446.0,5.6,10.8,4.5,46.9,6.6
2022-10-25 23:03:39.132346,quillota_centro,12.9,3.8,8.4,88.1,14.7,281.9,0.0,1006.6,73.1,533.0,6.2,11.8,5.3,100.5,3.6
2022-10-26 23:03:39.132346,quillota_centro,16.0,1.5,8.7,72.7,16.2,333.8,0.0,1015.3,41.1,590.3,3.7,10.8,5.5,22.8,6.0
2022-10-27 23:03:39.132346,quillota_centro,14.8,0.0,7.4,98.0,8.5,197.6,0.0,1019.7,82.9,563.4,7.1,11.8,5.1,56.6,6.5
2022-10-28 23:03:39.132346,quillota_centro,12.6,-1.3,5.7,87.2,13.1,280.1,2.8,1019.5,51.4,656.9,3.3,9.0,2.8,66.7,8.0
2022-10-29 23:03:39.132346,quillota_centro,9.0,0.5,4.8,98.0,10.8,109.1,0.0,1025.0,90.3,555.0,4.4,9.1,2.1,49.2,3.4
2022-10-30 23:03:39.132346,quillota_centro,13.9,-0.5,6.7,94.6,12.6,200.8,0.0,1023.6,92.5,588.2,5.7,10.7,3.8,58.9,4.2
2022-10-31 23:03:39.132346,quillota_centro,12.6,1.4,7.0,98.0,4.2,76.6,0.0,999.7,72.2,636.4,6.6,11.3,5.4,39.7,3.7
2022-11-01 23:03:39.132346,quillota_centro,17.3,5.6,11.4,84.1,10.9,278.8,0.0,1005.3,85.4,452.4,8.5,14.5,8.8,29.2,3.8
2022-11-02 23:03:39.132346,quillota_centro,9.2,1.8,5.5,91.4,22.6,253.9,0.0,1018.8,79.2,569.7,4.0,9.2,1.7,67.5,7.2
2022-11-03 23:03:39.132346,quillota_centro,18.8,0.1,9.4,80.5,14.9,140.6,0.0,1016.8,64.7,529.7,5.9,12.2,6.3,38.7,5.6
2022-11-04 23:03:39.132346,quillota_centro,16.1,0.6,8.4,78.6,4.1,298.9,0.0,1023.8,55.0,457.7,4.5,10.9,6.7,42.0,5.3
2022-11-05 23:03:39.132346,quillota_centro,18.2,0.7,9.4,81.4,1.8,102.1,0.3,1009.1,44.0,767.7,6.1,12.3,8.4,68.3,5.1
2022-11-06 23:03:39.132346,quillota_centro,11.8,-0.1,5.9,98.0,0.0,348.6,0.0,1018.5,74.6,696.9,5.5,10.2,5.9,65.6,2.8
2022-11-07 23:03:39.132346,quillota_centro,16.2,1.1,8.6,86.8,6.6,5.2,0.0,1021.9,59.0,427.2,6.2,12.0,6.6,25.8,5.9
2022-11-08 23:03:39.132346,quillota_centro,16.3,2.5,9.4,91.6,10.9,19.9,0.0,1023.2,60.9,634.4,7.9,13.2,6.8,28.0,5.5
2022-11-09 23:03:39.132346,quillota_centro,10.8,4.0,7.4,90.5,1.6,262.7,0.0,1012.1,60.8,599.2,5.7,11.0,6.4,48.4,2.8
2022-11-10 23:03:39.132346,quillota_centro,14.2,-2.5,5.8,90.1,6.0,115.7,0.0,1009.5,86.5,546.1,4.0,9.4,3.9,44.8,3.6
2022-11-11 23:03:39.132346,quillota_centro,16.3,-0.2,8.0,86.9,13.1,170.0,0.0,1022.0,67.3,507.1,5.6,11.3,5.1,36.1,7.3
2022-11-12 23:03:39.132346,quillota_centro,13.6,1.4,7.5,98.0,2.2,346.6,0.0,1015.6,100.0,605.6,7.1,11.8,6.3,50.8,4.3
2022-11-13 23:03:39.132346,quillota_centro,13.7,1.7,7.7,98.0,21.3,97.5,0.0,1024.7,69.3,549.2,7.3,12.0,4.0,55.7,2.3
2022-11-14 23:03:39.132346,quillota_centro,14.9,0.5,7.7,98.0,16.3,109.3,0.0,992.0,65.6,566.6,7.3,12.0,4.4,55.0,3.4
2022-11-15 23:03:39.132346,quillota_centro,18.0,2.8,10.4,65.7,9.0,136.9,0.0,1021.4,66.3,474.7,4.1,11.8,8.0,45.1,1.0
2022-11-16 23:03:39.132346,quillota_centro,16.9,1.7,9.3,78.9,12.5,179.2,0.0,1020.9,85.9,453.5,5.5,11.9,6.5,0.2,0.3
2022-11-17 23:03:39.132346,quillota_centro,14.9,0.7,7.8,87.0,9.3,173.1,0.0,1017.7,69.1,496.2,5.4,11.1,5.3,43.1,5.8
2022-11-18 23:03:39.132346,quillota_centro,17.8,3.4,10.6,87.7,5.9,61.3,1.7,1005.9,71.8,523.0,8.4,14.0,8.6,41.9,5.5
2022-11-19 23:03:39.132346,quillota_centro,16.3,-2.5,6.9,84.2,17.2,169.7,0.0,990.1,73.9,613.6,4.0,10.0,3.6,59.2,3.6
2022-11-20 23:03:39.132346,quillota_centro,10.7,0.7,5.7,98.0,8.0,42.7,0.0,1023.2,73.0,455.7,5.4,10.0,3.5,46.4,4.0
2022-11-21 23:03:39.132346,quillota_centro,18.9,-0.6,9.2,98.0,14.5,305.4,0.0,1017.6,93.7,422.3,8.8,13.5,6.1,16.7,1.0
2022-11-22 23:03:39.132346,quillota_centro,9.6,3.8,6.7,98.0,2.2,138.2,0.0,1008.9,65.2,615.6,6.3,11.0,5.5,60.1,7.0
2022-11-23 23:03:39.132346,quillota_centro,14.6,5.3,10.0,87.4,4.8,17.0,0.0,1018.8,77.2,419.5,7.7,13.3,8.2,52.6,7.9
2022-11-24 23:03:39.132346,quillota_centro,18.4,0.7,9.5,63.9,14.4,276.1,0.0,1016.4,66.1,635.6,3.0,10.8,6.5,92.8,6.1
2022-11-25 23:03:39.132346,quillota_centro,18.5,5.1,11.8,97.7,3.2,200.4,0.0,1016.0,77.0,609.8,11.4,16.1,10.4,39.2,6.2
2022-11-26 23:03:39.132346,quillota_centro,20.3,1.3,10.8,91.2,14.0,282.9,0.0,1019.2,90.0,411.3,9.2,14.5,7.8,53.9,2.9
2022-11-27 23:03:39.132346,quillota_centro,18.0,0.0,9.0,84.9,7.3,248.2,0.0,1015.3,82.3,504.4,6.2,12.1,6.8,61.3,2.1
2022-11-28 23:03:39.132346,quillota_centro,20.5,-2.8,8.9,97.5,21.3,271.2,0.0,1002.3,75.5,763.7,8.4,13.1,5.2,77.4,5.6
2022-11-29 23:03:39.132346,quillota_centro,12.1,0.8,6.5,98.0,4.7,55.1,0.0,1003.1,100.0,515.0,6.1,10.8,4.7,42.0,4.6
2022-11-30 23:03:39.132346,quillota_centro,18.4,0.3,9.3,96.3,12.3,216.3,0.0,1007.7,68.3,691.9,8.7,13.5,6.5,41.3,8.1
2022-12-01 23:03:39.132346,quillota_centro,17.2,5.4,11.3,74.7,5.2,343.5,0.0,999.0,67.5,600.5,6.7,13.5,9.5,51.8,5.2
2022-12-02 23:03:39.132346,quillota_centro,15.9,4.2,10.1,75.9,9.2,35.8,0.0,1016.1,71.3,560.0,5.7,12.4,7.7,56.4,4.4
2022-12-03 23:03:39.132346,quillota_centro,15.7,4.6,10.1,81.6,9.5,256.6,0.0,1001.3,66.7,624.0,6.8,13.0,7.7,31.5,6.4
2022-12-04 23:03:39.132346,quillota_centro,17.9,6.7,12.3,93.9,7.3,39.0,0.0,1015.8,69.0,746.4,11.2,16.3,10.2,69.7,5.3
2022-12-05 23:03:39.132346,quillota_centro,21.3,0.7,11.0,82.8,5.0,286.5,0.0,1014.6,67.2,531.0,7.9,13.9,9.2,44.2,6.3
2022-12-06 23:03:39.132346,quillota_centro,17.9,1.6,9.8,96.7,9.8,250.5,0.0,1017.3,91.0,493.8,9.2,14.0,7.3,51.5,4.4
2022-12-07 23:03:39.132346,quillota_centro,17.3,4.7,11.0,90.8,4.3,49.8,0.0,1007.4,100.0,401.8,9.3,14.7,9.3,59.5,3.5
2022-12-08 23:03:39.132346,quillota_centro,16.7,3.7,10.2,74.0,4.6,0.5,0.0,1006.9,53.9,664.0,5.5,12.4,8.5,57.8,5.3
2022-12-09 23:03:39.132346,quillota_centro,16.2,3.6,9.9,79.3,0.2,266.5,0.0,1023.0,75.6,571.8,6.2,12.6,9.6,37.7,5.9
2022-12-10 23:03:39.132346,quillota_centro,18.6,-1.3,8.7,95.1,13.9,295.6,0.0,1005.6,100.0,380.8,7.8,12.7,5.7,27.6,5.7
2022-12-11 23:03:39.132346,quillota_centro,19.6,4.8,12.2,75.6,9.5,22.1,0.0,1016.2,60.3,543.1,7.8,14.5,9.7,57.3,6.7
2022-12-12 23:03:39.132346,quillota_centro,18.1,4.6,11.3,75.2,5.8,160.1,0.0,1003.4,72.0,638.7,6.8,13.6,9.4,45.0,3.1
2022-12-13 23:03:39.132346,quillota_centro,15.9,4.1,10.0,96.9,7.5,299.8,0.0,1020.6,96.8,210.9,9.4,14.2,7.8,36.0,2.8
2022-12-14 23:03:39.132346,quillota_centro,12.9,2.3,7.6,98.0,15.1,69.7,0.0,1020.7,64.1,499.8,7.3,11.9,4.5,35.9,4.9
2022-12-15 23:03:39.132346,quillota_centro,21.1,7.8,14.5,73.5,2.9,313.4,0.0,1006.6,47.8,731.6,9.6,16.6,13.1,97.6,7.2
2022-12-16 23:03:39.132346,quillota_centro,13.4,7.6,10.5,83.7,6.1,252.3,0.0,1026.1,81.9,586.4,7.5,13.5,8.5,19.4,6.5
2022-12-17 23:03:39.132346,quillota_centro,17.0,2.2,9.6,89.0,9.9,354.1,0.0,1004.3,71.4,583.8,7.6,13.1,7.1,65.5,4.6
2022-12-18 23:03:39.132346,quillota_centro,22.4,3.6,13.0,68.8,7.4,167.6,0.0,1022.9,34.0,693.4,7.3,14.7,10.8,28.7,9.8
2022-12-19 23:03:39.132346,quillota_centro,15.6,3.8,9.7,80.2,15.4,155.8,0.0,1003.0,48.0,672.5,6.1,12.4,6.5,56.6,7.4
2022-12-20 23:03:39.132346,quillota_centro,16.9,3.2,10.1,88.9,11.1,146.5,0.0,1012.9,100.0,339.6,8.1,13.6,7.4,16.9,7.9
2022-12-21 23:03:39.132346,quillota_centro,17.2,5.7,11.5,88.2,11.1,10.2,0.0,1005.6,96.3,550.9,9.3,14.9,8.8,84.5,3.0
2022-12-22 23:03:39.132346,quillota_centro,19.0,3.9,11.5,71.9,15.7,256.2,0.0,1003.8,100.0,582.5,6.4,13.4,8.3,29.5,3.6
2022-12-23 23:03:39.132346,quillota_centro,18.6,1.0,9.8,79.8,0.0,126.3,0.0,1026.9,86.5,499.8,6.2,12.5,9.8,54.3,3.1
2022-12-24 23:03:39.132346,quillota_centro,19.3,1.2,10.2,92.5,11.1,114.7,0.0,1014.4,95.4,386.3,8.9,14.1,7.6,79.0,4.7
2022-12-25 23:03:39.132346,quillota_centro,20.1,4.7,12.4,85.5,12.1,301.6,0.0,1026.0,68.0,530.6,9.8,15.6,9.6,42.9,3.5
2022-12-26 23:03:39.132346,quillota_centro,17.1,-3.4,6.9,98.0,0.0,17.3,0.0,1023.1,62.1,498.0,6.5,11.2,6.9,33.6,4.5
2022-12-27 23:03:39.132346,quillota_centro,23.2,6.4,14.8,85.9,12.9,42.2,0.0,1010.8,85.7,654.6,12.3,18.1,12.0,59.8,2.4
2022-12-28 23:03:39.132346,quillota_centro,17.1,4.9,11.0,78.2,2.6,210.1,0.0,1037.8,84.0,575.8,7.0,13.5,9.7,84.8,5.0
2022-12-29 23:03:39.132346,quillota_centro,20.8,3.0,11.9,63.5,7.2,121.1,0.0,1008.0,61.1,489.7,5.3,13.1,9.8,71.0,7.3
2022-12-30 23:03:39.132346,quillota_centro,16.6,4.8,10.7,93.0,2.6,313.7,0.0,1018.4,58.3,647.8,9.4,14.6,9.4,18.2,6.0
2022-12-31 23:03:39.132346,quillota_centro,19.4,4.8,12.1,89.7,7.7,296.7,0.0,1013.3,100.0,446.4,10.2,15.7,9.9,53.3,3.2
2023-01-01 23:03:39.132346,quillota_centro,23.2,7.5,15.4,80.2,4.5,108.3,0.0,1000.4,43.6,640.0,11.8,18.1,13.7,44.0,4.3
2023-01-02 23:03:39.132346,quillota_centro,22.2,10.4,16.3,61.7,0.2,228.6,0.0,1020.5,49.5,588.8,9.3,17.3,15.9,72.6,7.3
2023-01-03 23:03:39.132346,quillota_centro,20.9,6.1,13.5,95.5,13.9,200.2,0.0,1011.5,90.1,632.9,12.7,17.6,10.5,40.7,3.6
2023-01-04 23:03:39.132346,quillota_centro,26.6,4.0,15.3,72.1,12.7,197.7,0.0,1005.6,63.2,422.0,10.3,17.3,12.5,25.7,5.5
2023-01-05 23:03:39.132346,quillota_centro,22.0,5.3,13.6,78.2,10.0,252.3,0.0,1010.5,74.2,466.8,9.7,16.2,11.1,54.0,4.8
2023-01-06 23:03:39.132346,quillota_centro,21.3,8.2,14.8,78.8,5.6,311.4,0.0,1008.0,86.8,419.2,10.9,17.3,12.9,52.8,3.7
2023-01-07 23:03:39.132346,quillota_centro,22.5,12.1,17.3,71.2,5.1,247.1,0.0,1023.4,68.5,699.1,12.1,19.2,15.5,53.4,3.1
2023-01-08 23:03:39.132346,quillota_centro,21.5,8.5,15.0,70.0,6.0,135.6,0.0,1012.0,54.7,567.5,9.5,16.8,13.0,69.6,3.9
2023-01-09 23:03:39.132346,quillota_centro,21.6,9.4,15.5,79.7,0.0,163.1,0.0,1022.3,57.3,475.9,11.8,18.2,15.5,48.4,7.1
2023-01-10 23:03:39.132346,quillota_centro,18.8,7.5,13.2,82.1,6.6,316.3,0.0,1005.7,97.1,548.7,9.9,16.1,11.1,42.9,3.4
2023-01-11 23:03:39.132346,quillota_centro,19.8,8.0,13.9,64.3,0.0,223.2,0.0,1005.0,25.1,644.8,7.4,15.2,13.9,32.5,7.3
2023-01-12 23:03:39.132346,quillota_centro,27.2,9.9,18.6,96.5,0.0,147.9,0.0,1020.8,100.0,398.9,17.9,22.8,18.6,30.0,1.4
2023-01-13 23:03:39.132346,quillota_centro,25.2,8.2,16.7,65.3,1.4,90.8,0.0,1011.9,36.7,645.5,10.4,18.1,15.7,43.7,5.4
2023-01-14 23:03:39.132346,quillota_centro,21.5,6.5,14.0,86.7,4.6,65.0,0.0,1009.6,78.5,474.1,11.6,17.3,12.3,34.8,2.0
2023-01-15 23:03:39.132346,quillota_centro,19.1,7.5,13.3,75.6,2.2,43.8,0.0,1007.4,64.9,685.0,8.8,15.6,12.1,32.0,5.5
2023-01-16 23:03:39.132346,quillota_centro,15.2,7.0,11.1,78.2,9.8,26.5,0.0,995.5,84.7,439.6,7.1,13.7,8.6,37.3,6.7
2023-01-17 23:03:39.132346,quillota_centro,18.1,9.0,13.6,89.2,8.8,44.7,0.0,1014.9,58.1,511.4,11.6,17.1,11.2,46.5,5.7
2023-01-18 23:03:39.132346,quillota_centro,27.8,8.3,18.1,79.2,4.7,19.2,0.0,999.2,99.5,496.2,14.3,20.7,16.3,29.6,3.6
2023-01-19 23:03:39.132346,quillota_centro,25.0,10.9,18.0,61.9,9.2,160.4,0.0,1013.8,62.6,746.6,11.0,19.0,15.5,53.9,2.8
2023-01-20 23:03:39.132346,quillota_centro,22.6,6.4,14.5,96.2,5.3,26.0,0.0,1011.8,100.0,447.1,13.8,18.7,12.7,30.8,3.2
2023-01-21 23:03:39.132346,quillota_centro,17.7,7.1,12.4,98.0,8.4,1.6,0.0,1035.9,73.1,532.4,12.0,16.7,10.1,44.6,4.7
2023-01-22 23:03:39.132346,quillota_centro,21.3,8.7,15.0,92.3,8.5,190.8,0.0,1033.2,65.1,624.0,13.6,18.8,12.7,70.1,7.6
2023-01-23 23:03:39.132346,quillota_centro,23.0,5.7,14.4,78.7,9.4,352.7,0.0,999.0,100.0,494.0,10.5,17.0,11.9,60.6,4.8
2023-01-24 23:03:39.132346,quillota_centro,20.2,5.9,13.0,65.8,7.8,262.1,0.0,1004.8,49.5,623.0,6.8,14.5,10.8,49.9,7.7
2023-01-25 23:03:39.132346,quillota_centro,24.2,7.9,16.0,85.8,9.6,150.4,0.0,1026.9,59.0,413.4,13.5,19.3,13.6,17.7,5.2
2023-01-26 23:03:39.132346,quillota_centro,22.4,8.6,15.5,71.2,6.4,298.6,0.0,1020.4,80.5,705.1,10.3,17.4,13.5,33.3,5.6
2023-01-27 23:03:39.132346,quillota_centro,19.8,6.0,12.9,75.3,4.9,271.1,0.0,1008.1,75.1,613.8,8.4,15.2,11.1,40.3,4.6
2023-01-28 23:03:39.132346,quillota_centro,27.0,7.7,17.4,43.4,6.3,120.1,0.0,1025.9,43.4,801.0,7.1,16.8,15.4,26.6,8.3
2023-01-29 23:03:39.132346,quillota_centro,17.6,9.9,13.8,76.9,4.1,142.0,0.0,1019.1,45.7,619.5,9.6,16.2,12.2,23.6,6.0
2023-01-30 23:03:39.132346,quillota_centro,23.8,8.5,16.1,73.3,1.0,99.6,0.0,1025.4,40.5,707.8,11.3,18.2,15.3,43.1,6.4
2023-01-31 23:03:39.132346,quillota_centro,25.1,8.3,16.7,88.1,2.2,47.4,0.0,1005.5,60.8,460.4,14.5,20.1,15.5,74.2,6.4
2023-02-01 23:03:39.132346,quillota_centro,24.5,16.8,20.7,64.9,3.1,237.3,0.0,1002.8,47.8,743.9,14.3,22.0,19.3,43.8,6.4
2023-02-02 23:03:39.132346,quillota_centro,21.3,11.5,16.4,49.4,11.0,353.9,0.0,1026.6,48.3,643.6,7.2,16.3,13.7,67.2,5.6
2023-02-03 23:03:39.132346,quillota_centro,29.9,9.4,19.7,80.2,4.8,190.7,0.0,990.4,57.4,780.5,16.1,22.4,17.9,73.5,5.9
2023-02-04 23:03:39.132346,quillota_centro,20.3,12.4,16.4,85.7,16.4,40.1,0.0,1023.1,59.1,547.7,13.8,19.6,13.1,36.9,5.3
2023-02-05 23:03:39.132346,quillota_centro,26.6,10.9,18.7,65.7,1.3,97.0,0.0,997.9,42.5,654.6,12.5,20.2,17.8,35.5,7.9
2023-02-06 23:03:39.132346,quillota_centro,24.1,12.4,18.3,64.8,1.2,239.4,0.0,1009.0,83.1,642.7,11.8,19.6,17.4,6.5,1.4
2023-02-07 23:03:39.132346,quillota_centro,23.1,8.9,16.0,89.2,8.1,186.5,0.0,1022.8,91.7,368.0,14.1,19.5,13.7,59.5,4.5
2023-02-08 23:03:39.132346,quillota_centro,24.5,7.5,16.0,77.1,10.8,321.2,0.0,1015.7,63.3,571.1,11.9,18.5,13.4,76.6,5.2
2023-02-09 23:03:39.132346,quillota_centro,29.8,13.1,21.4,58.5,0.0,52.6,0.0,1008.8,56.7,465.0,13.9,22.2,21.4,44.2,3.7
2023-02-10 23:03:39.132346,quillota_centro,24.7,14.4,19.6,67.5,0.1,123.8,0.0,1009.8,77.3,719.0,13.7,21.1,19.3,80.5,4.9
2023-02-11 23:03:39.132346,quillota_centro,24.1,8.9,16.5,75.5,1.1,266.1,0.0,1008.5,75.7,557.2,12.1,18.8,15.7,25.5,3.7
2023-02-12 23:03:39.132346,quillota_centro,25.4,7.2,16.3,75.9,13.7,115.5,0.0,993.7,92.2,261.8,11.9,18.6,13.3,64.4,4.7
2023-02-13 23:03:39.132346,quillota_centro,24.7,14.5,19.6,63.2,1.4,244.4,0.0,1009.6,26.1,834.6,12.9,20.8,18.7,24.9,8.2
2023-02-14 23:03:39.132346,quillota_centro,21.6,15.6,18.6,66.5,8.2,146.7,0.0,1013.3,58.4,755.9,12.5,20.1,16.3,39.0,3.8
2023-02-15 23:03:39.132346,quillota_centro,29.7,11.7,20.7,54.3,0.9,117.6,0.0,1004.6,4.0,829.1,12.4,21.1,19.9,50.9,9.6
2023-02-16 23:03:39.132346,quillota_centro,21.4,12.3,16.8,68.0,5.5,106.8,0.0,1005.4,29.1,706.5,11.0,18.4,15.0,50.3,6.8
2023-02-17 23:03:39.132346,quillota_centro,25.3,17.6,21.5,70.6,0.0,263.8,0.0,1008.4,47.0,724.6,16.1,23.3,21.5,63.0,5.5
2023-02-18 23:03:39.132346,quillota_centro,25.4,18.3,21.8,78.0,5.3,140.7,0.0,1021.2,66.2,739.4,17.8,24.3,20.0,40.9,6.8
2023-02-19 23:03:39.132346,quillota_centro,24.1,11.9,18.0,77.9,3.3,12.6,0.0,1018.1,49.1,697.3,14.0,20.5,16.5,40.4,3.9
2023-02-20 23:03:39.132346,quillota_centro,24.8,16.5,20.6,75.8,8.8,346.9,0.0,1002.6,44.0,809.1,16.2,22.9,18.2,40.2,7.7
2023-02-21 23:03:39.132346,quillota_centro,28.6,9.9,19.3,79.9,2.1,37.8,0.0,1001.8,55.7,655.1,15.6,22.0,18.1,38.5,6.8
2023-02-22 23:03:39.132346,quillota_centro,25.4,10.3,17.8,62.6,5.7,117.2,0.0,1016.7,28.9,842.7,11.0,19.0,15.9,71.8,9.7
2023-02-23 23:03:39.132346,quillota_centro,26.5,10.0,18.3,72.2,6.8,19.4,0.0,995.6,79.9,501.4,13.2,20.3,16.2,36.4,7.5
2023-02-24 23:03:39.132346,quillota_centro,27.8,14.5,21.2,52.4,6.1,147.1,0.0,1028.8,63.8,423.7,12.5,21.4,19.2,24.8,5.8
2023-02-25 23:03:39.132346,quillota_centro,27.3,10.5,18.9,74.7,7.0,122.3,0.0,1016.1,60.8,540.7,14.3,21.1,16.8,43.1,6.6
2023-02-26 23:03:39.132346,quillota_centro,23.4,16.2,19.8,61.2,0.7,64.6,0.0,1008.8,39.7,515.0,12.7,20.8,19.1,49.8,6.5
2023-02-27 23:03:39.132346,quillota_centro,24.5,9.9,17.2,86.7,2.5,104.9,0.0,1026.8,69.4,462.0,14.8,20.5,15.9,24.2,3.8
2023-02-28 23:03:39.132346,quillota_centro,24.8,12.1,18.5,80.9,11.2,165.9,0.0,1004.4,47.2,776.9,15.0,21.2,15.8,26.6,8.9
2023-03-01 23:03:39.132346,quillota_centro,25.5,14.6,20.0,62.7,0.0,94.3,0.0,1020.7,26.6,885.6,13.3,21.2,20.0,88.2,6.4
2023-03-02 23:03:39.132346,quillota_centro,24.6,16.0,20.3,61.1,3.4,260.0,0.0,1020.4,62.4,701.4,13.2,21.3,18.8,37.6,7.9
2023-03-03 23:03:39.132346,quillota_centro,31.3,14.4,22.9,50.3,0.0,152.7,0.0,1015.1,76.6,560.1,13.8,22.9,22.9,93.1,4.6
2023-03-04 23:03:39.132346,quillota_centro,24.9,12.6,18.8,56.8,3.6,179.4,0.0,1007.8,71.2,611.3,10.9,19.4,17.3,35.5,4.2
2023-03-05 23:03:39.132346,quillota_centro,22.3,10.5,16.4,75.5,10.9,240.4,5.3,1009.5,87.7,528.4,11.9,18.7,13.8,38.8,3.2
2023-03-06 23:03:39.132346,quillota_centro,28.7,11.1,19.9,83.1,5.2,44.1,0.0,1025.6,56.5,604.8,16.8,22.9,18.1,34.3,5.6
2023-03-07 23:03:39.132346,quillota_centro,25.2,13.6,19.4,56.1,2.4,330.5,0.0,997.8,42.4,683.0,11.4,19.9,18.2,27.8,6.1
2023-03-08 23:03:39.132346,quillota_centro,33.8,13.5,23.6,63.7,7.6,42.1,0.0,1003.7,57.7,588.3,17.0,24.9,21.4,37.8,7.2
2023-03-09 23:03:39.132346,quillota_centro,28.7,13.8,21.2,59.8,2.8,277.1,0.0,1008.1,37.1,839.7,13.9,22.1,19.9,48.0,6.7
2023-03-10 23:03:39.132346,quillota_centro,29.6,15.1,22.3,46.0,7.6,59.4,0.0,1012.5,33.4,661.0,12.5,22.0,20.1,62.2,8.1
2023-03-11 23:03:39.132346,quillota_centro,27.4,14.9,21.2,70.6,7.7,125.5,0.0,1017.0,53.4,682.8,15.8,23.0,18.9,38.6,5.7
2023-03-12 23:03:39.132346,quillota_centro,27.6,13.7,20.7,73.9,0.6,104.8,0.0,1008.1,66.8,663.9,15.9,22.8,20.0,49.7,5.7
2023-03-13 23:03:39.132346,quillota_centro,30.0,16.7,23.3,64.8,16.1,3.0,0.0,1005.0,73.6,545.9,16.9,24.7,20.1,68.7,3.8
2023-03-14 23:03:39.132346,quillota_centro,30.0,13.5,21.7,62.9,10.5,147.2,0.0,1020.7,68.9,497.0,15.0,22.9,19.1,87.9,5.0
2023-03-15 23:03:39.132346,quillota_centro,25.2,16.3,20.8,71.7,0.0,308.3,0.0,1008.3,33.2,689.3,15.6,22.7,20.8,58.6,5.2
2023-03-16 23:03:39.132346,quillota_centro,33.1,13.1,23.1,65.5,6.6,220.5,0.0,1015.6,84.3,312.8,16.8,24.5,21.1,40.4,3.0
2023-03-17 23:03:39.132346,quillota_centro,28.1,17.8,23.0,62.4,0.0,96.8,0.0,1001.7,0.0,926.0,16.1,24.1,23.0,33.3,10.4
2023-03-18 23:03:39.132346,quillota_centro,27.0,11.5,19.3,56.6,4.5,90.1,0.0,985.0,43.5,588.0,11.4,19.9,17.5,81.1,5.9
2023-03-19 23:03:39.132346,quillota_centro,21.3,14.0,17.6,84.2,6.9,224.9,0.0,994.6,77.7,386.8,14.8,20.7,15.5,33.9,3.0
2023-03-20 23:03:39.132346,quillota_centro,27.4,17.0,22.2,53.5,5.5,333.6,0.0,1020.9,29.8,537.4,13.7,22.5,20.3,26.0,6.3
2023-03-21 23:03:39.132346,quillota_centro,28.5,16.0,22.2,59.7,13.9,261.1,0.0,1019.0,70.0,528.5,14.9,23.1,19.3,54.3,7.2
2023-03-22 23:03:39.132346,quillota_centro,26.4,16.6,21.5,51.6,6.8,54.3,0.0,1001.0,21.5,702.8,12.7,21.6,19.4,67.5,6.8
2023-03-23 23:03:39.132346,quillota_centro,31.1,17.4,24.2,52.6,7.2,232.7,0.0,1010.5,57.4,623.7,15.6,24.5,22.1,43.0,4.2
2023-03-24 23:03:39.132346,quillota_centro,25.2,15.9,20.6,71.9,0.0,240.3,0.0,1017.4,67.6,372.5,15.5,22.5,20.6,67.9,3.9
2023-03-25 23:03:39.132346,quillota_centro,25.2,11.0,18.1,77.1,1.4,99.5,0.0,1025.0,100.0,532.4,13.9,20.6,17.2,24.9,0.5
2023-03-26 23:03:39.132346,quillota_centro,28.5,16.3,22.4,61.4,17.5,222.2,0.0,1016.7,30.2,797.2,15.4,23.4,19.0,45.9,9.1
2023-03-27 23:03:39.132346,quillota_centro,28.9,13.7,21.3,52.0,0.0,278.2,0.0,1008.1,31.9,808.1,12.5,21.4,21.3,40.7,7.7
2023-03-28 23:03:39.132346,quillota_centro,30.2,15.6,22.9,47.9,1.1,348.7,0.0,1002.6,47.7,705.1,13.4,22.7,22.1,48.9,6.3
2023-03-29 23:03:39.132346,quillota_centro,29.2,18.5,23.8,62.0,13.3,321.6,0.0,1016.0,81.5,467.8,16.9,24.9,20.9,64.3,6.4
2023-03-30 23:03:39.132346,quillota_centro,26.0,16.5,21.3,69.6,7.1,96.2,0.0,1010.1,47.6,775.5,15.7,23.0,19.1,8.0,9.4
2023-03-31 23:03:39.132346,quillota_centro,35.9,15.3,25.6,61.9,1.4,104.1,0.0,1022.7,35.9,680.2,18.6,26.6,24.6,17.9,7.7
2023-04-01 23:03:39.132346,quillota_centro,30.7,15.2,23.0,96.6,10.5,105.4,0.0,989.3,74.6,569.1,22.3,27.2,20.4,35.8,1.6
2023-04-02 23:03:39.132346,quillota_centro,28.5,15.8,22.1,67.1,7.4,137.5,0.0,1018.2,66.8,726.7,16.2,23.7,20.0,54.5,4.8
2023-04-03 23:03:39.132346,quillota_centro,31.0,14.0,22.5,64.6,6.9,350.6,0.0,1012.3,71.1,576.6,16.1,23.8,20.4,45.4,4.8
2023-04-04 23:03:39.132346,quillota_centro,33.2,17.7,25.5,76.6,12.4,143.9,0.0,1015.4,58.1,629.8,21.2,27.8,22.6,80.0,6.0
2023-04-05 23:03:39.132346,quillota_centro,28.8,14.6,21.7,72.3,10.1,5.2,0.0,1005.5,70.2,379.5,16.7,23.7,19.2,51.2,5.7
2023-04-06 23:03:39.132346,quillota_centro,30.3,16.2,23.3,65.9,8.7,298.1,0.0,1023.8,33.2,634.5,17.1,24.7,20.9,8.8,7.9
2023-04-07 23:03:39.132346,quillota_centro,28.4,13.9,21.2,74.6,3.2,79.7,0.0,1015.8,59.6,656.1,16.5,23.4,19.7,55.5,4.9
2023-04-08 23:03:39.132346,quillota_centro,27.3,14.6,21.0,69.0,7.0,192.2,5.9,1021.7,100.0,236.4,15.3,22.7,18.9,28.2,3.3
2023-04-09 23:03:39.132346,quillota_centro,27.0,13.3,20.1,90.5,12.2,62.5,0.0,1012.8,84.9,537.0,18.4,23.8,17.3,45.2,5.3
2023-04-10 23:03:39.132346,quillota_centro,27.4,14.9,21.1,94.3,3.4,326.4,0.0,1014.9,70.1,587.2,20.1,25.1,19.7,73.5,4.8
2023-04-11 23:03:39.132346,quillota_centro,30.0,16.4,23.2,83.0,7.5,243.9,1.6,1007.2,72.2,589.0,20.1,26.2,21.0,57.8,6.8
2023-04-12 23:03:39.132346,quillota_centro,28.4,17.2,22.8,65.0,9.1,74.1,7.3,1024.8,100.0,263.0,16.4,24.1,20.4,79.8,4.7
2023-04-13 23:03:39.132346,quillota_centro,29.0,17.2,23.1,66.4,10.9,157.9,0.0,1012.7,44.9,767.3,17.0,24.6,20.4,20.3,5.4
2023-04-14 23:03:39.132346,quillota_centro,33.4,16.7,25.0,65.1,2.6,287.5,0.0,1009.0,84.7,521.5,18.7,26.4,23.7,24.1,5.2
2023-04-15 23:03:39.132346,quillota_centro,31.4,16.9,24.2,48.6,3.2,287.8,0.0,1026.9,75.2,574.4,14.8,24.0,22.7,57.1,6.3
2023-04-16 23:03:39.132346,quillota_centro,31.3,14.3,22.8,73.6,6.3,323.8,0.0,1014.0,64.6,560.9,18.0,24.9,20.8,88.9,4.1
2023-04-17 23:03:39.132346,quillota_centro,34.0,14.9,24.5,56.4,3.1,17.4,0.0,1014.7,66.7,432.4,16.5,25.0,23.1,37.0,7.8
2023-04-18 23:03:39.132346,quillota_centro,27.5,14.8,21.1,66.4,2.0,70.4,2.6,1002.8,64.8,645.3,15.0,22.6,20.0,34.2,3.4
2023-04-19 23:03:39.132346,quillota_centro,31.3,16.6,23.9,66.7,5.5,53.8,0.0,1024.2,62.6,691.4,17.9,25.4,22.1,35.9,9.5
2023-04-20 23:03:39.132346,quillota_centro,30.9,16.2,23.5,64.5,3.8,82.3,0.0,1032.4,52.5,653.3,17.1,24.9,22.0,47.6,4.2
2023-04-21 23:03:39.132346,quillota_centro,30.2,12.9,21.5,69.1,0.0,164.1,4.9,1014.5,93.9,421.1,15.9,23.2,21.5,44.8,5.4
2023-04-22 23:03:39.132346,quillota_centro,29.5,14.7,22.1,76.5,4.5,265.1,0.0,1014.2,73.8,593.5,17.9,24.5,20.4,44.2,4.9
2023-04-23 23:03:39.132346,quillota_centro,31.8,17.1,24.4,61.3,3.0,13.2,0.0,1019.7,78.1,655.7,17.4,25.5,23.0,68.7,6.6
2023-04-24 23:03:39.132346,quillota_centro,31.6,15.1,23.4,57.7,0.0,31.8,0.0,1021.9,37.9,726.3,15.7,24.1,23.4,20.6,7.5
2023-04-25 23:03:39.132346,quillota_centro,29.9,16.9,23.4,50.0,16.5,149.0,0.0,1025.4,49.5,601.9,14.3,23.4,20.1,32.9,5.4
2023-04-26 23:03:39.132346,quillota_centro,23.2,14.9,19.1,76.4,8.4,238.6,0.0,1014.4,62.7,547.2,14.8,21.5,16.8,54.9,4.8
2023-04-27 23:03:39.132346,quillota_centro,26.8,16.8,21.8,65.8,2.4,254.8,0.0,1018.0,41.0,575.9,15.6,23.3,20.6,99.4,5.3
2023-04-28 23:03:39.132346,quillota_centro,27.9,11.9,19.9,50.7,5.4,120.5,0.0,1022.6,45.8,747.0,10.9,19.9,18.0,41.7,4.7
2023-04-29 23:03:39.132346,quillota_centro,30.4,16.1,23.2,65.3,3.1,299.1,0.0,1000.9,69.4,795.6,16.9,24.6,21.8,55.9,2.1
2023-04-30 23:03:39.132346,quillota_centro,26.3,18.2,22.2,55.1,8.1,167.1,2.3,1019.4,47.0,622.3,14.1,22.7,20.0,67.3,9.4
2023-05-01 23:03:39.132346,quillota_centro,27.8,14.6,21.2,82.1,11.3,170.4,0.0,1005.1,56.6,666.2,18.0,24.1,18.5,28.1,4.5
2023-05-02 23:03:39.132346,quillota_centro,30.4,12.1,21.3,76.3,14.9,21.4,0.0,1006.7,39.3,733.7,17.0,23.6,18.2,36.9,8.3
2023-05-03 23:03:39.132346,quillota_centro,27.0,11.4,19.2,58.6,11.6,49.5,5.5,1001.6,77.4,693.0,11.7,20.0,16.5,32.4,3.8
2023-05-04 23:03:39.132346,quillota_centro,32.1,15.4,23.7,61.6,7.0,289.5,0.0,1020.1,48.4,679.6,16.8,24.8,21.6,30.7,4.6
2023-05-05 23:03:39.132346,quillota_centro,29.0,12.9,20.9,82.2,8.5,5.9,0.0,1019.2,100.0,507.1,17.7,23.8,18.6,35.2,3.3
2023-05-06 23:03:39.132346,quillota_centro,27.6,15.1,21.3,69.2,10.5,104.6,1.4,1021.7,43.9,578.7,15.7,23.1,18.7,40.8,5.4
2023-05-07 23:03:39.132346,quillota_centro,30.9,11.7,21.3,61.4,5.2,270.6,0.0,1022.1,67.3,529.7,14.3,22.3,19.5,31.6,4.6
2023-05-08 23:03:39.132346,quillota_centro,26.9,15.7,21.3,67.0,6.9,30.9,0.0,1003.9,68.6,609.9,15.3,22.8,19.2,36.3,5.1
2023-05-09 23:03:39.132346,quillota_centro,28.0,15.3,21.6,68.4,7.9,243.9,2.7,1002.8,64.1,507.7,15.9,23.3,19.4,42.3,4.8
2023-05-10 23:03:39.132346,quillota_centro,30.0,12.9,21.5,62.1,12.3,54.7,0.0,1026.6,60.5,556.0,14.6,22.6,18.7,37.7,4.2
2023-05-11 23:03:39.132346,quillota_centro,30.8,16.6,23.7,46.6,0.5,132.2,0.0,1029.3,43.9,649.7,14.0,23.4,23.2,22.1,8.5
2023-05-12 23:03:39.132346,quillota_centro,29.7,15.7,22.7,46.0,8.2,239.6,1.4,1027.4,51.0,629.0,12.9,22.3,20.4,8.6,6.5
2023-05-13 23:03:39.132346,quillota_centro,26.2,14.3,20.3,69.6,0.0,99.0,0.0,1020.5,28.7,829.5,14.7,22.0,20.3,21.4,8.8
2023-05-14 23:03:39.132346,quillota_centro,29.9,15.9,22.9,74.7,15.3,136.0,0.0,1020.4,48.2,519.0,18.3,25.1,19.8,63.6,7.8
2023-05-15 23:03:39.132346,quillota_centro,31.7,14.0,22.9,76.0,7.9,220.1,0.0,1013.4,78.5,520.2,18.5,25.2,20.6,74.1,4.2
2023-05-16 23:03:39.132346,quillota_centro,28.4,12.3,20.4,72.9,1.8,165.0,0.0,1007.1,39.7,772.0,15.4,22.4,19.3,33.6,8.2
2023-05-17 23:03:39.132346,quillota_centro,33.2,15.2,24.2,56.1,4.4,219.5,0.0,996.9,16.5,749.7,16.2,24.8,22.5,13.7,9.3
2023-05-18 23:03:39.132346,quillota_centro,33.9,12.9,23.4,53.6,7.4,111.7,0.0,1003.6,26.9,614.1,15.0,23.7,21.2,30.9,8.1
2023-05-19 23:03:39.132346,quillota_centro,26.7,12.8,19.7,65.9,13.0,302.1,0.0,1019.6,39.9,491.4,13.5,21.2,16.9,60.6,7.6
2023-05-20 23:03:39.132346,quillota_centro,24.8,14.2,19.5,65.1,13.7,350.2,0.0,1013.8,46.1,834.3,13.2,20.9,16.5,57.9,4.8
2023-05-21 23:03:39.132346,quillota_centro,26.0,16.8,21.4,58.6,11.9,204.5,0.0,1030.3,35.8,583.9,13.9,22.2,18.7,49.7,5.5
2023-05-22 23:03:39.132346,quillota_centro,30.9,14.0,22.4,67.9,10.5,206.6,11.9,1033.4,100.0,422.2,16.6,24.0,19.8,29.3,3.3
2023-05-23 23:03:39.132346,quillota_centro,31.7,13.4,22.5,63.1,3.4,110.8,0.0,1011.3,58.5,564.5,15.8,23.7,21.1,63.1,4.5
2023-05-24 23:03:39.132346,quillota_centro,30.5,12.0,21.2,67.8,6.7,127.1,0.0,1016.7,42.4,671.3,15.4,22.8,19.2,67.4,5.9
2023-05-25 23:03:39.132346,quillota_centro,24.2,13.1,18.7,63.5,15.3,91.6,13.7,1004.9,100.0,434.8,12.0,19.9,15.5,26.5,2.2
2023-05-26 23:03:39.132346,quillota_centro,28.3,14.0,21.2,53.2,4.0,347.4,0.5,1009.2,58.3,646.9,12.6,21.4,19.6,44.7,3.3
2023-05-27 23:03:39.132346,quillota_centro,25.9,17.2,21.5,60.7,12.7,189.8,0.0,1016.8,70.8,718.3,14.4,22.5,18.7,26.6,9.4
2023-05-28 23:03:39.132346,quillota_centro,28.9,10.3,19.6,56.5,8.0,222.2,0.0,1011.9,17.0,933.0,11.6,20.1,17.3,35.5,6.6
2023-05-29 23:03:39.132346,quillota_centro,31.0,15.7,23.4,66.7,7.2,133.6,0.0,1010.3,51.3,617.7,17.3,24.9,21.2,66.0,8.2
2023-05-30 23:03:39.132346,quillota_centro,30.9,12.1,21.5,46.9,3.2,237.9,0.0,1014.1,17.9,800.0,11.9,21.2,20.1,61.4,6.7
2023-05-31 23:03:39.132346,quillota_centro,29.6,17.1,23.4,70.5,10.0,210.2,0.0,1014.7,58.1,517.2,18.0,25.2,20.8,81.4,4.2
2023-06-01 23:03:39.132346,quillota_centro,28.3,12.2,20.2,72.9,16.8,147.8,0.0,1001.0,85.9,626.1,15.3,22.3,17.0,32.5,4.1
2023-06-02 23:03:39.132346,quillota_centro,28.0,10.9,19.5,66.2,4.3,296.6,7.1,1006.1,100.0,630.5,13.3,20.9,17.8,44.2,5.3
2023-06-03 23:03:39.132346,quillota_centro,23.8,13.3,18.5,71.7,10.6,13.3,1.9,1012.5,96.4,345.0,13.4,20.5,15.9,29.3,2.4
2023-06-04 23:03:39.132346,quillota_centro,22.8,10.7,16.7,70.2,13.8,152.9,0.0,1016.3,64.7,748.2,11.3,18.6,13.8,76.2,8.6
2023-06-05 23:03:39.132346,quillota_centro,28.9,10.4,19.6,58.9,1.7,319.8,0.0,1000.3,40.6,773.0,12.2,20.4,18.6,76.4,6.9
2023-06-06 23:03:39.132346,quillota_centro,26.0,10.3,18.1,71.1,9.4,7.7,0.0,1018.9,75.7,542.9,12.9,20.0,15.7,35.2,3.2
2023-06-07 23:03:39.132346,quillota_centro,23.7,15.6,19.6,71.7,12.5,320.3,5.7,1019.8,84.4,547.6,14.5,21.6,16.8,34.8,2.8
2023-06-08 23:03:39.132346,quillota_centro,21.6,11.5,16.6,74.5,9.3,135.6,7.2,1023.0,69.9,548.7,11.9,18.8,14.1,55.8,4.7
2023-06-09 23:03:39.132346,quillota_centro,22.4,13.9,18.2,60.3,9.8,200.1,0.0,1009.5,13.2,691.3,11.0,19.1,15.7,57.0,10.3
2023-06-10 23:03:39.132346,quillota_centro,26.0,13.2,19.6,85.5,7.6,98.6,7.6,1013.2,100.0,343.4,17.0,22.8,17.4,45.4,5.6
2023-06-11 23:03:39.132346,quillota_centro,26.7,14.3,20.5,73.0,13.4,245.6,0.0,996.8,65.8,500.4,15.6,22.6,17.6,80.0,6.2
2023-06-12 23:03:39.132346,quillota_centro,27.0,8.6,17.8,83.4,16.3,173.2,0.0,1008.0,81.3,357.0,14.8,20.8,14.6,32.9,3.3
2023-06-13 23:03:39.132346,quillota_centro,24.3,12.5,18.4,66.1,7.5,19.2,0.0,1020.4,25.6,776.4,12.3,19.9,16.2,47.4,9.7
2023-06-14 23:03:39.132346,quillota_centro,22.9,14.2,18.6,75.1,9.7,175.0,6.1,994.7,70.5,594.5,14.0,20.8,16.1,57.0,6.9
2023-06-15 23:03:39.132346,quillota_centro,29.8,11.5,20.7,71.9,1.6,67.7,0.0,1026.8,57.0,540.0,15.5,22.6,19.6,18.1,6.1
2023-06-16 23:03:39.132346,quillota_centro,25.7,9.7,17.7,70.7,10.8,14.0,0.0,1011.7,38.9,592.1,12.4,19.6,15.1,49.7,6.0
2023-06-17 23:03:39.132346,quillota_centro,24.7,8.8,16.8,81.7,17.8,322.0,7.7,1018.1,84.8,738.3,13.4,19.6,13.4,42.9,5.6
2023-06-18 23:03:39.132346,quillota_centro,24.9,12.6,18.7,70.4,14.9,337.2,9.7,990.0,100.0,512.7,13.3,20.6,15.6,33.9,5.3
2023-06-19 23:03:39.132346,quillota_centro,25.8,10.9,18.4,86.1,10.6,2.0,17.1,1014.0,88.2,308.1,15.8,21.6,15.8,47.7,5.1
2023-06-20 23:03:39.132346,quillota_centro,23.0,15.7,19.3,46.9,9.2,282.5,0.0,1019.5,64.8,629.9,9.7,19.1,16.9,26.2,4.6
2023-06-21 23:03:39.132346,quillota_centro,31.0,11.7,21.3,69.2,9.3,224.0,0.0,1011.8,38.6,671.5,15.7,23.1,18.9,18.3,8.2
2023-06-22 23:03:39.132346,quillota_centro,29.5,9.7,19.6,49.9,13.2,102.7,5.4,1029.2,88.0,533.8,10.5,19.6,16.7,24.4,4.8
2023-06-23 23:03:39.132346,quillota_centro,25.2,9.8,17.5,73.9,9.8,111.1,0.0,995.7,56.9,599.0,12.8,19.7,15.0,37.7,4.4
2023-06-24 23:03:39.132346,quillota_centro,27.8,12.6,20.2,63.3,11.1,192.2,1.4,1011.1,75.0,527.5,13.5,21.4,17.5,61.6,6.1
2023-06-25 23:03:39.132346,quillota_centro,23.9,13.8,18.8,80.0,0.0,84.3,0.0,986.6,49.1,671.6,15.2,21.5,18.8,14.7,4.3
2023-06-26 23:03:39.132346,quillota_centro,26.5,12.7,19.6,69.8,3.5,254.3,0.0,1029.7,45.4,695.4,14.1,21.4,18.1,85.9,5.5
2023-06-27 23:03:39.132346,quillota_centro,27.1,9.4,18.2,55.2,8.8,261.3,2.4,1029.3,71.4,468.3,10.1,18.7,15.9,62.1,3.8
2023-06-28 23:03:39.132346,quillota_centro,26.0,15.6,20.8,60.9,0.0,101.1,0.0,1031.0,66.9,537.1,13.7,21.8,20.8,48.5,2.2
2023-06-29 23:03:39.132346,quillota_centro,24.3,14.7,19.5,62.8,13.1,276.6,10.2,990.8,90.6,451.4,12.7,20.7,16.6,13.6,5.0
2023-06-30 23:03:39.132346,quillota_centro,29.8,11.4,20.6,60.4,10.3,143.0,1.7,1015.9,59.8,611.1,13.4,21.5,18.0,32.0,6.6
2023-07-01 23:03:39.132346,quillota_centro,15.2,4.5,9.8,84.9,13.1,156.2,3.2,1001.5,72.9,654.4,7.1,13.0,6.9,34.3,6.2
2023-07-02 23:03:39.132346,quillota_centro,24.6,7.1,15.8,94.0,12.4,54.1,4.2,1002.6,92.2,430.2,14.8,19.8,13.0,69.4,3.6
2023-07-03 23:03:39.132346,quillota_centro,17.3,8.3,12.8,76.1,16.1,217.4,0.0,1003.2,48.3,508.7,8.5,15.2,9.6,45.2,5.8
2023-07-04 23:03:39.132346,quillota_centro,20.9,11.0,15.9,68.5,10.9,266.7,0.0,1015.7,58.2,473.0,10.2,17.6,13.3,49.3,5.1
2023-07-05 23:03:39.132346,quillota_centro,21.7,8.0,14.8,68.6,13.0,184.5,0.0,1013.4,43.7,536.3,9.1,16.5,11.9,53.4,6.2
2023-07-06 23:03:39.132346,quillota_centro,21.7,7.6,14.7,90.5,10.0,260.3,0.0,1013.9,84.9,579.6,13.0,18.3,12.2,54.2,5.6
2023-07-07 23:03:39.132346,quillota_centro,24.7,7.8,16.2,68.1,13.7,239.5,3.1,1023.3,82.4,543.6,10.4,17.8,13.3,58.5,2.2
2023-07-08 23:03:39.132346,quillota_centro,20.3,9.9,15.1,68.4,3.3,174.8,0.0,1020.5,68.4,478.8,9.4,16.8,13.6,17.5,7.5
2023-07-09 23:03:39.132346,quillota_centro,17.3,10.4,13.9,84.0,9.1,264.1,0.0,1033.0,80.0,511.8,11.0,16.9,11.5,59.5,4.5
2023-07-10 23:03:39.132346,quillota_centro,23.2,5.5,14.4,85.9,11.8,45.1,0.0,1008.8,73.1,530.0,11.8,17.6,11.6,45.0,2.5
2023-07-11 23:03:39.132346,quillota_centro,22.0,4.5,13.2,71.5,9.7,145.8,0.0,1005.3,75.0,560.7,8.0,15.1,10.7,55.3,2.0
2023-07-12 23:03:39.132346,quillota_centro,20.6,11.3,15.9,86.9,6.0,195.4,0.0,1018.1,50.1,758.1,13.6,19.3,14.0,58.3,6.2
2023-07-13 23:03:39.132346,quillota_centro,22.0,5.7,13.8,85.0,14.6,191.7,15.4,1013.7,80.4,372.4,11.1,17.0,10.8,42.6,3.8
2023-07-14 23:03:39.132346,quillota_centro,24.1,11.4,17.8,59.5,8.4,213.3,0.0,1012.7,58.7,651.0,10.4,18.6,15.5,55.8,3.7
2023-07-15 23:03:39.132346,quillota_centro,18.8,5.9,12.4,80.6,10.5,2.9,0.0,1002.0,96.4,469.6,8.8,15.1,9.8,60.8,4.2
2023-07-16 23:03:39.132346,quillota_centro,22.4,7.5,15.0,65.0,15.2,180.7,0.0,1029.1,51.2,522.6,8.6,16.3,11.8,54.7,8.5
2023-07-17 23:03:39.132346,quillota_centro,23.6,8.8,16.2,86.7,12.5,211.5,0.0,1015.1,67.6,596.0,13.8,19.5,13.4,30.6,5.0
2023-07-18 23:03:39.132346,quillota_centro,17.7,8.4,13.1,88.2,6.9,42.6,0.0,1001.7,43.8,705.5,10.9,16.5,11.0,63.5,6.0
2023-07-19 23:03:39.132346,quillota_centro,21.9,9.1,15.5,78.6,12.5,84.2,0.0,1004.4,61.2,631.3,11.6,18.1,12.7,49.0,9.5
2023-07-20 23:03:39.132346,quillota_centro,22.8,8.8,15.8,69.2,10.7,244.0,3.4,1013.6,80.9,518.6,10.2,17.6,13.2,24.8,2.0
2023-07-21 23:03:39.132346,quillota_centro,21.7,7.8,14.8,90.8,17.1,340.5,0.0,1015.2,80.6,661.9,13.1,18.4,11.4,56.4,5.6
2023-07-22 23:03:39.132346,quillota_centro,21.8,8.4,15.1,83.4,12.3,255.2,0.0,1009.3,88.1,512.0,12.1,18.1,12.3,48.0,1.6
2023-07-23 23:03:39.132346,quillota_centro,21.0,6.3,13.7,84.3,10.2,249.7,0.0,1020.7,45.4,777.7,10.8,16.8,11.1,55.0,7.4
2023-07-24 23:03:39.132346,quillota_centro,22.3,10.8,16.5,76.8,10.0,89.4,0.0,1015.7,38.3,444.0,12.3,19.0,14.0,49.5,9.8
2023-07-25 23:03:39.132346,quillota_centro,17.0,9.3,13.2,73.6,16.3,357.3,0.0,1030.9,51.7,617.5,8.4,15.3,9.9,36.3,8.7
2023-07-26 23:03:39.132346,quillota_centro,21.8,7.6,14.7,83.4,8.9,0.8,0.1,1016.4,57.3,653.6,11.7,17.7,12.3,22.8,5.3
2023-07-27 23:03:39.132346,quillota_centro,22.3,6.3,14.3,96.8,8.4,226.8,0.0,1016.4,83.7,313.8,13.7,18.5,12.0,37.6,6.3
2023-07-28 23:03:39.132346,quillota_centro,23.6,8.4,16.0,68.2,0.8,352.9,2.5,1021.3,49.2,712.3,10.2,17.6,15.3,62.3,5.3
2023-07-29 23:03:39.132346,quillota_centro,23.9,10.6,17.2,73.4,0.0,14.0,0.0,1022.7,60.9,535.3,12.4,19.3,17.2,23.1,5.7
2023-07-30 23:03:39.132346,quillota_centro,22.5,10.0,16.2,76.9,17.5,82.0,0.0,998.9,55.4,717.6,12.0,18.6,12.9,58.7,4.7
2023-07-31 23:03:39.132346,quillota_centro,22.9,6.5,14.7,80.1,14.2,218.0,0.0,1011.5,90.9,559.1,11.1,17.4,11.7,52.2,3.9
2023-08-01 23:03:39.132346,quillota_centro,16.6,4.7,10.7,98.0,5.2,53.3,0.0,1018.4,75.8,496.7,10.3,15.0,8.9,57.8,7.7
2023-08-02 23:03:39.132346,quillota_centro,18.8,6.2,12.5,72.8,6.1,272.9,0.0,1016.7,47.1,638.6,7.5,14.5,10.5,26.3,5.1
2023-08-03 23:03:39.132346,quillota_centro,15.3,3.5,9.4,98.0,12.5,294.7,0.0,1015.9,100.0,404.4,9.0,13.7,6.5,37.0,2.7
2023-08-04 23:03:39.132346,quillota_centro,19.5,1.4,10.5,80.3,12.1,14.4,0.0,1029.2,88.5,585.3,6.9,13.2,7.7,50.4,3.1
2023-08-05 23:03:39.132346,quillota_centro,14.8,4.0,9.4,93.1,18.2,195.5,0.0,1019.9,75.8,724.5,8.1,13.3,6.0,37.4,6.1
2023-08-06 23:03:39.132346,quillota_centro,16.1,2.9,9.5,83.0,11.8,251.5,3.8,1011.9,100.0,478.3,6.4,12.5,6.7,58.8,4.9
2023-08-07 23:03:39.132346,quillota_centro,16.7,5.1,10.9,78.8,11.2,185.2,0.0,1005.9,44.9,664.0,7.1,13.5,8.2,19.7,5.9
2023-08-08 23:03:39.132346,quillota_centro,20.2,7.0,13.6,88.8,8.8,185.2,0.0,1001.2,79.9,530.4,11.6,17.1,11.3,49.8,3.4
2023-08-09 23:03:39.132346,quillota_centro,20.1,4.9,12.5,98.0,12.2,173.3,0.0,1019.7,89.6,504.5,12.1,16.8,9.7,88.1,6.6
2023-08-10 23:03:39.132346,quillota_centro,16.9,1.4,9.1,83.1,17.9,18.9,0.0,1011.0,45.6,631.2,6.1,12.1,5.8,22.6,6.9
2023-08-11 23:03:39.132346,quillota_centro,18.3,2.0,10.2,93.6,17.0,332.5,0.0,1022.4,72.2,680.8,9.0,14.1,6.9,42.8,5.4
2023-08-12 23:03:39.132346,quillota_centro,16.8,2.7,9.7,82.8,10.1,225.4,0.0,1013.2,57.6,396.0,6.6,12.7,7.2,61.6,7.8
2023-08-13 23:03:39.132346,quillota_centro,17.2,3.9,10.6,85.6,9.4,134.4,0.0,1001.2,55.8,563.4,7.9,13.8,8.1,30.7,8.4
2023-08-14 23:03:39.132346,quillota_centro,16.6,3.9,10.2,92.7,11.6,236.8,0.0,1016.4,100.0,340.7,8.9,14.1,7.5,39.9,3.7
2023-08-15 23:03:39.132346,quillota_centro,15.6,3.5,9.5,75.4,10.4,111.3,0.0,1005.7,79.8,572.5,5.1,11.8,7.0,86.0,3.7
2023-08-16 23:03:39.132346,quillota_centro,16.2,2.1,9.2,94.9,13.4,98.4,0.0,1012.5,83.2,619.8,8.2,13.2,6.2,17.8,3.8
2023-08-17 23:03:39.132346,quillota_centro,18.0,3.0,10.5,71.3,7.1,331.6,0.0,996.8,82.3,582.7,5.3,12.4,8.4,67.1,6.9
2023-08-18 23:03:39.132346,quillota_centro,18.6,2.7,10.7,92.4,12.2,209.6,0.0,1009.3,65.7,465.7,9.3,14.5,7.9,48.0,5.4
2023-08-19 23:03:39.132346,quillota_centro,17.3,2.8,10.0,68.8,13.2,112.6,0.0,1000.1,51.0,634.9,4.4,11.7,7.1,3.8,5.7
2023-08-20 23:03:39.132346,quillota_centro,15.4,4.6,10.0,81.4,8.8,237.6,0.0,1002.4,58.9,519.6,6.6,12.8,7.6,51.4,5.2
2023-08-21 23:03:39.132346,quillota_centro,17.1,0.3,8.7,81.4,5.7,192.8,0.0,1021.4,86.6,470.2,5.3,11.5,6.8,39.7,2.6
2023-08-22 23:03:39.132346,quillota_centro,20.3,1.8,11.0,86.1,13.9,283.9,11.4,998.1,100.0,357.0,8.5,14.3,8.0,40.0,3.3
2023-08-23 23:03:39.132346,quillota_centro,16.5,4.4,10.4,98.0,10.3,243.7,0.0,1014.0,91.9,418.9,10.0,14.7,7.8,73.0,2.5
2023-08-24 23:03:39.132346,quillota_centro,14.2,6.2,10.2,85.9,1.0,130.5,3.6,1024.3,100.0,394.4,7.6,13.4,9.4,61.2,5.0
2023-08-25 23:03:39.132346,quillota_centro,14.9,3.4,9.2,93.8,6.5,23.8,11.8,1006.7,100.0,448.8,8.1,13.1,7.1,30.0,3.3
2023-08-26 23:03:39.132346,quillota_centro,15.2,1.3,8.3,88.4,14.7,356.5,5.3,1006.6,78.3,709.8,6.1,11.7,5.2,50.1,1.1
2023-08-27 23:03:39.132346,quillota_centro,16.5,2.7,9.6,72.0,9.4,334.9,0.0,1017.6,84.3,360.0,4.5,11.6,7.2,74.4,3.2
2023-08-28 23:03:39.132346,quillota_centro,17.6,3.4,10.5,84.6,24.6,220.6,0.0,1010.7,51.6,633.7,7.7,13.6,6.5,29.9,4.9
2023-08-29 23:03:39.132346,quillota_centro,17.9,4.3,11.1,70.8,22.2,236.4,0.9,1023.0,59.7,724.6,5.8,12.9,7.3,29.4,5.2
2023-08-30 23:03:39.132346,quillota_centro,19.8,5.1,12.4,90.8,13.3,199.0,0.0,1000.4,73.0,593.8,10.8,16.1,9.5,14.9,7.5
2023-08-31 23:03:39.132346,quillota_centro,21.5,6.3,13.9,88.9,12.7,110.5,0.0,1025.2,58.8,611.8,11.9,17.4,11.1,54.4,9.3
2023-09-01 23:03:39.132346,quillota_centro,10.2,-0.2,5.0,98.0,14.0,258.4,0.0,1002.3,97.6,548.1,4.6,9.3,2.0,43.7,1.4
2023-09-02 23:03:39.132346,quillota_centro,11.6,-3.8,3.9,82.8,6.9,331.3,0.0,1017.8,72.6,688.1,0.8,6.8,1.8,54.0,6.7
2023-09-03 23:03:39.132346,quillota_centro,9.7,2.4,6.1,98.0,18.1,142.0,9.9,1031.5,100.0,289.6,5.7,10.4,2.7,69.0,4.1
2023-09-04 23:03:39.132346,quillota_centro,10.6,0.1,5.3,94.9,16.3,229.4,0.0,1017.5,72.3,509.8,4.4,9.4,2.1,29.5,4.9
2023-09-05 23:03:39.132346,quillota_centro,14.1,-0.1,7.0,89.7,15.0,118.5,0.0,993.8,100.0,465.0,5.1,10.5,3.9,38.4,2.2
2023-09-06 23:03:39.132346,quillota_centro,15.9,-1.7,7.1,98.0,7.3,211.7,0.0,1010.4,100.0,437.2,6.7,11.4,4.9,43.2,2.1
2023-09-07 23:03:39.132346,quillota_centro,15.0,1.3,8.1,86.8,8.5,359.5,0.0,1009.4,100.0,525.2,5.7,11.5,5.8,43.3,1.3
2023-09-08 23:03:39.132346,quillota_centro,14.5,-1.9,6.3,94.9,24.9,332.8,0.0,1018.1,70.3,465.6,5.3,10.3,2.3,45.7,8.0
2023-09-09 23:03:39.132346,quillota_centro,13.6,0.2,6.9,98.0,17.0,226.9,0.0,1018.4,90.5,738.1,6.5,11.2,3.6,46.9,5.1
2023-09-10 23:03:39.132346,quillota_centro,15.5,1.6,8.5,98.0,15.9,120.0,0.0,1025.1,70.6,507.4,8.2,12.9,5.3,59.8,3.5
2023-09-11 23:03:39.132346,quillota_centro,15.6,1.2,8.4,98.0,17.3,200.4,6.1,1004.4,88.2,524.6,8.0,12.7,5.1,68.1,6.2
2023-09-12 23:03:39.132346,quillota_centro,14.3,-3.0,5.7,98.0,17.8,357.0,0.0,1012.9,84.4,531.9,5.3,10.0,2.3,66.8,4.4
2023-09-13 23:03:39.132346,quillota_centro,13.5,-0.2,6.7,86.7,19.6,9.7,0.0,1007.9,55.3,693.6,4.2,10.0,3.1,44.4,7.2
2023-09-14 23:03:39.132346,quillota_centro,15.8,2.0,8.9,98.0,13.2,3.7,0.0,1002.5,100.0,408.2,8.5,13.2,6.0,33.9,2.7
2023-09-15 23:03:39.132346,quillota_centro,14.0,-0.8,6.6,91.6,22.0,139.3,0.0,1001.7,66.8,624.1,5.1,10.3,2.8,21.6,7.7
2023-09-16 23:03:39.132346,quillota_centro,13.3,0.0,6.7,81.8,8.2,340.0,5.6,1011.8,86.7,440.9,3.4,9.5,4.4,74.1,3.6
2023-09-17 23:03:39.132346,quillota_centro,19.4,-0.9,9.3,82.0,8.5,115.0,0.0,1013.1,67.5,449.3,6.0,12.2,7.0,34.3,7.9
2023-09-18 23:03:39.132346,quillota_centro,15.7,0.5,8.1,98.0,7.5,206.4,0.0,1008.8,100.0,642.0,7.7,12.4,5.9,82.1,0.0
2023-09-19 23:03:39.132346,quillota_centro,14.9,3.2,9.1,90.0,7.8,10.2,0.0,1017.0,87.2,554.0,7.2,12.6,6.8,64.8,4.9
2023-09-20 23:03:39.132346,quillota_centro,15.2,-0.9,7.2,89.0,6.3,265.4,0.0,1012.2,94.6,536.0,5.1,10.7,5.1,73.3,4.3
2023-09-21 23:03:39.132346,quillota_centro,16.3,-1.9,7.2,95.3,3.5,205.6,0.0,1011.5,47.6,574.0,6.3,11.3,5.7,23.5,8.5
2023-09-22 23:03:39.132346,quillota_centro,14.6,4.4,9.5,92.9,20.9,210.2,11.3,1012.7,97.2,503.5,8.2,13.4,5.8,52.3,2.8
2023-09-23 23:03:39.132346,quillota_centro,15.5,0.4,8.0,81.4,17.5,74.6,0.0,1004.4,81.5,595.7,4.6,10.8,4.6,0.0,4.3
2023-09-24 23:03:39.132346,quillota_centro,13.3,1.9,7.6,93.5,13.6,37.7,0.0,1003.0,67.8,607.9,6.4,11.5,4.7,56.0,7.4
2023-09-25 23:03:39.132346,quillota_centro,14.7,0.1,7.4,87.6,11.5,147.3,0.0,1019.8,28.5,673.8,5.2,10.8,4.7,76.5,5.7
2023-09-26 23:03:39.132346,quillota_centro,13.1,2.4,7.8,98.0,10.9,151.6,0.0,1010.6,99.7,415.2,7.4,12.1,5.1,52.6,5.1
2023-09-27 23:03:39.132346,quillota_centro,15.2,1.0,8.1,92.2,5.2,119.4,0.0,1000.2,60.9,422.0,6.7,11.9,6.3,29.0,6.0
2023-09-28 23:03:39.132346,quillota_centro,12.8,0.4,6.6,98.0,15.2,157.6,0.0,997.8,100.0,460.4,6.3,10.9,3.5,54.3,3.4
2023-09-29 23:03:39.132346,quillota_centro,18.7,2.9,10.8,92.2,12.6,232.0,0.0,1025.2,75.7,485.2,9.4,14.6,8.0,46.2,2.1
2023-09-30 23:03:39.132346,quillota_centro,10.6,3.5,7.0,90.2,15.3,53.5,0.0,1026.7,77.8,533.3,5.2,10.6,3.9,43.4,5.0
2023-10-01 23:03:39.132346,quillota_centro,13.7,3.0,8.3,89.2,16.7,180.3,0.0,1012.9,35.5,791.2,6.3,11.8,5.0,20.2,8.1
2023-10-02 23:03:39.132346,quillota_centro,13.5,1.4,7.5,98.0,20.5,310.7,0.0,1012.0,100.0,531.7,7.1,11.8,3.9,65.0,1.9
2023-10-03 23:03:39.132346,quillota_centro,14.2,-6.4,3.9,97.7,6.8,319.1,0.0,1011.8,65.2,720.9,3.5,8.2,1.8,38.6,5.2
2023-10-04 23:03:39.132346,quillota_centro,20.8,-1.6,9.6,80.8,16.2,77.2,0.0,1008.0,83.2,380.4,6.1,12.4,6.4,51.6,3.8
2023-10-05 23:03:39.132346,quillota_centro,15.6,-1.6,7.0,94.1,17.9,344.3,0.0,992.0,78.6,511.4,5.9,11.0,3.6,45.1,6.3
2023-10-06 23:03:39.132346,quillota_centro,9.3,0.9,5.1,82.8,12.2,187.1,0.0,1010.4,50.3,588.2,2.0,8.0,2.3,66.5,6.0
2023-10-07 23:03:39.132346,quillota_centro,14.4,0.3,7.3,96.7,12.5,91.0,0.0,1000.9,73.7,648.2,6.7,11.5,4.5,63.1,4.6
2023-10-08 23:03:39.132346,quillota_centro,10.0,-0.6,4.7,96.7,14.5,74.3,0.0,1031.8,62.6,551.8,4.1,8.9,1.7,62.2,4.6
2023-10-09 23:03:39.132346,quillota_centro,11.3,0.7,6.0,98.0,7.1,111.2,0.0,1003.6,79.4,635.1,5.6,10.3,3.8,39.3,5.0
2023-10-10 23:03:39.132346,quillota_centro,13.5,-4.1,4.7,98.0,1.7,359.8,0.0,1029.4,79.1,329.7,4.4,9.0,3.7,36.9,4.7
2023-10-11 23:03:39.132346,quillota_centro,14.4,0.9,7.7,85.9,11.4,213.3,0.0,1017.2,85.9,493.0,5.1,10.9,5.0,24.3,1.8
2023-10-12 23:03:39.132346,quillota_centro,11.0,-1.8,4.6,96.7,22.3,254.5,0.2,1025.7,81.4,611.0,4.0,8.8,0.8,44.4,0.9
2023-10-13 23:03:39.132346,quillota_centro,11.1,0.2,5.6,89.0,13.6,42.0,0.0,996.1,72.0,672.2,3.6,9.1,2.7,43.7,4.5
2023-10-14 23:03:39.132346,quillota_centro,16.6,-3.1,6.8,98.0,8.1,135.4,0.0,1000.6,71.8,540.3,6.4,11.1,4.5,66.7,3.8
2023-10-15 23:03:39.132346,quillota_centro,10.1,-2.3,3.9,97.3,14.0,252.3,0.0,1013.4,82.2,567.2,3.4,8.1,0.9,59.2,4.8
2023-10-16 23:03:39.132346,quillota_centro,15.5,0.1,7.8,98.0,12.0,229.6,0.0,1009.9,92.3,534.8,7.5,12.2,5.1,61.0,6.3
2023-10-17 23:03:39.132346,quillota_centro,15.5,-0.9,7.3,98.0,8.3,138.0,0.0,1015.0,59.7,667.3,6.9,11.6,5.0,9.3,6.7
2023-10-18 23:03:39.132346,quillota_centro,16.5,-6.3,5.1,79.0,9.9,303.5,0.0,1016.8,57.9,476.8,1.3,7.7,2.6,65.2,5.5
2023-10-19 23:03:39.132346,quillota_centro,12.3,-1.2,5.6,98.0,19.2,102.5,0.0,1002.1,97.1,423.3,5.2,9.9,2.0,25.3,5.4
2023-10-20 23:03:39.132346,quillota_centro,14.0,-0.5,6.8,98.0,12.7,31.0,0.0,1004.4,70.9,590.6,6.4,11.1,3.9,38.9,8.9
2023-10-21 23:03:39.132346,quillota_centro,11.7,1.0,6.3,89.2,7.7,261.6,0.0,1005.4,55.0,628.6,4.4,9.9,4.1,71.6,9.2
2023-10-22 23:03:39.132346,quillota_centro,11.7,-2.0,4.9,97.6,11.1,84.4,0.0,1014.7,67.7,581.9,4.4,9.2,2.2,36.9,5.7
2023-10-23 23:03:39.132346,quillota_centro,16.2,3.0,9.6,87.1,2.4,203.2,0.0,1013.2,65.7,693.3,7.3,13.0,8.4,27.3,7.7
2023-10-24 23:03:39.132346,quillota_centro,8.6,-1.2,3.7,89.3,13.9,199.2,0.0,1027.0,65.2,527.4,1.8,7.2,0.7,53.6,5.7
2023-10-25 23:03:39.132346,quillota_centro,14.3,2.8,8.6,98.0,12.7,38.0,0.0,1024.1,94.9,416.0,8.2,12.9,5.7,44.7,2.4
2023-10-26 23:03:39.132346,quillota_centro,16.4,0.2,8.3,83.2,19.2,293.0,6.2,1016.7,84.1,314.7,5.2,11.3,4.8,30.7,3.9
2023-10-27 23:03:39.132346,quillota_centro,15.1,1.3,8.2,87.4,12.9,280.2,0.0,1020.8,92.8,621.5,5.9,11.5,5.3,42.1,2.0
2023-10-28 23:03:39.132346,quillota_centro,15.7,1.5,8.6,98.0,8.4,302.0,0.0,1008.8,68.7,696.2,8.2,12.9,6.2,46.7,7.7
2023-10-29 23:03:39.132346,quillota_centro,17.2,0.9,9.1,83.1,15.5,301.8,0.0,1024.1,40.2,860.5,6.0,12.0,5.9,56.8,4.9
2023-10-30 23:03:39.132346,quillota_centro,13.8,0.6,7.2,98.0,9.8,182.3,0.0,1010.6,87.8,459.3,6.8,11.5,4.7,2.4,3.2
2023-10-31 23:03:39.132346,quillota_centro,13.3,1.8,7.6,79.5,14.0,78.6,0.0,997.9,57.0,658.0,3.8,10.2,4.6,39.8,5.5
2023-11-01 23:03:39.132346,quillota_centro,15.9,-2.0,6.9,83.3,12.4,158.8,0.0,1007.2,75.7,583.7,3.9,9.9,4.1,48.1,5.6
2023-11-02 23:03:39.132346,quillota_centro,17.7,-1.7,8.0,77.6,9.9,283.6,0.0,1012.5,68.6,623.7,3.9,10.5,5.5,20.7,5.6
2023-11-03 23:03:39.132346,quillota_centro,13.9,-0.3,6.8,83.8,13.2,30.8,0.0,1013.3,91.6,441.6,3.9,9.9,3.9,32.2,6.8
2023-11-04 23:03:39.132346,quillota_centro,11.8,4.2,8.0,82.3,11.6,275.4,0.0,1027.4,61.8,757.4,4.8,10.9,5.3,53.4,4.5
2023-11-05 23:03:39.132346,quillota_centro,17.6,1.8,9.7,84.6,12.4,278.3,0.0,1016.3,68.0,488.3,6.9,12.8,6.9,26.1,7.3
2023-11-06 23:03:39.132346,quillota_centro,15.0,3.0,9.0,87.9,13.4,99.7,0.0,1023.0,88.3,465.4,6.8,12.4,6.1,34.6,6.7
2023-11-07 23:03:39.132346,quillota_centro,11.4,-1.0,5.2,91.1,4.6,201.2,0.0,1018.4,90.4,480.8,3.6,8.9,3.5,38.4,3.2
2023-11-08 23:03:39.132346,quillota_centro,14.6,1.9,8.3,98.0,2.5,230.7,0.0,1013.2,94.6,404.7,7.9,12.6,7.0,29.6,3.3
2023-11-09 23:03:39.132346,quillota_centro,13.2,-2.3,5.4,96.6,6.5,221.0,0.0,1009.8,100.0,457.2,4.8,9.6,3.4,21.0,6.2
2023-11-10 23:03:39.132346,quillota_centro,15.9,1.1,8.5,93.6,0.3,1.3,0.0,1017.2,100.0,528.1,7.3,12.4,8.1,58.3,4.6
2023-11-11 23:03:39.132346,quillota_centro,14.4,0.4,7.4,90.2,17.8,281.9,0.0,1007.7,82.7,414.9,5.6,11.0,4.1,30.4,4.9
2023-11-12 23:03:39.132346,quillota_centro,13.0,3.0,8.0,75.2,10.8,322.1,0.0,1000.2,62.6,574.3,3.5,10.3,5.4,13.5,4.5
2023-11-13 23:03:39.132346,quillota_centro,15.6,-1.5,7.0,98.0,8.5,348.6,0.0,1010.4,71.1,619.6,6.7,11.4,4.7,7.6,4.5
2023-11-14 23:03:39.132346,quillota_centro,15.7,2.7,9.2,90.0,7.7,298.0,0.0,1001.6,75.9,594.4,7.4,12.8,7.0,50.2,3.9
2023-11-15 23:03:39.132346,quillota_centro,18.4,0.7,9.6,92.1,14.5,150.7,0.0,1024.6,41.4,796.2,8.1,13.4,6.5,33.2,9.8
2023-11-16 23:03:39.132346,quillota_centro,10.8,1.3,6.0,98.0,8.2,28.7,0.0,1019.3,88.1,468.9,5.7,10.4,3.7,60.5,5.9
2023-11-17 23:03:39.132346,quillota_centro,14.1,0.0,7.0,82.4,6.4,307.4,0.0,1016.5,69.3,333.9,3.8,10.0,5.0,57.4,6.2
2023-11-18 23:03:39.132346,quillota_centro,12.1,3.0,7.6,98.0,0.0,44.8,0.0,995.6,78.1,368.2,7.2,11.9,7.6,48.6,3.7
2023-11-19 23:03:39.132346,quillota_centro,7.6,-2.3,2.7,98.0,17.7,109.1,0.0,1028.4,86.9,493.3,2.3,7.0,-0.7,59.4,6.4
2023-11-20 23:03:39.132346,quillota_centro,13.6,3.3,8.5,98.0,16.3,206.7,0.0,1017.5,55.4,570.2,8.1,12.8,5.2,58.5,6.4
2023-11-21 23:03:39.132346,quillota_centro,14.8,-3.7,5.6,98.0,12.0,339.0,0.0,1004.8,62.9,690.0,5.2,9.9,2.8,51.7,2.9
2023-11-22 23:03:39.132346,quillota_centro,11.6,-2.3,4.7,98.0,16.2,299.9,0.0,1021.1,79.7,468.0,4.3,9.0,1.5,82.3,4.4
2023-11-23 23:03:39.132346,quillota_centro,17.4,-1.0,8.2,79.4,4.0,276.0,0.0,1010.5,67.1,614.7,4.5,10.9,6.6,45.4,4.4
2023-11-24 23:03:39.132346,quillota_centro,16.3,1.3,8.8,91.4,9.6,154.1,0.0,1032.2,100.0,556.4,7.2,12.5,6.3,83.0,1.4
2023-11-25 23:03:39.132346,quillota_centro,13.9,0.4,7.2,98.0,4.7,12.0,3.5,1002.8,100.0,440.6,6.8,11.5,5.4,25.2,2.5
2023-11-26 23:03:39.132346,quillota_centro,14.6,-0.6,7.0,91.2,9.6,199.8,0.0,1004.8,48.7,560.2,5.4,10.7,4.5,64.9,5.3
2023-11-27 23:03:39.132346,quillota_centro,18.9,2.7,10.8,88.9,13.3,148.6,0.0,1021.7,53.3,664.9,8.8,14.3,7.9,25.3,5.2
2023-11-28 23:03:39.132346,quillota_centro,11.4,-2.3,4.5,98.0,1.5,89.3,0.0,1017.6,73.7,557.6,4.2,8.9,3.6,79.7,7.1
2023-11-29 23:03:39.132346,quillota_centro,15.0,-0.9,7.1,84.0,19.1,165.3,0.0,1009.0,57.2,400.7,4.2,10.1,3.6,69.3,7.1
2023-11-30 23:03:39.132346,quillota_centro,18.1,2.0,10.0,83.9,12.7,180.5,0.0,1030.8,68.5,641.5,7.1,13.1,7.2,50.8,6.0
2023-12-01 23:03:39.132346,quillota_centro,17.7,1.8,9.8,98.0,7.2,18.3,0.0,1009.1,73.7,418.7,9.4,14.1,7.6,62.3,5.1
2023-12-02 23:03:39.132346,quillota_centro,16.4,4.7,10.6,75.1,7.5,40.6,0.0,1016.6,41.8,638.7,6.0,12.8,8.4,52.3,6.7
2023-12-03 23:03:39.132346,quillota_centro,22.1,0.9,11.5,87.2,7.8,288.7,0.0,1027.8,68.9,619.3,9.2,14.9,9.3,55.1,6.5
2023-12-04 23:03:39.132346,quillota_centro,15.9,1.8,8.9,79.2,2.1,275.7,0.0,1010.6,57.1,614.6,5.1,11.5,7.7,54.7,8.1
2023-12-05 23:03:39.132346,quillota_centro,18.7,8.4,13.5,94.8,0.8,0.2,0.0,1013.1,65.7,616.8,12.6,17.6,12.8,8.4,7.7
2023-12-06 23:03:39.132346,quillota_centro,17.6,3.3,10.4,84.3,9.5,36.9,0.0,1010.2,56.3,598.6,7.6,13.5,8.0,51.6,4.8
2023-12-07 23:03:39.132346,quillota_centro,14.0,5.5,9.8,73.2,13.0,83.7,0.0,1008.2,79.7,530.9,4.9,11.9,6.9,27.7,6.2
2023-12-08 23:03:39.132346,quillota_centro,20.5,7.6,14.0,93.5,10.8,30.6,0.0,1023.4,71.2,518.8,12.9,18.0,11.4,2.3,3.9
2023-12-09 23:03:39.132346,quillota_centro,15.4,5.6,10.5,78.0,1.7,41.8,0.0,1019.8,75.7,566.2,6.5,13.0,9.5,59.2,5.4
2023-12-10 23:03:39.132346,quillota_centro,16.9,3.6,10.2,98.0,4.9,234.4,0.0,968.6,72.2,528.8,9.9,14.6,8.5,26.2,4.8
2023-12-11 23:03:39.132346,quillota_centro,12.1,3.8,8.0,79.0,8.6,35.1,0.0,1025.0,84.3,400.1,4.2,10.6,5.6,76.5,2.6
2023-12-12 23:03:39.132346,quillota_centro,18.2,4.6,11.4,88.4,6.6,320.3,0.0,1007.6,68.6,628.3,9.3,14.8,9.3,45.9,4.2
2023-12-13 23:03:39.132346,quillota_centro,15.1,1.9,8.5,80.5,2.2,269.1,0.0,1026.1,39.9,768.3,4.9,11.2,7.3,37.7,7.8
2023-12-14 23:03:39.132346,quillota_centro,18.8,2.1,10.5,80.4,11.6,17.1,0.0,996.5,60.7,593.6,6.9,13.2,7.7,76.1,5.2
2023-12-15 23:03:39.132346,quillota_centro,17.7,1.6,9.7,98.0,8.3,9.2,0.0,1002.3,100.0,454.0,9.3,14.0,7.4,7.2,3.1
2023-12-16 23:03:39.132346,quillota_centro,19.3,4.5,11.9,78.1,0.0,266.5,0.0,1003.4,67.6,474.7,7.9,14.4,11.9,29.5,4.2
2023-12-17 23:03:39.132346,quillota_centro,17.5,2.5,10.0,98.0,17.1,330.0,0.0,1002.4,75.0,493.9,9.6,14.3,6.7,65.7,7.4
2023-12-18 23:03:39.132346,quillota_centro,15.3,4.4,9.8,81.8,12.5,215.5,0.0,1024.8,41.4,840.8,6.5,12.7,7.0,78.0,6.5
2023-12-19 23:03:39.132346,quillota_centro,17.1,3.5,10.3,95.3,4.5,237.5,0.0,1031.0,100.0,529.6,9.5,14.4,8.6,39.8,4.2
2023-12-20 23:03:39.132346,quillota_centro,14.7,6.2,10.4,71.1,13.1,250.0,0.0,1029.9,54.9,561.5,5.2,12.3,7.5,47.5,7.7
2023-12-21 23:03:39.132346,quillota_centro,19.2,3.8,11.5,94.1,9.3,245.9,0.0,1019.3,100.0,644.5,10.4,15.4,9.0,65.4,3.3
2023-12-22 23:03:39.132346,quillota_centro,14.0,2.1,8.0,96.4,9.2,173.7,0.0,1016.8,79.9,697.9,7.4,12.2,5.6,30.5,1.8
2023-12-23 23:03:39.132346,quillota_centro,15.5,4.2,9.9,91.1,2.1,49.2,0.0,1029.6,100.0,331.4,8.2,13.6,8.7,32.0,3.7
2023-12-24 23:03:39.132346,quillota_centro,21.1,4.2,12.7,83.0,14.3,25.2,0.0,1025.2,30.4,761.0,9.6,15.6,9.6,75.0,8.0
2023-12-25 23:03:39.132346,quillota_centro,17.3,1.3,9.3,96.2,1.6,42.2,0.0,1025.8,65.8,563.3,8.7,13.5,8.3,44.6,4.0
2023-12-26 23:03:39.132346,quillota_centro,18.0,5.9,12.0,79.1,9.2,124.2,0.0,1027.2,71.8,690.2,8.2,14.6,9.5,31.5,8.3
2023-12-27 23:03:39.132346,quillota_centro,23.7,3.1,13.4,85.2,8.0,232.9,0.0,1008.9,74.6,456.9,10.7,16.6,11.2,64.5,4.1
2023-12-28 23:03:39.132346,quillota_centro,19.4,0.9,10.2,59.5,1.8,184.3,0.0,1008.6,81.8,491.9,2.8,11.0,9.1,62.3,4.5
2023-12-29 23:03:39.132346,quillota_centro,20.0,5.0,12.5,84.3,6.2,109.8,0.0,1024.8,76.5,547.2,9.6,15.6,10.5,63.8,5.1
2023-12-30 23:03:39.132346,quillota_centro,19.0,4.3,11.7,62.8,18.4,313.8,0.0,1015.9,59.3,543.8,4.9,12.8,8.2,51.6,6.8
2023-12-31 23:03:39.132346,quillota_centro,16.2,4.0,10.1,92.8,13.4,102.0,0.0,1014.8,100.0,428.6,8.8,13.9,7.2,47.9,1.4
2024-01-01 23:03:39.132346,quillota_centro,17.9,11.7,14.8,88.1,6.2,146.2,0.0,1011.1,100.0,345.9,12.7,18.2,12.8,59.8,1.1
2024-01-02 23:03:39.132346,quillota_centro,24.3,9.3,16.8,65.3,4.1,313.5,0.0,986.8,61.2,769.6,10.5,18.2,15.2,28.7,6.7
2024-01-03 23:03:39.132346,quillota_centro,24.4,10.5,17.5,73.5,10.1,206.3,0.0,1033.7,46.0,814.0,12.6,19.6,14.9,49.5,5.1
2024-01-04 23:03:39.132346,quillota_centro,22.4,7.6,15.0,75.5,8.1,103.2,0.0,1030.1,70.9,361.8,10.5,17.3,12.7,72.0,6.5
2024-01-05 23:03:39.132346,quillota_centro,21.9,9.8,15.8,70.6,4.0,287.0,0.0,1011.8,47.4,541.0,10.5,17.7,14.2,67.9,5.6
2024-01-06 23:03:39.132346,quillota_centro,27.8,14.3,21.0,59.2,0.0,215.0,0.0,1004.2,71.1,642.9,13.6,21.9,21.0,49.4,8.3
2024-01-07 23:03:39.132346,quillota_centro,24.0,8.8,16.4,82.6,13.2,66.7,0.0,998.1,83.4,528.5,13.2,19.3,13.5,80.0,4.4
2024-01-08 23:03:39.132346,quillota_centro,23.6,9.6,16.6,66.5,10.4,7.9,0.0,1015.6,87.5,276.2,10.5,18.1,14.0,68.6,3.6
2024-01-09 23:03:39.132346,quillota_centro,18.5,4.7,11.6,82.0,9.3,64.6,0.0,1011.1,67.9,518.1,8.3,14.5,9.1,65.7,3.4
2024-01-10 23:03:39.132346,quillota_centro,20.7,9.2,15.0,76.7,2.2,163.1,0.0,1025.4,44.2,565.3,10.7,17.4,13.8,22.9,7.3
2024-01-11 23:03:39.132346,quillota_centro,25.7,8.2,16.9,70.8,7.5,325.9,0.0,1002.5,61.2,617.3,11.6,18.8,14.8,71.3,5.1
2024-01-12 23:03:39.132346,quillota_centro,25.5,6.5,16.0,83.9,0.8,166.3,0.0,1014.0,89.6,467.7,13.1,19.0,15.3,66.3,5.7
2024-01-13 23:03:39.132346,quillota_centro,20.9,7.8,14.4,79.4,12.4,299.2,0.0,1014.8,44.2,591.7,10.6,17.0,11.5,33.3,6.7
2024-01-14 23:03:39.132346,quillota_centro,22.3,10.8,16.6,75.7,0.0,286.1,0.0,1009.8,100.0,510.3,12.2,18.9,16.6,74.2,4.0
2024-01-15 23:03:39.132346,quillota_centro,21.9,10.0,15.9,62.0,7.2,65.1,0.0,1008.1,59.5,436.6,9.0,17.0,13.8,57.0,4.9
2024-01-16 23:03:39.132346,quillota_centro,22.9,8.6,15.8,81.7,7.2,210.5,0.0,1023.2,84.3,520.4,12.5,18.6,13.6,59.6,6.2
2024-01-17 23:03:39.132346,quillota_centro,18.9,8.2,13.6,88.5,0.0,115.7,0.0,1000.5,82.4,451.1,11.5,17.0,13.4,50.0,3.3
2024-01-18 23:03:39.132346,quillota_centro,25.3,7.9,16.6,71.2,10.6,184.4,0.0,1011.0,33.1,799.3,11.4,18.5,14.0,51.0,6.8
2024-01-19 23:03:39.132346,quillota_centro,20.5,9.3,14.9,90.0,10.3,128.8,5.5,1011.7,100.0,535.6,13.1,18.5,12.3,14.5,3.0
2024-01-20 23:03:39.132346,quillota_centro,23.3,8.6,15.9,80.4,10.6,20.5,0.0,1017.8,93.4,538.3,12.4,18.7,13.3,27.7,4.7
2024-01-21 23:03:39.132346,quillota_centro,22.6,11.1,16.9,75.5,2.0,38.3,0.0,1011.9,49.4,729.8,12.4,19.2,15.8,42.1,5.1
2024-01-22 23:03:39.132346,quillota_centro,21.6,7.3,14.5,83.4,0.0,241.4,0.0,1032.3,94.1,455.7,11.4,17.5,14.5,48.6,1.7
2024-01-23 23:03:39.132346,quillota_centro,21.5,7.2,14.4,81.7,13.9,44.4,0.0,1014.7,40.5,703.6,11.0,17.2,11.4,56.3,8.4
2024-01-24 23:03:39.132346,quillota_centro,20.1,12.5,16.3,76.7,6.8,146.8,0.0,1017.9,74.7,286.6,12.1,18.7,14.2,19.7,4.7
2024-01-25 23:03:39.132346,quillota_centro,16.8,11.2,14.0,92.2,5.0,266.8,0.0,1000.4,100.0,333.8,12.6,17.8,12.3,40.9,1.8
2024-01-26 23:03:39.132346,quillota_centro,22.7,6.4,14.5,94.2,16.0,162.3,0.0,1011.4,67.6,490.0,13.5,18.5,11.3,73.2,5.9
2024-01-27 23:03:39.132346,quillota_centro,22.3,9.9,16.1,89.1,4.9,279.7,0.0,1007.9,72.7,448.6,14.1,19.6,14.3,36.9,4.9
2024-01-28 23:03:39.132346,quillota_centro,20.0,10.2,15.1,82.6,16.8,294.1,0.0,1012.2,79.7,316.4,11.9,18.0,11.8,30.6,5.6
2024-01-29 23:03:39.132346,quillota_centro,24.2,10.9,17.6,76.6,18.1,72.6,0.0,1022.2,70.2,614.9,13.3,19.9,14.2,70.4,4.0
2024-01-30 23:03:39.132346,quillota_centro,23.6,10.3,17.0,73.5,0.0,293.5,0.0,1003.0,56.8,678.6,12.2,19.1,17.0,39.2,7.6
2024-01-31 23:03:39.132346,quillota_centro,21.5,13.0,17.2,75.6,0.0,157.7,0.0,1012.9,66.0,474.4,12.8,19.5,17.2,14.8,6.8
2024-02-01 23:03:39.132346,quillota_centro,23.1,12.6,17.9,89.7,5.9,69.9,0.0,1024.1,95.0,447.0,16.0,21.4,15.9,58.0,1.8
2024-02-02 23:03:39.132346,quillota_centro,25.3,16.0,20.7,73.0,0.1,81.2,0.0,1029.4,65.5,521.8,15.8,22.8,20.4,58.5,4.9
2024-02-03 23:03:39.132346,quillota_centro,29.1,9.2,19.2,76.7,18.0,121.1,0.0,1023.5,36.0,765.6,15.0,21.6,15.8,51.5,3.8
2024-02-04 23:03:39.132346,quillota_centro,25.3,13.7,19.5,72.4,0.0,224.7,0.0,1010.3,52.7,663.4,14.5,21.5,19.5,11.6,5.6
2024-02-05 23:03:39.132346,quillota_centro,25.9,10.5,18.2,74.8,1.8,306.1,0.0,998.9,67.4,486.8,13.6,20.4,17.1,9.6,6.9
2024-02-06 23:03:39.132346,quillota_centro,27.0,13.5,20.2,59.0,14.2,46.4,0.0,1011.2,82.9,462.2,12.8,21.0,17.2,44.5,0.6
2024-02-07 23:03:39.132346,quillota_centro,30.2,13.1,21.6,70.1,9.8,256.1,0.0,999.3,43.2,607.3,16.2,23.4,19.1,58.3,4.6
2024-02-08 23:03:39.132346,quillota_centro,20.3,13.8,17.0,72.2,2.3,319.2,0.0,1026.9,66.1,527.0,12.0,19.0,15.8,54.9,6.9
2024-02-09 23:03:39.132346,quillota_centro,28.6,12.4,20.5,67.4,0.0,203.0,0.0,1002.4,67.9,471.3,14.6,22.1,20.5,32.2,5.1
2024-02-10 23:03:39.132346,quillota_centro,25.6,16.3,21.0,54.4,4.3,81.1,1.0,1005.2,62.7,652.5,12.7,21.4,19.3,35.0,5.3
2024-02-11 23:03:39.132346,quillota_centro,30.7,18.3,24.5,45.1,10.8,85.9,0.0,1027.5,32.7,822.3,14.5,24.1,21.9,39.3,7.0
2024-02-12 23:03:39.132346,quillota_centro,32.3,15.2,23.8,59.0,6.5,144.8,0.0,1040.7,72.8,702.9,16.3,24.6,21.7,23.6,5.2
2024-02-13 23:03:39.132346,quillota_centro,28.5,13.3,20.9,58.9,4.7,302.2,0.0,1025.0,53.9,591.0,13.4,21.7,19.2,31.7,6.1
2024-02-14 23:03:39.132346,quillota_centro,24.8,14.5,19.7,73.8,11.4,259.2,0.0,1015.2,72.0,422.8,14.9,21.8,17.0,43.5,4.3
2024-02-15 23:03:39.132346,quillota_centro,29.9,10.2,20.1,66.3,8.0,294.3,0.0,1012.3,79.6,458.5,13.9,21.5,17.8,60.6,3.1
2024-02-16 23:03:39.132346,quillota_centro,27.0,13.0,20.0,78.3,13.1,329.8,0.0,1023.7,62.5,545.2,16.0,22.5,17.1,37.6,4.1
2024-02-17 23:03:39.132346,quillota_centro,26.7,13.8,20.3,72.0,0.0,311.3,0.0,998.9,71.3,650.1,15.2,22.3,20.3,63.8,4.4
2024-02-18 23:03:39.132346,quillota_centro,25.6,8.7,17.1,70.8,7.4,100.4,0.0,996.1,75.6,442.9,11.8,19.0,15.0,45.2,2.5
2024-02-19 23:03:39.132346,quillota_centro,28.0,11.4,19.7,57.8,5.8,14.7,0.0,1003.9,69.1,470.3,12.0,20.4,17.8,18.9,6.8
2024-02-20 23:03:39.132346,quillota_centro,26.7,9.0,17.9,66.8,7.2,341.2,0.0,1010.2,53.1,677.1,11.8,19.4,15.7,56.5,5.7
2024-02-21 23:03:39.132346,quillota_centro,23.4,16.0,19.7,72.8,3.7,223.1,0.0,1013.9,62.1,492.2,14.8,21.8,18.2,10.9,4.7
2024-02-22 23:03:39.132346,quillota_centro,28.0,13.5,20.7,67.5,4.0,263.0,0.0,1009.7,54.7,616.3,14.8,22.3,19.1,58.4,4.8
2024-02-23 23:03:39.132346,quillota_centro,26.5,11.5,19.0,87.2,4.6,19.4,0.0,1014.1,61.2,501.8,16.6,22.3,17.3,51.5,5.9
2024-02-24 23:03:39.132346,quillota_centro,27.2,17.0,22.1,57.7,5.8,349.7,0.0,999.3,39.6,694.0,14.4,22.8,20.2,20.6,7.8
2024-02-25 23:03:39.132346,quillota_centro,22.4,16.2,19.3,80.7,15.1,201.9,0.0,1008.9,63.7,635.4,15.8,22.1,16.2,63.7,6.3
2024-02-26 23:03:39.132346,quillota_centro,28.2,17.1,22.7,64.0,5.4,285.9,0.0,1008.6,62.9,707.6,16.2,24.0,20.8,25.5,4.4
2024-02-27 23:03:39.132346,quillota_centro,25.6,11.6,18.6,55.7,0.5,342.9,0.0,1023.5,72.9,543.3,10.6,19.1,18.1,90.6,6.9
2024-02-28 23:03:39.132346,quillota_centro,24.9,11.1,18.0,61.1,8.7,85.6,0.0,1021.7,37.6,549.4,10.9,19.0,15.7,46.5,5.9
2024-02-29 23:03:39.132346,quillota_centro,31.2,14.3,22.7,63.6,9.0,51.3,0.0,1031.8,66.0,459.8,16.1,23.9,20.3,20.3,6.9
2024-03-01 23:03:39.132346,quillota_centro,30.6,17.5,24.1,79.7,5.3,330.3,0.0,1005.8,59.3,711.3,20.4,26.7,22.2,48.9,4.4
2024-03-02 23:03:39.132346,quillota_centro,28.2,15.2,21.7,60.5,5.0,69.0,0.0,1022.8,58.8,616.4,14.5,22.6,19.9,60.0,7.1
2024-03-03 23:03:39.132346,quillota_centro,29.7,15.3,22.5,79.7,12.4,288.2,0.0,997.2,36.1,710.1,18.8,25.2,19.7,43.3,8.0
2024-03-04 23:03:39.132346,quillota_centro,31.0,16.0,23.5,54.0,12.3,327.6,0.0,1006.0,44.9,763.4,15.1,23.8,20.7,85.9,4.3
2024-03-05 23:03:39.132346,quillota_centro,29.5,17.0,23.3,44.5,7.1,293.9,0.0,1001.0,57.3,388.9,13.2,22.8,21.1,42.1,8.8
2024-03-06 23:03:39.132346,quillota_centro,29.5,13.8,21.7,71.1,7.0,206.5,0.0,1001.9,45.6,519.7,16.4,23.6,19.5,79.6,9.1
2024-03-07 23:03:39.132346,quillota_centro,34.0,14.2,24.1,54.3,0.0,265.0,0.0,1015.4,57.9,567.0,15.8,24.5,24.1,51.7,6.2
2024-03-08 23:03:39.132346,quillota_centro,35.4,14.2,24.8,69.2,10.4,274.6,0.0,1011.4,99.6,297.0,19.2,26.5,22.2,39.5,6.1
2024-03-09 23:03:39.132346,quillota_centro,33.9,17.2,25.6,78.9,2.8,131.1,0.0,1004.8,96.9,327.8,21.8,28.2,24.3,51.5,5.8
2024-03-10 23:03:39.132346,quillota_centro,27.0,16.5,21.7,86.5,7.9,327.0,1.3,1003.3,100.0,278.6,19.3,25.0,19.5,48.2,3.5
2024-03-11 23:03:39.132346,quillota_centro,32.0,20.6,26.3,57.4,3.1,74.4,0.0,1009.7,84.2,748.9,18.5,26.9,24.9,56.0,3.8
2024-03-12 23:03:39.132346,quillota_centro,31.4,19.7,25.6,63.6,7.5,328.5,0.0,1005.2,55.6,756.4,19.0,26.8,23.4,51.9,5.9
2024-03-13 23:03:39.132346,quillota_centro,28.9,16.1,22.5,61.5,3.2,326.7,0.0,1008.7,53.3,755.5,15.5,23.5,21.1,0.0,5.5
2024-03-14 23:03:39.132346,quillota_centro,32.4,14.5,23.4,67.0,0.1,86.2,0.0,1026.6,25.6,719.3,17.4,25.0,23.2,65.8,6.0
2024-03-15 23:03:39.132346,quillota_centro,31.6,19.2,25.4,54.7,4.1,359.8,0.0,1028.9,37.8,776.9,17.1,25.8,23.8,14.7,6.3
2024-03-16 23:03:39.132346,quillota_centro,24.4,16.7,20.6,57.9,2.8,164.8,0.0,1006.8,65.7,616.8,12.9,21.3,19.2,75.0,6.6
2024-03-17 23:03:39.132346,quillota_centro,32.1,18.0,25.1,68.3,13.2,87.0,0.0,1022.7,64.6,699.6,19.3,26.7,22.1,56.2,2.9
2024-03-18 23:03:39.132346,quillota_centro,32.6,15.5,24.0,53.1,0.0,6.7,0.0,1010.1,57.1,531.0,15.5,24.3,24.0,53.6,7.7
2024-03-19 23:03:39.132346,quillota_centro,32.6,18.3,25.4,48.1,14.2,106.0,0.0,1010.2,31.7,689.0,16.0,25.2,22.4,54.7,7.6
2024-03-20 23:03:39.132346,quillota_centro,32.2,17.9,25.1,53.4,0.0,248.4,0.0,1031.2,45.7,447.5,16.6,25.4,25.1,59.4,7.2
2024-03-21 23:03:39.132346,quillota_centro,29.3,17.7,23.5,54.0,8.8,234.9,0.0,1011.9,53.8,745.6,15.1,23.8,21.1,47.5,5.2
2024-03-22 23:03:39.132346,quillota_centro,32.4,16.5,24.4,48.0,10.8,7.7,0.0,1003.1,23.4,739.4,15.0,24.3,21.8,32.1,6.3
2024-03-23 23:03:39.132346,quillota_centro,28.4,13.4,20.9,82.7,4.3,58.2,0.0,1027.5,63.2,654.4,17.8,23.8,19.3,65.0,4.7
2024-03-24 23:03:39.132346,quillota_centro,30.3,16.4,23.4,83.5,2.3,199.7,0.0,1007.8,81.8,566.3,20.4,26.4,22.2,21.6,7.2
2024-03-25 23:03:39.132346,quillota_centro,32.9,15.5,24.2,63.7,0.8,61.0,0.0,1026.2,79.2,585.4,17.6,25.5,23.5,85.2,5.5
2024-03-26 23:03:39.132346,quillota_centro,31.1,15.5,23.3,47.7,6.6,4.9,0.0,1012.1,47.0,522.8,13.8,23.1,21.2,60.5,5.5
2024-03-27 23:03:39.132346,quillota_centro,29.1,16.8,23.0,56.3,9.6,359.2,0.0,998.1,42.3,670.0,15.0,23.5,20.5,32.1,8.0
2024-03-28 23:03:39.132346,quillota_centro,31.5,15.0,23.3,73.2,2.6,308.1,0.0,1020.1,52.2,568.2,18.4,25.3,22.0,55.0,6.7
2024-03-29 23:03:39.132346,quillota_centro,28.5,15.6,22.1,57.3,2.8,73.5,0.0,1019.2,67.8,531.6,14.3,22.7,20.7,53.9,4.9
2024-03-30 23:03:39.132346,quillota_centro,29.7,12.4,21.1,64.2,6.6,79.9,0.0,1018.9,71.1,665.6,14.5,22.3,19.0,42.1,6.5
2024-03-31 23:03:39.132346,quillota_centro,32.3,18.4,25.3,59.5,2.4,323.2,0.0,996.7,48.0,595.2,18.0,26.2,24.1,55.1,6.6
2024-04-01 23:03:39.132346,quillota_centro,28.0,19.6,23.8,61.4,10.9,266.6,0.0,1017.2,49.2,801.4,16.8,24.8,21.2,71.2,4.2
2024-04-02 23:03:39.132346,quillota_centro,32.5,15.7,24.1,57.8,2.3,274.1,0.0,1011.2,30.9,805.5,16.4,24.8,22.9,28.3,7.8
2024-04-03 23:03:39.132346,quillota_centro,28.3,12.7,20.5,72.3,0.0,252.5,0.0,1020.6,69.2,584.8,15.5,22.5,20.5,42.9,4.0
2024-04-04 23:03:39.132346,quillota_centro,29.8,17.3,23.5,63.7,0.3,71.5,3.1,1016.5,84.1,641.3,16.9,24.8,23.1,50.5,4.8
2024-04-05 23:03:39.132346,quillota_centro,29.2,16.1,22.7,59.3,2.7,201.1,0.0,1002.2,51.5,597.0,15.3,23.5,21.4,50.3,6.5
2024-04-06 23:03:39.132346,quillota_centro,28.7,17.7,23.2,58.2,3.6,269.0,6.4,1005.0,100.0,351.5,15.6,24.0,21.7,46.3,4.5
2024-04-07 23:03:39.132346,quillota_centro,25.8,18.1,21.9,77.1,6.2,7.7,0.0,1021.4,46.8,517.5,17.8,24.4,19.9,57.6,7.1
2024-04-08 23:03:39.132346,quillota_centro,35.3,17.2,26.2,39.3,0.9,304.9,0.0,1003.4,32.3,968.8,15.2,25.3,25.5,49.6,9.6
2024-04-09 23:03:39.132346,quillota_centro,25.5,18.7,22.1,68.7,0.0,72.9,0.0,1020.4,78.8,535.0,16.4,23.8,22.1,88.9,4.3
2024-04-10 23:03:39.132346,quillota_centro,34.3,18.4,26.3,75.7,4.3,221.6,0.0,995.2,74.0,477.0,21.9,28.6,24.7,42.6,5.0
2024-04-11 23:03:39.132346,quillota_centro,36.8,15.2,26.0,44.9,3.1,137.1,0.0,993.6,34.8,774.0,16.0,25.5,24.6,61.6,5.7
2024-04-12 23:03:39.132346,quillota_centro,27.8,14.9,21.4,62.9,7.9,163.5,0.0,1009.4,64.2,371.2,14.7,22.6,19.1,57.0,3.1
2024-04-13 23:03:39.132346,quillota_centro,35.0,17.4,26.2,72.8,6.6,53.9,0.0,1009.7,62.1,489.8,21.3,28.3,24.1,57.8,4.3
2024-04-14 23:03:39.132346,quillota_centro,31.6,18.9,25.3,36.8,13.7,82.2,0.0,1025.8,28.3,751.0,13.8,24.1,22.3,64.6,6.8
2024-04-15 23:03:39.132346,quillota_centro,26.9,17.1,22.0,61.8,12.3,115.0,2.4,1011.9,61.9,529.9,15.1,23.1,19.2,41.6,5.3
2024-04-16 23:03:39.132346,quillota_centro,29.5,13.4,21.4,80.1,0.0,114.1,4.0,1006.1,100.0,381.0,17.8,24.2,21.4,23.6,2.7
2024-04-17 23:03:39.132346,quillota_centro,31.8,18.7,25.2,71.9,0.0,195.4,0.0,1007.0,52.5,838.5,20.1,27.2,25.2,35.5,3.6
2024-04-18 23:03:39.132346,quillota_centro,30.6,15.2,22.9,68.6,0.0,76.0,0.0,994.7,46.6,811.8,17.2,24.6,22.9,53.9,7.0
2024-04-19 23:03:39.132346,quillota_centro,29.8,16.4,23.1,68.1,5.4,177.9,0.0,1011.7,37.6,678.4,17.3,24.7,21.2,43.7,3.2
2024-04-20 23:03:39.132346,quillota_centro,30.6,14.3,22.4,63.9,7.2,246.4,2.6,1015.3,99.9,578.2,15.9,23.7,20.3,52.2,2.2
2024-04-21 23:03:39.132346,quillota_centro,34.2,16.1,25.1,59.2,6.6,207.6,0.0,1002.2,58.0,641.4,17.7,26.0,23.1,72.3,6.6
2024-04-22 23:03:39.132346,quillota_centro,29.5,11.3,20.4,65.5,11.5,193.6,0.0,1009.7,53.9,303.5,14.1,21.8,17.7,0.0,6.0
2024-04-23 23:03:39.132346,quillota_centro,29.6,17.9,23.8,71.9,0.9,288.4,0.0,1017.5,61.4,652.2,18.7,25.7,23.0,33.8,5.0
2024-04-24 23:03:39.132346,quillota_centro,35.6,14.3,25.0,57.1,8.7,207.8,0.9,1030.4,45.6,594.5,17.2,25.6,22.6,59.7,8.6
2024-04-25 23:03:39.132346,quillota_centro,32.5,15.9,24.2,60.5,0.0,338.2,0.0,1006.5,66.9,377.7,17.0,25.2,24.2,36.2,6.6
2024-04-26 23:03:39.132346,quillota_centro,37.0,16.5,26.7,48.0,8.5,215.2,0.0,1009.0,37.6,724.5,17.3,26.5,24.4,38.7,9.4
2024-04-27 23:03:39.132346,quillota_centro,32.1,12.3,22.2,43.1,10.0,296.3,0.0,999.7,40.3,876.7,11.9,21.6,19.7,22.0,7.8
2024-04-28 23:03:39.132346,quillota_centro,29.1,18.3,23.7,54.9,10.3,243.8,13.7,1005.7,100.0,600.2,15.5,24.2,21.2,62.3,5.5
2024-04-29 23:03:39.132346,quillota_centro,29.7,18.0,23.8,55.2,1.4,342.8,0.0,1011.3,49.3,667.9,15.7,24.3,22.9,7.7,5.0
2024-04-30 23:03:39.132346,quillota_centro,26.5,12.7,19.6,77.9,12.6,127.9,0.0,1026.3,67.0,512.2,15.6,22.1,16.8,72.8,6.3
2024-05-01 23:03:39.132346,quillota_centro,34.5,15.1,24.8,55.0,11.3,355.3,0.0,989.4,26.0,769.0,16.6,25.2,22.1,19.4,6.7
2024-05-02 23:03:39.132346,quillota_centro,33.9,16.4,25.1,74.1,7.1,29.8,4.5,1011.6,100.0,374.9,20.4,27.3,23.0,45.2,5.4
2024-05-03 23:03:39.132346,quillota_centro,31.5,17.9,24.7,70.2,9.6,27.2,0.0,1005.2,84.7,335.3,19.3,26.5,22.2,32.1,5.5
2024-05-04 23:03:39.132346,quillota_centro,31.3,19.9,25.6,63.3,11.8,251.4,0.0,1024.3,41.7,794.2,18.9,26.8,22.8,64.9,6.3
2024-05-05 23:03:39.132346,quillota_centro,26.6,15.0,20.8,62.8,6.3,347.0,0.0,1016.1,80.6,349.9,14.0,21.9,18.8,33.5,6.1
2024-05-06 23:03:39.132346,quillota_centro,26.7,17.5,22.1,46.7,8.4,190.1,0.0,1014.1,30.4,681.5,12.4,21.8,19.8,10.1,9.5
2024-05-07 23:03:39.132346,quillota_centro,26.0,15.6,20.8,70.6,12.8,170.2,0.3,1011.3,59.4,618.1,15.5,22.7,18.0,30.8,6.2
2024-05-08 23:03:39.132346,quillota_centro,27.6,12.3,19.9,77.6,16.1,160.7,0.0,1018.2,69.3,506.5,15.8,22.4,16.7,47.8,4.2
2024-05-09 23:03:39.132346,quillota_centro,34.4,16.3,25.4,48.8,0.2,253.4,2.4,1004.1,70.2,713.1,16.1,25.3,25.0,63.0,5.1
2024-05-10 23:03:39.132346,quillota_centro,28.5,14.6,21.5,69.8,5.4,309.6,0.0,1017.3,55.5,856.0,16.1,23.3,19.7,54.0,7.7
2024-05-11 23:03:39.132346,quillota_centro,27.7,13.0,20.4,55.9,13.4,53.9,0.0,996.6,54.2,541.1,12.3,20.9,17.4,5.6,9.0
2024-05-12 23:03:39.132346,quillota_centro,26.1,18.1,22.1,72.9,4.6,246.1,7.6,999.4,100.0,368.5,17.2,24.2,20.4,20.7,5.6
2024-05-13 23:03:39.132346,quillota_centro,29.8,16.9,23.3,59.5,12.7,46.9,2.0,1014.4,56.0,514.6,15.9,24.2,20.5,91.0,4.4
2024-05-14 23:03:39.132346,quillota_centro,30.5,15.8,23.2,72.6,0.0,50.5,0.0,1027.8,53.8,553.2,18.2,25.2,23.2,34.0,6.9
2024-05-15 23:03:39.132346,quillota_centro,30.1,17.4,23.8,55.0,6.6,335.2,0.0,1016.0,57.7,605.3,15.6,24.2,21.7,28.9,4.2
2024-05-16 23:03:39.132346,quillota_centro,30.5,15.0,22.8,49.3,10.5,8.7,0.0,1014.9,54.8,579.9,13.5,22.7,20.2,23.5,4.5
2024-05-17 23:03:39.132346,quillota_centro,28.0,14.8,21.4,75.2,16.7,79.2,0.0,994.8,74.4,574.5,16.9,23.7,18.1,76.4,5.5
2024-05-18 23:03:39.132346,quillota_centro,32.7,15.3,24.0,59.9,7.8,322.8,0.0,1015.7,63.6,547.5,16.7,24.9,21.8,62.7,9.6
2024-05-19 23:03:39.132346,quillota_centro,28.3,16.7,22.5,59.6,3.5,48.9,0.0,1001.1,49.3,766.1,15.1,23.4,21.0,46.7,5.8
2024-05-20 23:03:39.132346,quillota_centro,30.0,16.6,23.3,81.4,11.8,80.7,0.0,996.3,40.1,733.6,19.9,26.1,20.6,41.7,8.6
2024-05-21 23:03:39.132346,quillota_centro,29.8,16.5,23.1,60.3,0.0,4.4,5.7,1015.2,59.3,632.6,15.9,24.1,23.1,9.5,6.1
2024-05-22 23:03:39.132346,quillota_centro,31.0,17.2,24.1,63.0,17.3,49.5,4.9,1024.4,100.0,172.3,17.3,25.2,20.8,51.2,3.9
2024-05-23 23:03:39.132346,quillota_centro,26.9,17.1,22.0,64.9,11.0,324.9,1.0,1012.2,44.3,711.2,15.6,23.3,19.4,42.5,6.9
2024-05-24 23:03:39.132346,quillota_centro,35.5,16.1,25.8,59.0,5.9,338.9,0.2,1005.2,59.4,599.5,18.4,26.6,23.9,55.7,7.5
2024-05-25 23:03:39.132346,quillota_centro,27.2,15.4,21.3,65.6,5.0,144.6,0.0,1007.6,53.8,618.9,15.1,22.7,19.5,29.0,5.9
2024-05-26 23:03:39.132346,quillota_centro,30.8,11.3,21.0,70.1,12.9,4.8,0.0,1024.6,36.0,740.1,15.6,22.9,18.2,38.0,5.3
2024-05-27 23:03:39.132346,quillota_centro,31.4,17.2,24.3,64.8,6.2,340.6,3.2,995.4,75.4,488.6,17.9,25.7,22.3,51.0,4.8
2024-05-28 23:03:39.132346,quillota_centro,29.0,20.0,24.5,59.2,8.2,16.5,0.0,1013.5,31.6,818.4,17.1,25.3,22.2,52.9,7.4
2024-05-29 23:03:39.132346,quillota_centro,26.7,17.6,22.2,70.7,6.8,122.5,3.1,1025.4,88.3,548.1,16.8,24.0,20.1,77.4,5.7
2024-05-30 23:03:39.132346,quillota_centro,27.3,15.7,21.5,60.3,7.7,257.3,0.0,1017.9,27.8,647.1,14.3,22.4,19.3,36.3,6.4
2024-05-31 23:03:39.132346,quillota_centro,31.0,15.2,23.1,72.1,4.6,38.8,0.0,1021.3,61.6,522.4,18.0,25.1,21.4,44.0,5.9
2024-06-01 23:03:39.132346,quillota_centro,26.4,11.8,19.1,67.6,11.6,15.2,0.0,1022.6,58.8,713.2,13.2,20.7,16.3,55.2,5.7
2024-06-02 23:03:39.132346,quillota_centro,22.1,11.2,16.7,65.0,6.0,316.2,0.0,1012.5,46.2,813.7,10.3,18.0,14.7,38.9,6.1
2024-06-03 23:03:39.132346,quillota_centro,28.9,11.7,20.3,67.0,7.2,307.4,0.0,1013.2,71.0,492.2,14.3,21.9,18.2,50.1,6.8
2024-06-04 23:03:39.132346,quillota_centro,25.2,11.0,18.1,61.1,0.0,28.9,0.0,1001.1,79.4,505.4,11.0,19.1,18.1,66.7,4.6
2024-06-05 23:03:39.132346,quillota_centro,28.8,10.5,19.6,67.3,0.0,330.5,0.0,1000.1,28.8,696.6,13.7,21.2,19.6,17.0,6.5
2024-06-06 23:03:39.132346,quillota_centro,31.4,11.6,21.5,62.6,7.3,327.2,0.0,1007.0,50.5,686.4,14.7,22.6,19.4,52.0,5.8
2024-06-07 23:03:39.132346,quillota_centro,28.4,13.8,21.1,79.9,4.1,173.1,2.2,1004.8,99.5,365.9,17.5,23.8,19.5,27.5,4.2
2024-06-08 23:03:39.132346,quillota_centro,25.3,15.6,20.5,86.6,1.0,197.9,0.0,1020.2,92.7,558.9,18.1,23.8,19.7,61.5,5.2
2024-06-09 23:03:39.132346,quillota_centro,27.9,16.4,22.1,68.2,10.3,146.1,0.0,1003.5,37.2,563.5,16.4,23.8,19.6,57.2,7.2
2024-06-10 23:03:39.132346,quillota_centro,32.4,9.7,21.0,83.3,2.8,239.0,0.0,1016.4,77.6,347.9,18.0,24.0,19.7,64.3,3.1
2024-06-11 23:03:39.132346,quillota_centro,27.4,9.2,18.3,76.2,16.4,146.7,0.0,1020.8,100.0,463.8,14.0,20.7,15.1,33.6,3.6
2024-06-12 23:03:39.132346,quillota_centro,29.7,13.1,21.4,54.2,12.2,349.6,0.0,1020.3,21.8,849.4,13.1,21.8,18.6,54.6,6.7
2024-06-13 23:03:39.132346,quillota_centro,27.6,11.0,19.3,67.9,9.5,321.1,8.0,1017.5,100.0,393.7,13.5,20.9,16.8,23.1,3.0
2024-06-14 23:03:39.132346,quillota_centro,28.5,9.7,19.1,73.4,6.9,307.3,1.4,1016.2,46.9,831.5,14.3,21.2,17.0,40.1,5.3
2024-06-15 23:03:39.132346,quillota_centro,27.9,12.8,20.3,70.2,12.2,47.1,5.5,1006.3,61.2,658.7,14.9,22.2,17.5,47.6,6.2
2024-06-16 23:03:39.132346,quillota_centro,25.4,14.2,19.8,57.1,9.6,2.3,0.0,1005.9,44.4,591.2,12.0,20.4,17.3,21.5,4.7
2024-06-17 23:03:39.132346,quillota_centro,27.7,12.8,20.2,58.7,2.8,192.9,0.5,1016.3,9.2,883.0,12.7,21.0,18.9,31.3,10.7
2024-06-18 23:03:39.132346,quillota_centro,26.5,12.6,19.5,71.0,0.9,351.6,0.0,1017.1,17.5,798.9,14.3,21.4,18.8,54.3,8.0
2024-06-19 23:03:39.132346,quillota_centro,28.2,11.9,20.1,82.2,13.6,231.5,0.0,1017.2,83.8,634.2,16.8,23.0,17.1,43.0,5.1
2024-06-20 23:03:39.132346,quillota_centro,26.7,13.7,20.2,94.0,13.7,103.3,0.0,1009.0,72.3,586.3,19.1,24.2,17.2,45.9,6.7
2024-06-21 23:03:39.132346,quillota_centro,25.5,11.5,18.5,66.3,0.0,150.6,0.0,1023.2,77.0,444.8,12.4,20.0,18.5,70.3,4.2
2024-06-22 23:03:39.132346,quillota_centro,30.4,7.6,19.0,87.1,9.5,106.6,0.0,1017.0,69.3,508.7,16.7,22.4,16.6,52.6,3.4
2024-06-23 23:03:39.132346,quillota_centro,27.9,17.8,22.9,52.7,3.6,61.4,0.0,1035.9,55.7,551.6,14.3,23.1,21.3,46.5,7.4
2024-06-24 23:03:39.132346,quillota_centro,26.4,9.7,18.1,74.1,7.0,72.4,0.0,1039.8,70.7,320.0,13.4,20.2,16.0,28.9,7.8
2024-06-25 23:03:39.132346,quillota_centro,25.7,11.1,18.4,69.9,12.2,340.2,0.0,992.5,88.9,158.2,12.9,20.2,15.6,61.8,4.2
2024-06-26 23:03:39.132346,quillota_centro,26.9,16.9,21.9,67.2,5.2,227.4,1.7,1008.4,83.7,564.5,15.9,23.4,20.1,72.7,5.1
2024-06-27 23:03:39.132346,quillota_centro,26.6,11.2,18.9,81.7,7.9,226.5,0.0,1018.1,72.4,579.1,15.6,21.8,16.7,43.5,5.0
2024-06-28 23:03:39.132346,quillota_centro,24.9,12.1,18.5,73.6,5.7,265.3,0.0,1024.1,80.0,584.9,13.7,20.6,16.6,48.6,3.5
2024-06-29 23:03:39.132346,quillota_centro,28.8,10.5,19.7,67.5,4.7,98.7,0.0,1040.0,47.8,431.0,13.8,21.2,17.9,48.6,6.6
2024-06-30 23:03:39.132346,quillota_centro,31.1,12.4,21.8,57.4,8.8,278.3,0.0,1034.7,53.6,715.7,14.0,22.4,19.4,38.9,6.6
2024-07-01 23:03:39.132346,quillota_centro,23.9,9.4,16.6,84.2,14.4,359.0,0.0,1009.1,29.4,662.6,13.7,19.7,13.6,21.5,11.0
2024-07-02 23:03:39.132346,quillota_centro,23.0,9.9,16.5,66.3,10.5,354.1,0.0,1040.9,73.3,467.0,10.3,17.9,13.9,25.9,3.0
2024-07-03 23:03:39.132346,quillota_centro,20.5,6.6,13.5,73.3,9.3,36.6,7.7,1014.8,100.0,587.6,8.7,15.6,11.1,32.5,4.6
2024-07-04 23:03:39.132346,quillota_centro,21.4,8.8,15.1,81.0,9.8,55.5,6.1,1021.3,100.0,551.6,11.6,17.9,12.6,65.5,2.0
2024-07-05 23:03:39.132346,quillota_centro,24.3,9.0,16.6,75.2,1.4,264.2,0.0,1023.5,54.3,730.4,12.1,18.9,15.7,53.6,4.7
2024-07-06 23:03:39.132346,quillota_centro,22.3,7.8,15.0,77.6,14.7,103.9,0.0,998.0,73.3,568.6,11.0,17.5,12.0,20.7,3.3
2024-07-07 23:03:39.132346,quillota_centro,18.2,10.3,14.3,90.1,3.1,30.8,0.0,1012.1,98.3,471.2,12.5,17.9,12.9,30.0,5.1
2024-07-08 23:03:39.132346,quillota_centro,23.3,11.7,17.5,76.5,10.0,285.4,0.0,1005.3,83.2,515.9,13.2,19.9,15.0,43.3,5.4
2024-07-09 23:03:39.132346,quillota_centro,18.7,12.7,15.7,55.8,1.0,51.3,0.0,1002.4,34.2,733.2,7.7,16.2,14.9,54.2,8.0
2024-07-10 23:03:39.132346,quillota_centro,26.3,8.5,17.4,75.8,14.7,106.3,0.0,1012.7,94.4,456.9,13.0,19.7,14.3,29.7,3.5
2024-07-11 23:03:39.132346,quillota_centro,23.6,7.4,15.5,84.2,6.4,301.8,0.0,1019.8,85.1,457.3,12.6,18.6,13.5,16.9,5.3
2024-07-12 23:03:39.132346,quillota_centro,21.9,8.3,15.1,94.2,11.4,72.9,0.0,1006.7,86.3,663.5,14.1,19.1,12.4,45.5,4.6
2024-07-13 23:03:39.132346,quillota_centro,21.4,9.4,15.4,63.4,14.8,88.3,0.0,1041.3,64.6,499.3,8.7,16.6,12.3,58.5,3.1
2024-07-14 23:03:39.132346,quillota_centro,25.0,10.5,17.8,73.1,8.7,126.0,0.0,1011.8,67.1,556.2,12.9,19.9,15.4,36.4,5.0
2024-07-15 23:03:39.132346,quillota_centro,26.5,9.2,17.8,71.7,5.9,194.2,0.0,1022.3,86.6,498.7,12.7,19.8,15.9,39.6,6.4
2024-07-16 23:03:39.132346,quillota_centro,23.1,12.4,17.7,71.6,2.6,178.9,10.3,1002.4,100.0,619.4,12.6,19.7,16.5,32.0,4.2
2024-07-17 23:03:39.132346,quillota_centro,19.3,12.4,15.8,53.7,13.3,119.4,0.0,1009.3,20.4,642.3,7.4,16.2,12.9,18.6,7.4
2024-07-18 23:03:39.132346,quillota_centro,29.1,6.3,17.7,74.5,10.1,198.8,2.7,1016.4,100.0,457.9,13.1,19.9,15.2,49.5,1.4
2024-07-19 23:03:39.132346,quillota_centro,18.1,7.4,12.7,83.4,16.2,30.8,0.0,1028.8,100.0,535.1,9.7,15.8,9.5,7.8,5.9
2024-07-20 23:03:39.132346,quillota_centro,22.1,11.1,16.6,63.0,11.8,325.0,0.0,1009.1,54.8,696.8,9.9,17.8,13.9,81.6,6.8
2024-07-21 23:03:39.132346,quillota_centro,26.0,4.0,15.0,92.7,12.2,25.7,0.0,1025.2,51.9,640.5,13.7,18.9,12.2,31.0,5.3
2024-07-22 23:03:39.132346,quillota_centro,25.8,7.2,16.5,70.2,21.8,207.3,0.0,1010.1,57.6,636.1,11.1,18.3,12.8,26.6,5.8
2024-07-23 23:03:39.132346,quillota_centro,18.1,8.3,13.2,68.3,18.5,295.1,0.0,1010.4,57.7,382.5,7.4,14.8,9.7,52.9,4.1
2024-07-24 23:03:39.132346,quillota_centro,22.5,7.3,14.9,69.9,13.1,323.0,0.0,1019.8,25.9,910.0,9.4,16.7,12.0,15.9,9.2
2024-07-25 23:03:39.132346,quillota_centro,19.3,7.3,13.3,79.7,14.7,55.9,0.0,1013.8,88.9,376.9,9.6,16.0,10.2,9.9,3.1
2024-07-26 23:03:39.132346,quillota_centro,25.7,7.4,16.5,72.6,10.3,39.5,0.0,1009.6,42.1,629.0,11.6,18.6,14.0,34.5,4.8
2024-07-27 23:03:39.132346,quillota_centro,23.0,6.8,14.9,93.7,7.1,61.9,0.0,1020.3,56.7,635.1,13.8,18.8,12.8,45.0,5.1
2024-07-28 23:03:39.132346,quillota_centro,23.7,7.0,15.4,76.0,14.4,98.2,3.2,997.1,59.4,405.7,11.0,17.7,12.3,58.1,4.8
2024-07-29 23:03:39.132346,quillota_centro,21.6,7.0,14.3,74.9,15.3,130.0,3.5,1008.8,65.4,676.9,9.7,16.5,11.2,52.2,5.2
2024-07-30 23:03:39.132346,quillota_centro,18.7,9.9,14.3,74.3,15.3,308.1,0.0,1006.4,67.0,352.7,9.6,16.5,11.2,36.8,3.1
2024-07-31 23:03:39.132346,quillota_centro,26.3,11.6,19.0,82.5,16.0,321.5,0.0,1015.4,66.6,604.5,15.8,21.9,15.8,64.6,4.4
2024-08-01 23:03:39.132346,quillota_centro,16.2,6.3,11.2,82.1,11.3,22.9,1.5,1011.5,100.0,401.1,8.0,14.1,8.5,28.0,4.2
2024-08-02 23:03:39.132346,quillota_centro,17.7,7.4,12.6,90.6,19.8,306.3,0.0,1011.3,64.1,585.6,10.8,16.2,9.0,62.9,6.9
2024-08-03 23:03:39.132346,quillota_centro,20.3,9.1,14.7,86.9,14.0,205.2,3.3,1005.7,100.0,642.9,12.3,18.0,11.7,32.1,2.0
2024-08-04 23:03:39.132346,quillota_centro,12.0,3.5,7.7,97.4,3.5,239.6,0.0,1007.3,100.0,451.0,7.3,12.0,6.2,34.7,3.2
2024-08-05 23:03:39.132346,quillota_centro,18.5,2.8,10.6,87.3,16.7,148.7,0.0,1000.5,53.6,508.2,8.3,14.0,7.4,79.5,5.7
2024-08-06 23:03:39.132346,quillota_centro,23.0,7.4,15.2,84.8,5.5,88.1,0.0,1012.4,84.7,519.8,12.4,18.3,13.3,49.8,4.4
2024-08-07 23:03:39.132346,quillota_centro,21.8,4.4,13.1,68.4,11.0,40.9,0.0,1018.5,41.5,872.5,7.4,14.8,10.5,20.9,4.9
2024-08-08 23:03:39.132346,quillota_centro,17.8,4.7,11.2,72.2,11.9,226.1,0.0,1007.2,48.2,634.2,6.2,13.2,8.5,31.3,6.7
2024-08-09 23:03:39.132346,quillota_centro,18.9,6.3,12.6,77.2,17.9,152.4,0.0,1005.1,82.5,655.1,8.4,15.0,9.2,50.8,3.8
2024-08-10 23:03:39.132346,quillota_centro,18.1,2.1,10.1,94.4,8.8,274.8,0.0,1013.5,70.0,492.6,9.1,14.1,7.7,23.7,6.0
2024-08-11 23:03:39.132346,quillota_centro,20.7,6.2,13.5,84.1,11.0,58.9,0.0,1014.1,70.7,771.7,10.6,16.5,10.8,65.9,5.8
2024-08-12 23:03:39.132346,quillota_centro,21.6,3.1,12.4,84.7,13.5,259.0,0.0,1012.4,21.5,833.2,9.6,15.5,9.4,67.3,7.4
2024-08-13 23:03:39.132346,quillota_centro,12.9,4.8,8.8,86.9,15.9,144.9,0.0,1013.9,56.8,650.3,6.4,12.1,5.6,32.4,6.0
2024-08-14 23:03:39.132346,quillota_centro,16.8,2.9,9.9,86.8,11.4,346.1,0.0,1018.6,71.2,485.5,7.5,13.2,7.2,28.5,1.6
2024-08-15 23:03:39.132346,quillota_centro,17.5,2.5,10.0,91.4,12.6,132.1,0.0,1007.2,58.2,670.1,8.4,13.7,7.2,32.1,5.4
2024-08-16 23:03:39.132346,quillota_centro,18.2,6.6,12.4,95.9,16.1,64.7,3.5,1025.6,84.2,602.3,11.7,16.5,9.2,11.6,2.0
2024-08-17 23:03:39.132346,quillota_centro,22.6,6.2,14.4,87.8,8.8,287.4,0.0,1007.8,33.8,609.1,12.1,17.8,12.0,48.1,5.5
2024-08-18 23:03:39.132346,quillota_centro,19.6,3.4,11.5,82.6,17.6,45.4,4.1,1013.7,77.1,557.7,8.3,14.4,8.1,36.2,5.9
2024-08-19 23:03:39.132346,quillota_centro,17.6,3.0,10.3,88.2,10.4,262.4,0.0,1019.8,52.1,559.5,8.1,13.7,7.7,50.9,6.8
2024-08-20 23:03:39.132346,quillota_centro,19.6,3.1,11.3,98.0,14.2,94.9,0.0,1021.3,94.1,512.3,10.9,15.6,8.3,54.7,1.6
2024-08-21 23:03:39.132346,quillota_centro,15.3,4.8,10.1,75.3,15.4,136.2,0.0,1023.4,75.8,762.7,5.6,12.4,6.9,37.6,5.6
2024-08-22 23:03:39.132346,quillota_centro,22.2,4.3,13.2,90.4,14.0,137.2,0.0,1026.6,86.1,459.8,11.5,16.9,10.2,52.9,4.8
2024-08-23 23:03:39.132346,quillota_centro,14.7,2.9,8.8,85.4,11.7,245.7,0.0,1013.5,88.9,605.4,6.2,12.0,6.1,62.5,5.7
2024-08-24 23:03:39.132346,quillota_centro,21.1,7.1,14.1,79.3,9.5,225.4,0.0,1000.2,63.6,699.3,10.4,16.8,11.7,36.8,4.2
2024-08-25 23:03:39.132346,quillota_centro,20.0,7.4,13.7,83.3,5.3,275.1,6.1,996.6,95.1,636.1,10.7,16.7,11.9,25.0,2.1
2024-08-26 23:03:39.132346,quillota_centro,19.3,5.4,12.4,77.6,9.7,183.3,0.0,998.7,67.9,691.4,8.3,14.8,9.9,35.9,7.2
2024-08-27 23:03:39.132346,quillota_centro,21.9,4.3,13.1,75.6,13.2,277.2,0.0,1023.3,35.8,662.6,8.7,15.4,10.2,61.7,5.2
2024-08-28 23:03:39.132346,quillota_centro,17.9,2.9,10.4,77.7,14.1,303.9,0.0,997.9,100.0,461.0,6.3,12.8,7.4,24.6,5.3
2024-08-29 23:03:39.132346,quillota_centro,19.5,2.5,11.0,98.0,16.6,151.1,1.1,989.9,71.0,595.4,10.7,15.4,7.8,29.1,3.6
2024-08-30 23:03:39.132346,quillota_centro,16.8,4.3,10.6,68.7,19.1,26.6,7.6,999.8,100.0,532.3,4.9,12.3,7.1,42.3,4.0
2024-08-31 23:03:39.132346,quillota_centro,17.7,4.0,10.9,98.0,13.3,280.0,0.0,1019.5,74.9,494.3,10.5,15.2,7.9,0.0,5.1
2024-09-01 23:03:39.132346,quillota_centro,13.8,2.3,8.1,79.9,13.1,176.6,0.0,1011.7,68.4,563.2,4.4,10.8,5.2,67.9,4.3
2024-09-02 23:03:39.132346,quillota_centro,18.1,0.0,9.1,88.3,13.8,201.7,0.0,1007.0,100.0,385.2,7.0,12.5,6.1,83.0,4.7
2024-09-03 23:03:39.132346,quillota_centro,13.6,2.9,8.3,93.1,10.6,274.4,0.0,994.3,71.2,646.0,7.0,12.2,5.7,37.2,3.3
2024-09-04 23:03:39.132346,quillota_centro,16.0,2.1,9.0,97.1,11.1,42.0,0.0,1011.7,78.3,488.6,8.5,13.3,6.4,89.5,6.8
2024-09-05 23:03:39.132346,quillota_centro,20.4,-0.8,9.8,98.0,3.8,240.2,0.0,1018.2,83.2,575.7,9.4,14.1,8.2,60.0,5.3
2024-09-06 23:03:39.132346,quillota_centro,15.0,-0.3,7.4,98.0,10.1,100.1,4.1,1007.7,100.0,456.1,7.0,11.7,4.8,12.1,4.5
2024-09-07 23:03:39.132346,quillota_centro,17.8,1.1,9.5,84.9,10.8,44.5,0.0,998.5,75.6,529.2,6.7,12.6,6.8,41.3,4.3
2024-09-08 23:03:39.132346,quillota_centro,17.6,5.6,11.6,93.0,20.8,258.5,0.0,1024.0,73.2,501.1,10.3,15.4,7.9,40.2,3.1
2024-09-09 23:03:39.132346,quillota_centro,15.0,-1.7,6.7,98.0,5.7,88.2,0.0,1016.9,79.2,416.5,6.3,11.0,4.8,63.5,5.5
2024-09-10 23:03:39.132346,quillota_centro,15.9,0.6,8.2,70.5,18.9,149.2,0.0,1024.7,58.6,571.4,2.9,10.1,4.7,63.8,5.6
2024-09-11 23:03:39.132346,quillota_centro,14.6,3.0,8.8,88.1,20.6,322.0,3.5,1013.1,100.0,624.4,6.6,12.2,5.1,79.0,4.5
2024-09-12 23:03:39.132346,quillota_centro,15.6,3.9,9.7,83.0,12.5,236.5,0.0,1015.4,70.7,668.9,6.6,12.7,6.9,49.7,4.4
2024-09-13 23:03:39.132346,quillota_centro,17.7,-0.4,8.6,93.4,13.6,351.5,0.0,1005.7,94.7,536.9,7.4,12.5,5.7,54.7,1.6
2024-09-14 23:03:39.132346,quillota_centro,17.1,4.6,10.8,92.3,14.3,101.3,0.0,1004.1,72.7,588.0,9.4,14.6,7.8,46.3,3.8
2024-09-15 23:03:39.132346,quillota_centro,12.7,1.9,7.3,87.1,14.3,84.0,0.0,1016.7,71.8,538.3,5.0,10.6,4.3,31.2,4.7
2024-09-16 23:03:39.132346,quillota_centro,12.8,2.6,7.7,98.0,8.5,35.6,0.0,1024.1,100.0,488.3,7.3,12.0,5.4,62.7,1.7
2024-09-17 23:03:39.132346,quillota_centro,14.9,6.2,10.6,66.2,19.6,354.6,5.4,1015.0,64.3,588.4,4.4,12.0,7.0,51.0,7.4
2024-09-18 23:03:39.132346,quillota_centro,12.1,0.8,6.5,96.5,8.6,269.7,0.0,1013.8,73.1,475.4,5.8,10.6,4.1,81.3,4.6
2024-09-19 23:03:39.132346,quillota_centro,13.3,-0.4,6.5,94.1,9.7,110.6,10.9,1007.0,100.0,631.6,5.4,10.4,4.0,45.9,3.7
2024-09-20 23:03:39.132346,quillota_centro,19.3,-1.1,9.1,95.1,6.8,121.6,0.0,1022.9,75.0,612.2,8.2,13.2,7.0,33.1,6.9
2024-09-21 23:03:39.132346,quillota_centro,17.5,-0.3,8.6,98.0,4.2,316.2,0.0,1024.3,60.3,807.3,8.2,12.9,6.9,30.3,4.6
2024-09-22 23:03:39.132346,quillota_centro,15.7,3.5,9.6,98.0,7.0,211.4,0.0,987.4,56.0,701.3,9.2,13.9,7.5,35.7,3.9
2024-09-23 23:03:39.132346,quillota_centro,15.9,0.9,8.4,98.0,11.7,344.7,0.0,1003.6,95.4,418.2,8.1,12.7,5.7,23.3,3.3
2024-09-24 23:03:39.132346,quillota_centro,15.5,3.6,9.6,81.2,11.9,259.1,0.0,1005.6,97.8,379.9,6.2,12.4,6.8,42.2,5.9
2024-09-25 23:03:39.132346,quillota_centro,17.7,-0.1,8.8,92.0,14.6,338.2,0.0,1011.4,55.8,524.2,7.4,12.6,5.8,87.0,5.5
2024-09-26 23:03:39.132346,quillota_centro,18.4,4.0,11.2,85.4,20.2,41.8,0.0,1029.7,62.8,667.9,8.5,14.4,7.6,19.4,6.7
2024-09-27 23:03:39.132346,quillota_centro,17.1,3.3,10.2,74.3,14.2,302.6,0.0,1020.4,49.9,653.2,5.5,12.4,7.2,35.8,6.3
2024-09-28 23:03:39.132346,quillota_centro,20.5,0.9,10.7,96.4,12.1,210.4,0.0,1004.3,60.5,613.8,10.1,14.9,7.9,55.5,5.1
2024-09-29 23:03:39.132346,quillota_centro,17.2,0.9,9.0,95.1,9.6,355.2,0.0,1017.9,100.0,559.6,8.1,13.1,6.6,68.7,0.5
2024-09-30 23:03:39.132346,quillota_centro,18.6,2.3,10.4,86.5,8.7,104.6,0.0,984.6,58.7,610.7,8.0,13.7,8.1,48.9,5.7
2024-10-01 23:03:39.132346,quillota_centro,14.2,-1.0,6.6,90.1,16.5,150.1,0.0,997.1,35.6,524.6,4.8,10.2,3.3,41.7,9.2
2024-10-02 23:03:39.132346,quillota_centro,13.1,3.4,8.2,88.5,8.5,96.1,0.0,1026.5,71.6,557.2,6.1,11.7,5.9,70.2,4.5
2024-10-03 23:03:39.132346,quillota_centro,15.8,-0.6,7.6,78.3,17.9,351.4,0.0,1008.3,82.6,605.8,3.7,10.2,4.2,26.3,3.8
2024-10-04 23:03:39.132346,quillota_centro,18.6,0.6,9.6,85.8,13.2,224.7,0.0,1025.9,54.9,600.2,7.0,12.8,6.7,64.2,7.7
2024-10-05 23:03:39.132346,quillota_centro,14.9,0.2,7.5,76.9,16.6,123.7,0.0,1006.6,69.3,629.6,3.3,9.9,4.2,55.4,4.1
2024-10-06 23:03:39.132346,quillota_centro,13.9,2.0,8.0,98.0,17.2,200.9,0.0,1027.4,69.0,545.5,7.6,12.3,4.6,80.0,5.3
2024-10-07 23:03:39.132346,quillota_centro,16.5,1.8,9.1,77.1,16.4,9.2,0.0,1007.0,60.3,554.6,5.0,11.6,5.9,10.6,5.7
2024-10-08 23:03:39.132346,quillota_centro,13.0,2.1,7.6,75.5,16.5,3.9,0.0,997.9,93.5,410.2,3.1,9.9,4.3,46.0,5.7
2024-10-09 23:03:39.132346,quillota_centro,14.1,1.2,7.6,92.8,21.8,218.3,0.0,1003.8,93.7,381.6,6.3,11.5,3.9,28.3,2.7
2024-10-10 23:03:39.132346,quillota_centro,17.5,1.9,9.7,83.1,14.5,243.3,0.0,1016.2,77.0,639.3,6.6,12.7,6.7,66.8,4.4
2024-10-11 23:03:39.132346,quillota_centro,18.2,-0.7,8.7,76.1,19.4,235.3,0.0,1001.9,48.4,579.7,4.4,11.1,5.2,34.3,6.6
2024-10-12 23:03:39.132346,quillota_centro,14.3,1.8,8.0,90.3,11.7,190.7,0.0,1020.9,62.7,613.5,6.2,11.6,5.3,34.6,6.3
2024-10-13 23:03:39.132346,quillota_centro,12.2,-0.1,6.1,89.3,13.4,236.4,0.0,995.1,92.3,288.9,4.1,9.6,3.2,58.3,4.5
2024-10-14 23:03:39.132346,quillota_centro,13.5,1.5,7.5,95.7,11.3,3.2,0.0,1007.7,67.8,601.5,6.7,11.6,4.8,39.8,3.4
2024-10-15 23:03:39.132346,quillota_centro,13.1,2.2,7.7,92.1,14.1,245.7,0.0,1032.8,100.0,400.7,6.2,11.4,4.7,50.1,3.5
2024-10-16 23:03:39.132346,quillota_centro,14.4,2.8,8.6,97.6,22.9,135.7,0.0,1016.4,77.5,602.9,8.2,12.9,4.8,27.7,1.6
2024-10-17 23:03:39.132346,quillota_centro,18.3,-1.4,8.5,98.0,16.7,359.7,0.0,1000.1,77.3,591.4,8.1,12.8,5.2,51.7,5.9
2024-10-18 23:03:39.132346,quillota_centro,12.8,-1.4,5.7,98.0,4.2,59.0,0.0,1023.5,60.9,563.0,5.3,10.0,4.1,44.6,4.9
2024-10-19 23:03:39.132346,quillota_centro,15.9,0.9,8.4,74.7,16.2,277.7,0.0,1029.9,56.5,702.7,3.8,10.6,5.2,53.4,5.1
2024-10-20 23:03:39.132346,quillota_centro,16.6,1.2,8.9,92.0,7.2,232.1,0.0,1009.6,60.0,648.1,7.4,12.7,6.7,12.8,7.8
2024-10-21 23:03:39.132346,quillota_centro,17.4,1.8,9.6,80.4,13.4,251.1,3.3,1015.9,91.6,602.2,6.1,12.4,6.7,41.0,5.4
2024-10-22 23:03:39.132346,quillota_centro,8.8,0.8,4.8,90.8,11.4,261.9,0.0,994.4,94.0,316.9,3.1,8.5,2.1,30.1,4.3
2024-10-23 23:03:39.132346,quillota_centro,18.9,2.5,10.7,84.5,7.2,43.9,0.0,1018.8,82.1,425.0,7.9,13.8,8.6,0.0,2.6
2024-10-24 23:03:39.132346,quillota_centro,17.2,-2.2,7.5,98.0,6.5,57.0,0.0,1008.1,74.3,459.7,7.1,11.8,5.5,85.6,4.7
2024-10-25 23:03:39.132346,quillota_centro,13.7,2.0,7.9,89.2,5.6,126.3,0.0,996.8,74.2,638.8,5.9,11.4,6.0,50.9,3.9
2024-10-26 23:03:39.132346,quillota_centro,14.1,0.5,7.3,84.3,10.6,264.9,0.0,1002.7,78.5,614.1,4.4,10.4,4.7,58.5,4.0
2024-10-27 23:03:39.132346,quillota_centro,19.4,-2.2,8.6,85.3,19.4,157.8,4.1,1026.6,83.7,562.2,5.9,11.8,5.1,72.6,4.1
2024-10-28 23:03:39.132346,quillota_centro,17.8,0.9,9.4,98.0,12.4,253.1,0.0,1018.7,70.1,596.1,9.0,13.7,6.5,47.0,4.6
2024-10-29 23:03:39.132346,quillota_centro,10.0,0.9,5.5,98.0,11.3,11.4,0.0,1025.8,88.0,214.4,5.1,9.8,2.8,36.7,1.7
2024-10-30 23:03:39.132346,quillota_centro,16.2,2.9,9.6,81.7,12.7,66.7,0.0,1002.6,76.2,480.3,6.2,12.4,6.7,38.5,4.8
2024-10-31 23:03:39.132346,quillota_centro,15.8,-1.4,7.2,86.1,10.1,243.3,0.0,1002.6,65.8,676.4,4.7,10.4,4.6,13.4,4.6
2024-11-01 23:03:39.132346,quillota_centro,21.0,2.8,11.9,98.0,0.0,216.6,0.0,1025.4,58.0,789.0,11.6,16.2,11.9,11.3,7.4
2024-11-02 23:03:39.132346,quillota_centro,16.4,2.4,9.4,98.0,8.3,295.9,0.0,1015.0,60.5,666.1,9.1,13.8,7.1,16.9,4.9
2024-11-03 23:03:39.132346,quillota_centro,13.0,0.6,6.8,98.0,14.8,98.7,0.0,995.9,89.8,380.2,6.4,11.1,3.7,3.7,3.2
2024-11-04 23:03:39.132346,quillota_centro,15.4,3.8,9.6,91.5,6.4,204.9,0.0,1022.0,52.9,653.9,8.1,13.3,7.6,63.0,6.5
2024-11-05 23:03:39.132346,quillota_centro,19.9,2.2,11.0,89.2,12.9,29.0,0.0,1011.2,90.7,386.9,9.0,14.5,8.1,24.5,6.2
2024-11-06 23:03:39.132346,quillota_centro,16.7,2.1,9.4,93.3,5.3,223.2,0.0,1008.3,85.7,444.7,8.2,13.3,7.6,28.0,6.0
2024-11-07 23:03:39.132346,quillota_centro,11.9,0.4,6.2,89.2,9.9,70.6,0.0,1019.4,80.8,394.3,4.2,9.7,3.6,32.4,5.9
2024-11-08 23:03:39.132346,quillota_centro,18.6,-0.9,8.9,75.5,5.7,101.9,0.0,1024.0,95.2,358.5,4.4,11.2,6.9,17.8,2.6
2024-11-09 23:03:39.132346,quillota_centro,16.8,0.6,8.7,89.6,8.9,24.5,0.0,1024.4,73.7,568.8,6.8,12.3,6.3,25.0,4.8
2024-11-10 23:03:39.132346,quillota_centro,12.6,5.4,9.0,98.0,5.2,102.2,0.0,1023.2,86.7,512.3,8.6,13.3,7.2,47.9,3.0
2024-11-11 23:03:39.132346,quillota_centro,13.7,2.7,8.2,98.0,24.7,109.3,0.0,1021.5,60.8,612.2,7.9,12.5,4.2,45.9,5.8
2024-11-12 23:03:39.132346,quillota_centro,17.6,1.1,9.3,68.5,10.4,268.4,0.0,1017.2,74.3,489.5,3.6,11.0,6.8,8.2,5.6
2024-11-13 23:03:39.132346,quillota_centro,16.2,2.5,9.4,71.5,14.7,236.0,0.0,1002.6,29.2,600.8,4.2,11.3,6.3,39.5,7.2
2024-11-14 23:03:39.132346,quillota_centro,11.5,1.4,6.4,82.4,13.3,203.0,0.0,1004.6,84.8,490.3,3.2,9.3,3.5,54.7,4.2
2024-11-15 23:03:39.132346,quillota_centro,13.2,2.7,8.0,92.4,2.0,176.6,0.0,1023.7,75.9,656.6,6.6,11.8,6.8,53.7,4.0
2024-11-16 23:03:39.132346,quillota_centro,19.5,5.2,12.4,94.0,9.8,76.6,0.0,1012.5,97.5,337.7,11.3,16.3,9.9,74.9,2.1
2024-11-17 23:03:39.132346,quillota_centro,10.5,1.1,5.8,91.6,8.0,226.4,0.0,1018.6,59.2,733.0,4.2,9.5,3.5,24.4,5.3
2024-11-18 23:03:39.132346,quillota_centro,16.6,4.2,10.4,85.3,13.5,330.5,0.0,1008.0,76.3,648.2,7.7,13.6,7.5,79.9,2.1
2024-11-19 23:03:39.132346,quillota_centro,17.5,-1.6,7.9,86.1,18.0,269.7,0.0,1003.1,41.5,737.0,5.4,11.2,4.5,75.1,5.5
2024-11-20 23:03:39.132346,quillota_centro,17.5,2.2,9.9,74.9,18.7,176.4,0.0,1011.0,80.5,524.7,5.3,12.1,6.4,58.8,4.9
2024-11-21 23:03:39.132346,quillota_centro,16.2,1.3,8.8,94.0,14.1,94.4,0.0,1003.1,100.0,352.9,7.7,12.7,5.8,50.8,2.5
2024-11-22 23:03:39.132346,quillota_centro,19.5,4.2,11.8,87.7,13.1,233.2,0.0,1024.5,81.6,402.7,9.6,15.2,9.0,30.6,5.1
2024-11-23 23:03:39.132346,quillota_centro,16.1,-1.6,7.3,91.6,19.2,32.2,0.0,1012.5,68.3,685.9,5.8,11.0,3.8,41.4,6.3
2024-11-24 23:03:39.132346,quillota_centro,17.6,2.1,9.9,88.3,12.8,268.4,0.0,1014.8,58.1,673.5,7.7,13.3,7.0,20.8,5.8
2024-11-25 23:03:39.132346,quillota_centro,20.1,1.8,10.9,89.8,8.0,127.6,0.0,1010.7,66.0,607.4,9.1,14.5,8.7,41.9,3.9
2024-11-26 23:03:39.132346,quillota_centro,18.9,6.3,12.6,84.6,20.6,43.7,0.0,991.5,78.3,628.7,9.8,15.7,9.0,67.5,6.9
2024-11-27 23:03:39.132346,quillota_centro,15.4,5.2,10.3,82.6,2.3,108.7,0.0,1002.6,65.0,536.7,7.2,13.3,9.1,84.0,7.2
2024-11-28 23:03:39.132346,quillota_centro,13.9,0.8,7.3,97.2,18.7,123.4,0.0,1003.6,79.3,534.3,6.8,11.6,3.9,61.1,4.5
2024-11-29 23:03:39.132346,quillota_centro,18.6,0.5,9.6,81.9,13.3,286.8,0.0,1021.1,56.7,587.2,6.3,12.5,6.7,47.0,5.1
2024-11-30 23:03:39.132346,quillota_centro,16.2,2.4,9.3,98.0,11.5,347.0,0.0,999.5,63.7,619.7,8.9,13.6,6.6,42.6,5.2
2024-12-01 23:03:39.132346,quillota_centro,14.8,6.3,10.6,73.0,3.3,334.6,0.0,1013.7,51.9,522.6,5.7,12.6,9.1,60.3,5.0
2024-12-02 23:03:39.132346,quillota_centro,20.4,3.5,11.9,81.1,17.8,295.5,0.0,986.8,69.6,492.5,8.5,14.7,8.6,65.6,6.3
2024-12-03 23:03:39.132346,quillota_centro,21.7,3.4,12.5,81.7,10.8,26.0,0.0,1012.3,60.6,465.3,9.2,15.4,9.9,36.5,7.5
2024-12-04 23:03:39.132346,quillota_centro,13.2,5.6,9.4,88.3,17.7,140.3,0.0,1020.1,94.0,620.0,7.2,12.8,6.0,34.4,3.7
2024-12-05 23:03:39.132346,quillota_centro,14.9,8.1,11.5,86.7,10.5,133.7,0.0,1017.4,58.2,621.0,9.1,14.8,8.9,47.9,7.0
2024-12-06 23:03:39.132346,quillota_centro,20.6,8.1,14.3,67.7,14.4,157.5,0.0,1019.4,63.2,652.4,8.5,15.9,11.3,24.9,9.3
2024-12-07 23:03:39.132346,quillota_centro,21.8,7.7,14.8,87.6,10.7,273.8,0.0,1010.3,92.2,409.5,12.5,18.1,12.1,44.7,2.8
2024-12-08 23:03:39.132346,quillota_centro,16.6,2.7,9.6,98.0,8.4,16.8,0.0,1012.3,71.7,725.9,9.3,13.9,7.3,47.7,6.5
2024-12-09 23:03:39.132346,quillota_centro,21.0,6.9,14.0,85.3,18.0,25.2,0.0,1024.1,63.2,532.6,11.3,17.1,10.6,63.9,5.8
2024-12-10 23:03:39.132346,quillota_centro,16.3,1.8,9.0,89.0,0.0,171.1,0.0,1020.1,92.1,392.0,7.0,12.5,9.0,32.4,5.7
2024-12-11 23:03:39.132346,quillota_centro,22.1,10.1,16.1,66.0,9.0,54.6,0.0,1000.9,57.5,529.3,9.9,17.5,13.7,19.6,4.0
2024-12-12 23:03:39.132346,quillota_centro,20.3,6.2,13.3,66.3,8.3,22.7,0.0,1037.7,69.9,548.0,7.2,14.8,11.0,30.3,3.2
2024-12-13 23:03:39.132346,quillota_centro,17.4,4.2,10.8,72.5,7.1,81.7,0.0,1000.6,62.2,498.8,5.8,12.8,8.7,17.4,5.4
2024-12-14 23:03:39.132346,quillota_centro,15.5,6.1,10.8,92.7,11.0,276.3,0.0,1014.8,81.4,641.4,9.5,14.7,8.2,44.7,5.2
2024-12-15 23:03:39.132346,quillota_centro,16.1,4.8,10.5,67.6,8.2,195.1,0.0,1027.9,51.1,360.1,4.6,12.0,8.2,22.7,5.5
2024-12-16 23:03:39.132346,quillota_centro,18.1,4.7,11.4,87.5,11.8,83.9,0.0,1027.5,90.5,456.5,9.2,14.8,8.7,8.6,4.5
2024-12-17 23:03:39.132346,quillota_centro,21.9,2.6,12.2,68.4,10.7,98.7,0.0,1012.6,51.1,599.2,6.5,13.9,9.6,77.1,3.9
2024-12-18 23:03:39.132346,quillota_centro,20.7,6.3,13.5,81.3,3.1,330.2,0.0,1015.9,40.5,556.3,10.1,16.3,12.1,51.1,8.1
2024-12-19 23:03:39.132346,quillota_centro,18.0,7.0,12.5,83.1,3.2,70.4,0.0,997.2,5.3,816.0,9.4,15.5,11.1,51.4,10.7
2024-12-20 23:03:39.132346,quillota_centro,17.6,2.5,10.0,98.0,11.9,194.3,0.0,1007.5,100.0,393.7,9.7,14.3,7.3,28.4,4.0
2024-12-21 23:03:39.132346,quillota_centro,14.6,5.6,10.1,89.2,12.0,195.0,0.0,1010.7,88.2,365.1,8.1,13.6,7.3,25.6,3.0
2024-12-22 23:03:39.132346,quillota_centro,12.3,4.5,8.4,93.6,5.0,317.9,0.0,1010.2,80.2,623.9,7.2,12.3,6.6,1.7,4.5
2024-12-23 23:03:39.132346,quillota_centro,20.5,5.1,12.8,82.4,1.1,169.2,0.0,1017.9,62.2,840.1,9.6,15.7,12.0,60.7,5.9
2024-12-24 23:03:39.132346,quillota_centro,16.6,8.3,12.5,96.8,9.1,325.8,0.0,1010.1,81.1,391.6,11.9,16.7,10.1,70.8,3.4
2024-12-25 23:03:39.132346,quillota_centro,16.6,6.2,11.4,86.0,2.4,106.8,0.0,1013.3,99.1,517.6,8.9,14.7,10.2,44.2,3.0
2024-12-26 23:03:39.132346,quillota_centro,17.9,4.2,11.0,96.6,5.2,13.4,0.0,1003.9,100.0,337.4,10.4,15.2,9.2,61.9,3.1
2024-12-27 23:03:39.132346,quillota_centro,13.4,7.6,10.5,81.3,15.7,216.2,0.0,1019.4,55.1,498.9,7.1,13.3,7.3,40.4,7.4
2024-12-28 23:03:39.132346,quillota_centro,19.0,4.4,11.7,90.9,14.6,200.6,0.0,1007.3,80.7,567.0,10.0,15.3,8.6,49.8,3.8
2024-12-29 23:03:39.132346,quillota_centro,20.5,6.1,13.3,69.7,1.1,347.4,0.0,1017.2,72.5,506.1,7.8,15.0,12.5,43.1,1.5
2024-12-30 23:03:39.132346,quillota_centro,18.5,4.3,11.4,88.0,11.8,13.6,0.0,1021.5,76.8,715.3,9.2,14.8,8.7,58.2,3.6
2024-12-31 23:03:39.132346,quillota_centro,20.8,4.4,12.6,83.5,9.9,6.1,0.0,1020.6,80.8,368.9,9.6,15.6,10.1,70.9,5.3
2025-01-01 23:03:39.132346,quillota_centro,21.0,10.5,15.8,79.5,0.0,346.2,0.0,1010.6,40.6,770.6,12.0,18.4,15.8,6.2,6.2
2025-01-02 23:03:39.132346,quillota_centro,25.3,13.2,19.3,90.7,0.0,136.9,0.0,1012.5,52.7,640.0,17.6,22.9,19.3,52.5,7.4
2025-01-03 23:03:39.132346,quillota_centro,24.4,13.6,19.0,64.6,8.0,272.6,0.0,1019.9,89.6,392.1,12.6,20.3,16.8,61.7,5.9
2025-01-04 23:03:39.132346,quillota_centro,27.9,11.7,19.8,73.4,0.0,46.5,0.0,1017.3,56.8,737.6,15.0,21.9,19.8,32.6,6.7
2025-01-05 23:03:39.132346,quillota_centro,25.3,10.3,17.8,72.0,19.2,313.7,0.0,1012.0,58.3,561.6,12.7,19.8,14.3,43.5,6.1
2025-01-06 23:03:39.132346,quillota_centro,23.7,13.4,18.5,61.9,10.3,246.0,0.0,1027.7,45.4,764.0,11.6,19.6,15.9,28.2,6.2
2025-01-07 23:03:39.132346,quillota_centro,23.9,10.7,17.3,76.0,9.2,178.7,0.0,1025.9,69.2,593.4,13.0,19.7,14.9,26.4,6.6
2025-01-08 23:03:39.132346,quillota_centro,19.3,8.8,14.1,73.5,9.5,251.0,0.0,1014.4,40.7,695.1,9.2,16.2,11.6,36.9,8.0
2025-01-09 23:03:39.132346,quillota_centro,23.2,11.6,17.4,87.2,8.7,138.1,0.0,1013.4,56.9,675.1,15.1,20.8,15.0,51.3,6.5
2025-01-10 23:03:39.132346,quillota_centro,25.8,9.0,17.4,83.7,0.6,245.2,0.0,999.5,68.7,610.1,14.5,20.5,16.8,62.8,4.0
2025-01-11 23:03:39.132346,quillota_centro,23.1,15.3,19.2,57.7,5.7,21.4,0.0,1015.0,53.3,687.9,11.5,19.9,17.3,23.0,5.1
2025-01-12 23:03:39.132346,quillota_centro,23.2,12.6,17.9,76.1,7.9,189.6,0.0,1013.2,88.0,291.0,13.5,20.2,15.6,18.4,5.5
2025-01-13 23:03:39.132346,quillota_centro,23.3,8.2,15.7,95.1,0.0,329.3,0.0,1015.1,76.3,456.7,14.8,19.8,15.7,25.7,4.3
2025-01-14 23:03:39.132346,quillota_centro,19.0,9.1,14.0,77.4,6.7,334.9,0.0,1011.7,95.5,445.5,9.9,16.5,12.0,66.3,2.9
2025-01-15 23:03:39.132346,quillota_centro,26.5,10.0,18.2,70.1,3.2,195.2,0.0,1012.8,64.1,729.8,12.8,20.1,16.8,16.3,1.6
2025-01-16 23:03:39.132346,quillota_centro,20.9,10.1,15.5,54.3,12.9,37.6,0.0,995.3,63.1,678.6,7.2,15.9,12.6,21.9,7.4
2025-01-17 23:03:39.132346,quillota_centro,28.5,12.0,20.3,76.5,13.3,120.5,0.0,1029.1,97.0,414.7,16.0,22.6,17.3,14.2,2.1
2025-01-18 23:03:39.132346,quillota_centro,25.5,9.7,17.6,92.3,12.7,217.2,0.0,1006.3,42.7,700.5,16.2,21.4,14.8,45.2,6.5
2025-01-19 23:03:39.132346,quillota_centro,20.3,9.7,15.0,80.8,0.0,305.8,0.0,1012.2,67.4,630.1,11.5,17.8,15.0,19.3,3.9
2025-01-20 23:03:39.132346,quillota_centro,25.9,11.0,18.4,72.5,12.3,41.7,0.0,996.2,80.1,516.5,13.4,20.4,15.6,74.8,7.9
2025-01-21 23:03:39.132346,quillota_centro,22.3,10.9,16.6,71.6,9.0,308.9,0.0,1007.8,50.8,611.1,11.4,18.5,14.2,21.7,6.4
2025-01-22 23:03:39.132346,quillota_centro,28.4,7.3,17.9,78.8,12.4,135.5,0.0,995.5,90.1,587.2,14.0,20.5,15.1,26.7,3.7
2025-01-23 23:03:39.132346,quillota_centro,26.9,10.6,18.8,87.7,5.3,171.1,0.0,993.6,55.0,450.5,16.5,22.2,16.9,48.1,5.1
2025-01-24 23:03:39.132346,quillota_centro,24.8,9.2,17.0,66.9,8.6,204.2,0.0,1001.4,69.1,767.9,11.0,18.5,14.7,24.4,6.8
2025-01-25 23:03:39.132346,quillota_centro,23.4,10.8,17.1,56.8,5.6,333.8,0.0,1001.7,51.4,641.4,9.2,17.7,15.2,86.8,5.2
2025-01-26 23:03:39.132346,quillota_centro,26.8,12.9,19.8,75.8,1.5,6.1,0.0,1014.8,45.9,742.5,15.4,22.2,18.9,57.4,4.9
2025-01-27 23:03:39.132346,quillota_centro,21.7,8.9,15.3,94.4,0.0,301.4,0.0,1011.0,63.4,554.8,14.3,19.3,15.3,23.3,6.3
2025-01-28 23:03:39.132346,quillota_centro,28.6,10.6,19.6,60.1,0.0,201.7,0.0,1008.8,34.2,753.9,12.4,20.5,19.6,50.5,9.5
2025-01-29 23:03:39.132346,quillota_centro,26.8,11.5,19.2,69.0,5.2,229.8,0.0,1014.2,25.9,829.9,13.5,20.9,17.4,0.0,7.6
2025-01-30 23:03:39.132346,quillota_centro,25.4,11.5,18.4,72.6,4.9,208.0,0.0,1015.7,55.0,614.7,13.4,20.4,16.6,59.2,7.0
2025-01-31 23:03:39.132346,quillota_centro,30.2,12.2,21.2,56.8,8.2,349.3,0.0,1015.4,45.9,615.0,13.3,21.8,18.9,37.4,4.8
2025-02-01 23:03:39.132346,quillota_centro,34.8,15.6,25.2,57.3,3.9,22.4,0.0,1022.0,44.6,485.0,17.4,25.8,23.6,7.8,5.6
2025-02-02 23:03:39.132346,quillota_centro,25.4,16.8,21.1,98.0,0.0,255.8,0.0,1003.5,64.7,684.9,20.7,25.4,21.1,7.9,4.6
2025-02-03 23:03:39.132346,quillota_centro,25.4,19.5,22.5,60.1,12.3,311.5,0.0,1039.5,49.5,829.3,15.2,23.4,19.7,2.9,5.4
2025-02-04 23:03:39.132346,quillota_centro,25.8,12.5,19.2,65.7,4.2,74.9,0.0,1005.7,56.1,465.3,12.9,20.6,17.5,52.5,5.8
2025-02-05 23:03:39.132346,quillota_centro,32.5,14.5,23.5,58.5,10.3,283.7,0.0,1018.0,40.6,722.3,16.0,24.3,20.9,43.7,6.4
2025-02-06 23:03:39.132346,quillota_centro,30.5,14.3,22.4,79.4,0.0,151.8,0.0,1005.5,62.5,602.9,18.7,25.1,22.4,78.9,5.2
2025-02-07 23:03:39.132346,quillota_centro,29.4,14.1,21.8,75.6,1.9,161.3,0.0,1006.8,64.5,705.8,17.3,24.1,20.7,66.1,7.1
2025-02-08 23:03:39.132346,quillota_centro,29.3,14.4,21.9,51.8,1.3,290.3,0.0,1034.7,35.6,687.2,13.1,22.0,21.0,32.0,7.0
2025-02-09 23:03:39.132346,quillota_centro,30.1,12.0,21.1,41.9,14.4,300.5,0.0,1001.0,39.1,681.8,10.5,20.3,18.0,29.5,7.5
2025-02-10 23:03:39.132346,quillota_centro,34.1,16.3,25.2,49.1,1.7,203.3,0.0,1029.9,26.7,573.6,16.0,25.1,24.2,32.8,7.1
2025-02-11 23:03:39.132346,quillota_centro,26.5,13.8,20.2,87.7,15.1,345.6,0.0,1005.8,95.7,487.9,17.9,23.6,17.0,27.4,2.4
2025-02-12 23:03:39.132346,quillota_centro,24.6,16.1,20.4,68.1,4.4,227.0,0.0,1007.1,62.3,801.7,14.6,22.0,18.7,0.0,3.8
2025-02-13 23:03:39.132346,quillota_centro,29.7,15.0,22.3,71.9,9.1,145.1,0.0,1025.3,49.1,671.7,17.2,24.3,19.9,43.3,7.1
2025-02-14 23:03:39.132346,quillota_centro,27.6,14.0,20.8,69.2,0.0,187.8,0.0,1022.3,57.4,617.1,15.2,22.5,20.8,25.4,5.8
2025-02-15 23:03:39.132346,quillota_centro,27.4,15.7,21.6,41.8,19.3,36.6,0.0,983.9,50.4,624.8,11.0,20.8,18.1,45.2,5.7
2025-02-16 23:03:39.132346,quillota_centro,30.6,11.6,21.1,65.1,11.8,321.7,0.0,1028.4,53.5,458.2,14.8,22.5,18.4,61.3,6.8
2025-02-17 23:03:39.132346,quillota_centro,27.2,13.3,20.2,78.0,0.0,298.5,0.0,1004.3,76.8,503.6,16.2,22.7,20.2,44.4,6.8
2025-02-18 23:03:39.132346,quillota_centro,23.2,19.1,21.1,73.8,9.4,135.4,0.0,1004.9,79.4,627.0,16.4,23.3,18.7,55.8,6.7
2025-02-19 23:03:39.132346,quillota_centro,27.2,15.4,21.3,80.5,4.8,57.9,0.0,1007.6,57.7,744.6,17.7,24.0,19.5,39.5,8.0
2025-02-20 23:03:39.132346,quillota_centro,28.5,13.4,20.9,77.5,2.9,10.5,0.0,1001.1,83.0,588.9,16.8,23.4,19.6,36.6,3.1
2025-02-21 23:03:39.132346,quillota_centro,26.1,13.3,19.7,73.3,7.9,262.8,0.0,1000.1,53.8,622.5,14.8,21.8,17.5,51.1,3.7
2025-02-22 23:03:39.132346,quillota_centro,25.9,14.9,20.4,59.6,5.5,273.0,0.0,1017.5,54.8,737.8,13.0,21.2,18.5,44.9,4.3
2025-02-23 23:03:39.132346,quillota_centro,26.3,12.1,19.2,88.9,6.3,64.4,0.0,1021.3,67.8,723.9,17.2,22.7,17.2,60.7,3.5
2025-02-24 23:03:39.132346,quillota_centro,32.3,16.5,24.4,61.3,12.9,32.1,0.0,1027.9,65.2,806.8,17.3,25.4,21.5,63.3,9.2
2025-02-25 23:03:39.132346,quillota_centro,23.9,13.2,18.5,64.2,10.9,111.6,0.0,1012.7,55.4,586.7,12.0,19.8,15.9,50.7,6.4
2025-02-26 23:03:39.132346,quillota_centro,28.2,12.7,20.5,57.4,5.9,220.0,0.0,1015.0,63.6,671.9,12.7,21.1,18.5,37.8,3.7
2025-02-27 23:03:39.132346,quillota_centro,32.8,15.9,24.4,59.6,8.4,171.0,0.0,999.0,29.6,762.4,17.0,25.2,22.1,51.6,8.0
2025-02-28 23:03:39.132346,quillota_centro,31.7,16.7,24.2,75.2,13.7,164.0,0.0,1023.3,64.2,499.3,19.7,26.4,21.2,42.2,6.8
2025-03-01 23:03:39.132346,quillota_centro,33.9,15.2,24.5,60.6,8.3,267.7,0.0,1012.9,33.3,790.4,17.4,25.5,22.2,36.1,8.2
2025-03-02 23:03:39.132346,quillota_centro,31.9,18.4,25.2,54.9,4.6,66.1,0.0,1009.6,60.4,537.6,17.0,25.6,23.5,31.6,6.0
2025-03-03 23:03:39.132346,quillota_centro,32.5,19.3,25.9,43.0,6.7,66.6,0.0,1022.9,28.1,781.1,15.5,25.3,23.8,33.8,9.2
2025-03-04 23:03:39.132346,quillota_centro,35.9,19.0,27.4,41.6,2.3,109.6,0.0,1006.6,25.2,789.2,16.8,26.7,26.2,44.4,6.1
2025-03-05 23:03:39.132346,quillota_centro,37.0,16.0,26.5,60.4,5.4,192.4,0.0,1012.1,35.1,742.0,19.3,27.4,24.6,56.5,9.6
2025-03-06 23:03:39.132346,quillota_centro,30.8,20.7,25.7,64.1,9.8,311.0,0.0,1014.2,85.8,523.5,19.2,27.0,23.2,21.0,5.4
2025-03-07 23:03:39.132346,quillota_centro,29.5,16.4,23.0,52.0,7.7,7.8,4.4,1014.6,42.9,791.5,14.2,23.1,20.7,81.8,7.8
2025-03-08 23:03:39.132346,quillota_centro,35.6,18.3,27.0,51.2,5.0,187.0,0.0,990.2,61.6,587.7,18.1,27.1,25.2,23.9,7.2
2025-03-09 23:03:39.132346,quillota_centro,30.2,18.9,24.5,60.0,9.3,338.6,0.0,1023.1,65.6,757.0,17.3,25.4,22.1,14.6,4.0
2025-03-10 23:03:39.132346,quillota_centro,26.3,17.6,21.9,58.4,8.7,292.4,0.0,1019.5,43.6,724.6,14.4,22.7,19.6,39.9,7.1
2025-03-11 23:03:39.132346,quillota_centro,29.9,16.4,23.1,50.6,0.0,80.7,0.0,1014.0,65.5,535.0,14.1,23.2,23.1,41.5,6.6
2025-03-12 23:03:39.132346,quillota_centro,25.3,15.4,20.3,72.6,0.1,80.2,0.0,1002.8,40.0,746.7,15.4,22.4,20.1,1.9,5.0
2025-03-13 23:03:39.132346,quillota_centro,31.3,16.2,23.7,59.5,10.9,291.9,0.0,1041.2,33.8,679.9,16.4,24.6,21.1,35.8,7.6
2025-03-14 23:03:39.132346,quillota_centro,34.3,18.3,26.3,70.6,12.5,115.6,0.0,1022.2,56.4,743.1,20.9,28.1,23.5,94.0,4.5
2025-03-15 23:03:39.132346,quillota_centro,33.4,20.9,27.2,52.2,0.0,261.8,0.0,1004.9,60.3,726.5,18.5,27.4,27.2,83.5,6.6
2025-03-16 23:03:39.132346,quillota_centro,31.9,17.6,24.8,54.0,18.9,229.9,0.0,1012.0,34.8,746.1,16.4,25.1,21.3,58.9,9.2
2025-03-17 23:03:39.132346,quillota_centro,30.0,15.9,22.9,77.2,5.0,330.8,0.0,1009.8,65.4,540.5,18.8,25.4,21.1,43.8,4.5
2025-03-18 23:03:39.132346,quillota_centro,32.0,15.3,23.6,79.9,7.6,347.7,0.0,1015.5,89.4,524.6,20.0,26.3,21.4,70.9,3.0
2025-03-19 23:03:39.132346,quillota_centro,32.3,18.1,25.2,57.6,5.6,38.2,0.0,1009.1,72.6,771.5,17.5,25.9,23.3,54.2,4.2
2025-03-20 23:03:39.132346,quillota_centro,29.4,16.0,22.7,75.2,5.0,14.7,0.0,1004.4,57.8,479.8,18.2,25.0,20.9,73.7,4.2
2025-03-21 23:03:39.132346,quillota_centro,30.8,17.8,24.3,48.7,0.9,245.8,0.0,1018.6,36.8,935.7,15.0,24.2,23.5,14.2,4.9
2025-03-22 23:03:39.132346,quillota_centro,31.5,19.9,25.7,53.4,5.6,19.7,0.0,1019.4,35.6,970.4,17.2,26.0,23.8,82.7,3.9
2025-03-23 23:03:39.132346,quillota_centro,31.5,15.1,23.3,63.4,2.0,215.0,0.0,1017.9,67.1,497.9,16.6,24.5,22.1,19.7,5.2
2025-03-24 23:03:39.132346,quillota_centro,30.9,17.5,24.2,40.5,3.8,34.7,0.0,1022.6,41.7,625.3,13.4,23.4,22.7,75.1,6.2
2025-03-25 23:03:39.132346,quillota_centro,30.4,16.8,23.6,53.8,0.0,199.5,1.2,994.1,40.4,735.1,15.2,23.9,23.6,23.4,8.8
2025-03-26 23:03:39.132346,quillota_centro,34.8,16.5,25.6,59.4,2.4,68.3,0.0,1026.9,43.7,764.5,18.3,26.5,24.4,48.3,5.7
2025-03-27 23:03:39.132346,quillota_centro,32.2,18.2,25.2,64.3,3.0,293.2,0.0,1006.6,69.4,486.7,18.7,26.5,23.8,49.4,7.2
2025-03-28 23:03:39.132346,quillota_centro,32.1,17.7,24.9,70.2,7.9,245.3,0.0,1019.1,83.9,541.5,19.4,26.7,22.6,28.2,2.1
2025-03-29 23:03:39.132346,quillota_centro,28.8,18.7,23.7,71.2,7.1,341.4,0.0,1009.4,76.4,479.5,18.5,25.6,21.6,27.9,6.3
2025-03-30 23:03:39.132346,quillota_centro,32.2,15.5,23.8,60.8,9.2,164.8,0.0,1017.9,51.9,768.0,16.7,24.8,21.4,57.8,6.2
2025-03-31 23:03:39.132346,quillota_centro,32.5,18.7,25.6,69.4,0.3,10.7,0.0,1038.6,49.8,556.4,20.0,27.3,25.2,110.7,4.6
2025-04-01 23:03:39.132346,quillota_centro,30.8,18.2,24.5,44.6,2.1,66.1,0.0,1008.7,40.8,652.2,14.4,24.0,23.3,47.3,7.1
2025-04-02 23:03:39.132346,quillota_centro,33.3,16.0,24.6,58.9,8.8,86.5,0.0,1020.8,63.8,516.7,17.2,25.4,22.3,38.2,5.2
2025-04-03 23:03:39.132346,quillota_centro,37.0,20.8,28.9,57.1,4.9,324.5,0.0,1008.3,40.1,740.3,21.1,29.5,27.1,72.0,9.9
2025-04-04 23:03:39.132346,quillota_centro,32.4,16.7,24.6,54.2,1.2,190.3,2.9,1006.6,71.8,556.7,16.2,24.9,23.7,78.0,4.9
2025-04-05 23:03:39.132346,quillota_centro,32.6,17.2,24.9,57.9,17.9,353.4,16.4,1012.6,78.9,589.5,17.3,25.6,21.5,37.5,5.1
2025-04-06 23:03:39.132346,quillota_centro,33.0,18.0,25.5,59.5,14.3,160.6,0.0,1022.7,49.9,721.8,18.1,26.3,22.5,31.1,5.9
2025-04-07 23:03:39.132346,quillota_centro,31.7,18.6,25.2,51.6,8.7,255.1,0.0,996.4,50.0,705.8,16.4,25.3,22.8,12.3,4.4
2025-04-08 23:03:39.132346,quillota_centro,28.9,19.1,24.0,86.0,9.8,156.4,0.0,1021.9,78.2,641.8,21.4,27.2,21.5,10.8,4.8
2025-04-09 23:03:39.132346,quillota_centro,31.3,19.1,25.2,41.0,3.3,90.4,2.6,1024.7,68.1,663.7,14.5,24.4,23.8,62.1,9.0
2025-04-10 23:03:39.132346,quillota_centro,36.6,18.0,27.3,60.9,3.6,93.4,0.0,1013.5,54.3,840.0,20.2,28.3,25.8,75.1,6.8
2025-04-11 23:03:39.132346,quillota_centro,28.5,20.4,24.5,60.3,0.7,230.1,0.0,1011.9,54.0,783.7,17.2,25.4,23.8,14.4,7.4
2025-04-12 23:03:39.132346,quillota_centro,37.1,16.6,26.9,64.2,0.0,311.8,0.0,1017.5,82.1,473.1,20.3,28.1,26.9,39.3,0.9
2025-04-13 23:03:39.132346,quillota_centro,35.5,18.3,26.9,57.1,3.6,326.7,0.0,996.2,44.9,583.5,19.1,27.5,25.3,74.6,4.3
2025-04-14 23:03:39.132346,quillota_centro,33.4,16.0,24.7,55.5,8.7,194.8,0.0,1006.0,37.0,864.1,16.6,25.2,22.3,28.8,7.7
2025-04-15 23:03:39.132346,quillota_centro,29.3,18.4,23.9,58.3,0.0,2.1,0.0,1030.9,10.6,760.5,16.3,24.6,23.9,63.5,8.1
2025-04-16 23:03:39.132346,quillota_centro,31.9,18.8,25.4,70.1,5.0,43.6,0.0,1005.2,36.4,654.7,19.9,27.2,23.6,27.0,5.3
2025-04-17 23:03:39.132346,quillota_centro,25.7,19.0,22.4,63.1,7.7,115.9,0.0,1012.6,57.0,507.1,15.7,23.6,20.2,0.0,6.9
2025-04-18 23:03:39.132346,quillota_centro,32.7,18.8,25.7,52.2,11.7,11.9,2.2,1002.1,31.3,881.3,17.0,25.9,23.0,32.9,7.5
2025-04-19 23:03:39.132346,quillota_centro,32.5,16.6,24.6,50.2,4.3,127.7,3.3,1017.7,43.6,581.9,15.5,24.6,22.9,62.3,7.2
2025-04-20 23:03:39.132346,quillota_centro,37.9,16.6,27.3,64.2,8.6,59.2,0.0,1011.8,22.7,802.1,20.8,28.6,24.9,99.0,5.2
2025-04-21 23:03:39.132346,quillota_centro,32.3,18.2,25.3,77.9,0.0,119.0,5.4,1028.8,100.0,399.4,21.3,27.8,25.3,70.9,3.8
2025-04-22 23:03:39.132346,quillota_centro,30.9,20.7,25.8,70.0,9.9,36.8,0.0,988.3,99.5,683.8,20.4,27.6,23.3,47.9,3.7
2025-04-23 23:03:39.132346,quillota_centro,36.5,16.4,26.4,51.0,5.5,212.8,2.2,1028.5,40.5,768.5,17.5,26.5,24.6,57.5,6.3
2025-04-24 23:03:39.132346,quillota_centro,31.6,16.6,24.1,64.2,11.3,292.0,0.0,1003.6,63.5,473.0,17.6,25.3,21.4,78.9,4.4
2025-04-25 23:03:39.132346,quillota_centro,37.7,19.1,28.4,40.8,1.6,33.6,0.0,999.2,40.2,572.2,17.6,27.5,27.3,60.5,7.4
2025-04-26 23:03:39.132346,quillota_centro,36.2,17.3,26.8,53.4,0.0,128.7,0.0,1003.9,37.1,766.7,18.3,27.1,26.8,44.6,5.6
2025-04-27 23:03:39.132346,quillota_centro,26.8,17.6,22.2,65.5,6.0,176.2,0.0,1020.4,44.7,556.6,15.9,23.6,20.2,40.6,6.8
2025-04-28 23:03:39.132346,quillota_centro,33.8,16.5,25.1,75.6,2.2,128.9,0.0,1013.8,42.9,606.9,20.7,27.4,23.9,16.5,6.6
2025-04-29 23:03:39.132346,quillota_centro,33.3,19.4,26.4,65.8,4.9,33.8,2.0,1017.3,54.7,478.5,20.1,27.8,24.6,17.2,7.0
2025-04-30 23:03:39.132346,quillota_centro,32.8,19.9,26.4,60.3,3.3,47.4,0.0,1004.5,61.6,627.7,19.2,27.3,24.9,37.5,4.3
2025-05-01 23:03:39.132346,quillota_centro,30.1,16.6,23.4,70.9,5.1,134.2,13.3,1001.8,78.7,587.8,18.1,25.2,21.6,84.4,4.1
2025-05-02 23:03:39.132346,quillota_centro,29.3,16.8,23.1,66.2,11.2,170.4,6.1,1019.8,100.0,474.5,16.9,24.5,20.4,70.2,4.4
2025-05-03 23:03:39.132346,quillota_centro,31.4,15.2,23.3,62.1,0.0,54.4,0.0,1032.8,68.3,692.0,16.4,24.4,23.3,75.2,4.7
2025-05-04 23:03:39.132346,quillota_centro,29.1,17.8,23.4,54.1,6.7,54.6,0.0,1022.0,76.0,218.7,15.1,23.8,21.4,62.8,4.7
2025-05-05 23:03:39.132346,quillota_centro,32.5,15.3,23.9,80.5,7.6,288.3,0.0,1006.5,77.0,483.3,20.4,26.7,21.7,42.2,3.6
2025-05-06 23:03:39.132346,quillota_centro,33.7,13.5,23.6,50.8,9.3,280.5,0.0,1031.2,70.3,518.3,14.7,23.7,21.2,7.9,5.7
2025-05-07 23:03:39.132346,quillota_centro,31.9,17.8,24.8,36.7,8.3,54.6,0.0,1006.6,49.7,519.2,13.3,23.6,22.5,44.7,7.5
2025-05-08 23:03:39.132346,quillota_centro,29.9,18.7,24.3,59.9,20.0,345.9,5.4,1022.4,98.5,540.1,17.0,25.2,20.7,51.2,3.0
2025-05-09 23:03:39.132346,quillota_centro,31.1,17.8,24.5,63.1,8.1,95.2,0.0,1020.6,49.0,759.6,17.8,25.6,22.2,77.8,6.3
2025-05-10 23:03:39.132346,quillota_centro,30.3,18.3,24.3,69.8,4.2,359.0,0.0,1015.8,53.5,602.6,18.8,26.1,22.6,35.0,7.3
2025-05-11 23:03:39.132346,quillota_centro,31.5,13.7,22.6,78.0,9.5,134.2,0.0,1009.5,65.0,548.6,18.6,25.1,20.1,68.6,7.5
2025-05-12 23:03:39.132346,quillota_centro,26.3,14.9,20.6,70.4,0.0,165.9,0.0,1012.7,67.6,654.5,15.2,22.4,20.6,13.7,4.2
2025-05-13 23:03:39.132346,quillota_centro,30.1,21.3,25.7,48.8,9.6,352.8,2.1,1012.8,25.9,741.1,16.4,25.6,23.2,73.2,8.0
2025-05-14 23:03:39.132346,quillota_centro,31.1,19.3,25.2,36.5,6.5,332.8,0.0,1013.9,47.1,764.0,13.7,24.0,23.2,39.2,5.5
2025-05-15 23:03:39.132346,quillota_centro,35.6,19.1,27.4,51.6,4.6,139.4,0.0,1009.8,34.2,775.5,18.6,27.5,25.6,4.8,10.5
2025-05-16 23:03:39.132346,quillota_centro,29.3,16.0,22.7,59.0,4.3,118.8,0.0,1013.6,75.9,444.9,15.2,23.5,21.0,92.5,6.3
2025-05-17 23:03:39.132346,quillota_centro,30.7,16.1,23.4,49.9,4.5,256.3,0.0,1005.2,0.4,845.1,14.3,23.4,21.7,55.2,9.1
2025-05-18 23:03:39.132346,quillota_centro,28.5,17.8,23.2,67.9,8.7,339.1,0.0,1018.1,50.5,594.4,17.3,24.8,20.8,41.3,8.3
2025-05-19 23:03:39.132346,quillota_centro,32.8,15.8,24.3,74.5,0.0,253.6,8.3,1021.6,97.7,589.2,19.7,26.5,24.3,38.5,3.1
2025-05-20 23:03:39.132346,quillota_centro,36.7,19.6,28.2,27.9,5.6,238.0,0.0,1020.4,45.9,561.5,15.1,26.2,26.3,35.8,7.2
2025-05-21 23:03:39.132346,quillota_centro,32.0,17.2,24.6,55.6,5.7,264.8,0.0,1018.0,44.2,652.3,16.5,25.1,22.7,70.4,7.6
2025-05-22 23:03:39.132346,quillota_centro,30.1,16.8,23.4,56.8,8.8,47.4,0.0,1001.3,30.1,798.8,15.6,24.1,21.1,12.2,6.1
2025-05-23 23:03:39.132346,quillota_centro,32.3,18.9,25.6,70.8,9.4,317.6,7.7,1005.3,100.0,344.2,20.3,27.5,23.1,14.1,3.7
2025-05-24 23:03:39.132346,quillota_centro,32.7,19.3,26.0,59.0,1.6,278.9,0.0,1013.3,27.5,813.3,18.5,26.8,25.0,73.6,8.4
2025-05-25 23:03:39.132346,quillota_centro,31.8,15.3,23.6,61.8,4.3,342.9,2.5,1019.9,52.2,842.6,16.6,24.6,21.9,77.8,7.3
2025-05-26 23:03:39.132346,quillota_centro,29.2,18.4,23.8,43.9,0.0,296.8,0.0,1009.8,14.4,740.0,13.6,23.2,23.8,45.3,8.8
2025-05-27 23:03:39.132346,quillota_centro,28.9,16.8,22.8,58.5,7.1,182.6,0.0,1018.0,46.7,487.4,15.3,23.6,20.7,32.3,5.6
2025-05-28 23:03:39.132346,quillota_centro,32.8,17.4,25.1,75.3,11.4,311.7,0.0,1009.9,96.6,539.9,20.6,27.4,22.4,62.9,3.4
2025-05-29 23:03:39.132346,quillota_centro,35.3,12.7,24.0,60.9,8.4,11.7,6.1,1012.2,65.2,419.8,16.9,25.0,21.7,74.6,5.6
2025-05-30 23:03:39.132346,quillota_centro,32.0,17.3,24.6,70.6,12.4,173.7,5.8,1014.5,87.4,394.0,19.3,26.5,21.8,49.6,6.6
2025-05-31 23:03:39.132346,quillota_centro,34.6,19.6,27.1,49.3,14.2,150.0,0.0,997.7,57.6,569.9,17.9,27.0,24.1,31.8,8.3
2025-06-01 23:03:39.132346,quillota_centro,29.6,14.7,22.1,74.1,7.2,45.0,0.0,1010.8,72.4,633.0,17.4,24.3,20.0,56.7,5.5
2025-06-02 23:03:39.132346,quillota_centro,28.6,11.1,19.8,55.0,18.8,327.3,0.0,1028.9,58.7,333.0,11.7,20.3,16.4,86.2,5.0
2025-06-03 23:03:39.132346,quillota_centro,30.8,10.9,20.9,55.5,2.4,76.1,1.4,1018.1,49.9,656.3,12.8,21.3,19.6,55.6,7.3
2025-06-04 23:03:39.132346,quillota_centro,29.2,11.0,20.1,54.6,9.6,47.7,10.2,1014.4,100.0,505.3,11.9,20.5,17.6,56.3,2.9
2025-06-05 23:03:39.132346,quillota_centro,28.6,16.7,22.7,60.0,3.1,81.5,0.0,997.1,36.7,556.7,15.4,23.6,21.2,25.5,7.5
2025-06-06 23:03:39.132346,quillota_centro,28.3,14.2,21.2,57.4,8.7,145.7,0.0,1008.8,28.0,718.4,13.5,21.9,18.9,36.5,5.7
2025-06-07 23:03:39.132346,quillota_centro,29.4,14.5,21.9,63.6,5.0,58.9,8.1,997.8,76.6,378.6,15.3,23.2,20.1,48.1,5.2
2025-06-08 23:03:39.132346,quillota_centro,31.2,14.7,23.0,68.7,9.3,233.9,0.9,1001.5,42.9,598.3,17.3,24.6,20.5,54.7,6.0
2025-06-09 23:03:39.132346,quillota_centro,28.2,14.1,21.2,72.1,7.8,285.1,2.3,994.7,57.0,705.5,16.1,23.2,18.9,77.5,5.1
2025-06-10 23:03:39.132346,quillota_centro,26.4,10.9,18.7,87.4,8.0,55.3,11.4,1014.3,85.0,502.6,16.4,22.0,16.4,37.6,7.3
2025-06-11 23:03:39.132346,quillota_centro,29.0,16.0,22.5,62.3,12.7,150.6,0.0,996.4,40.8,868.3,15.6,23.6,19.6,64.6,6.4
2025-06-12 23:03:39.132346,quillota_centro,28.8,14.1,21.5,73.6,10.0,32.1,3.3,1003.6,87.2,527.0,16.7,23.6,18.9,28.8,3.5
2025-06-13 23:03:39.132346,quillota_centro,30.7,13.5,22.1,78.9,3.4,255.6,0.0,998.2,56.2,630.3,18.3,24.7,20.6,9.2,6.4
2025-06-14 23:03:39.132346,quillota_centro,28.3,17.4,22.9,52.1,7.2,114.0,0.0,1010.4,53.1,802.9,14.2,23.1,20.7,68.2,6.4
2025-06-15 23:03:39.132346,quillota_centro,30.0,11.7,20.8,69.5,11.7,339.3,0.0,1023.9,47.6,543.5,15.3,22.6,18.1,40.8,4.8
2025-06-16 23:03:39.132346,quillota_centro,24.0,11.8,17.9,63.8,3.9,346.4,15.3,1030.4,100.0,458.2,11.3,19.1,16.3,42.3,6.4
2025-06-17 23:03:39.132346,quillota_centro,29.9,13.7,21.8,66.5,1.5,264.7,0.0,997.5,67.4,459.2,15.7,23.3,20.8,64.8,6.5
2025-06-18 23:03:39.132346,quillota_centro,30.2,13.0,21.6,67.7,13.1,213.4,0.0,1015.3,74.9,634.6,15.7,23.2,18.7,89.0,5.0
2025-06-19 23:03:39.132346,quillota_centro,27.1,15.4,21.3,75.0,18.1,220.3,0.0,1023.3,58.5,759.1,16.7,23.5,17.9,44.6,3.9
2025-06-20 23:03:39.132346,quillota_centro,27.6,14.5,21.0,73.8,4.3,8.4,0.0,1023.8,18.7,733.5,16.3,23.2,19.4,58.9,7.3
2025-06-21 23:03:39.132346,quillota_centro,29.1,14.2,21.7,84.7,4.8,43.9,2.5,1015.0,100.0,350.0,18.9,24.8,19.9,52.3,1.0
2025-06-22 23:03:39.132346,quillota_centro,26.4,14.6,20.5,65.0,14.6,156.7,0.0,1018.2,54.6,664.3,14.1,21.8,17.4,27.0,5.1
2025-06-23 23:03:39.132346,quillota_centro,29.8,15.7,22.8,67.6,8.2,186.3,7.3,1009.1,82.2,471.7,16.9,24.3,20.5,47.5,6.8
2025-06-24 23:03:39.132346,quillota_centro,28.4,16.1,22.2,78.8,11.4,209.9,0.0,1037.5,72.0,613.6,18.4,24.8,19.5,30.6,6.4
2025-06-25 23:03:39.132346,quillota_centro,28.3,15.0,21.6,69.3,10.1,252.2,16.6,1003.1,97.7,236.3,16.1,23.4,19.1,50.3,2.2
2025-06-26 23:03:39.132346,quillota_centro,27.4,13.5,20.5,78.7,9.4,86.9,0.0,1021.7,77.6,469.7,16.6,23.0,18.0,52.0,5.9
2025-06-27 23:03:39.132346,quillota_centro,25.6,13.7,19.6,82.2,9.0,206.5,0.0,1010.7,97.4,380.4,16.4,22.5,17.2,52.3,3.9
2025-06-28 23:03:39.132346,quillota_centro,29.7,13.7,21.7,52.5,16.7,159.1,0.0,1033.0,47.5,679.6,13.1,22.0,18.5,41.1,6.1
2025-06-29 23:03:39.132346,quillota_centro,28.8,17.2,23.0,80.8,6.3,204.9,0.0,1008.0,43.7,704.8,19.5,25.7,21.0,69.5,6.7
2025-06-30 23:03:39.132346,quillota_centro,31.8,16.2,24.0,61.3,8.1,51.3,4.0,1014.2,48.0,740.2,16.9,25.0,21.7,34.7,8.3
2025-07-01 23:03:39.132346,quillota_centro,24.7,12.5,18.6,64.9,11.5,5.3,5.0,1018.1,100.0,584.6,12.2,19.9,15.9,83.6,0.0
2025-07-02 23:03:39.132346,quillota_centro,20.2,6.3,13.3,75.4,17.1,198.9,0.0,999.9,63.7,611.3,8.8,15.5,9.9,33.2,5.0
2025-07-03 23:03:39.132346,quillota_centro,28.2,13.4,20.8,50.1,7.5,267.5,0.0,1033.7,8.3,856.5,11.7,20.8,18.6,43.9,8.6
2025-07-04 23:03:39.132346,quillota_centro,27.3,10.4,18.8,79.8,11.3,282.2,0.3,1018.6,13.2,741.2,15.2,21.5,16.2,49.3,7.4
2025-07-05 23:03:39.132346,quillota_centro,23.5,8.4,16.0,74.3,11.2,348.8,4.0,1014.0,96.2,473.0,11.3,18.1,13.3,40.0,4.3
2025-07-06 23:03:39.132346,quillota_centro,27.3,7.7,17.5,74.0,5.1,49.2,0.0,1011.3,69.9,467.6,12.8,19.7,15.7,76.9,6.2
2025-07-07 23:03:39.132346,quillota_centro,19.4,9.6,14.5,66.8,12.2,283.8,0.0,1013.0,29.2,746.8,8.4,16.0,11.7,95.2,7.1
2025-07-08 23:03:39.132346,quillota_centro,24.1,9.9,17.0,60.8,15.7,108.2,10.3,1014.0,100.0,462.4,9.9,18.0,13.8,67.1,4.7
2025-07-09 23:03:39.132346,quillota_centro,27.2,10.3,18.8,57.8,11.8,81.4,0.0,1012.0,70.7,538.4,11.1,19.5,16.0,52.0,5.4
2025-07-10 23:03:39.132346,quillota_centro,23.6,13.8,18.7,55.2,15.2,24.1,2.3,1016.4,50.2,717.5,10.6,19.2,15.6,64.9,7.2
2025-07-11 23:03:39.132346,quillota_centro,26.3,11.7,19.0,76.1,4.2,221.6,0.0,1000.4,60.2,582.1,14.7,21.4,17.4,20.4,5.4
2025-07-12 23:03:39.132346,quillota_centro,25.3,9.6,17.4,79.2,7.9,244.4,0.5,1019.8,57.3,731.4,13.6,20.1,15.2,60.4,6.5
2025-07-13 23:03:39.132346,quillota_centro,24.8,12.4,18.6,57.2,16.1,149.0,0.0,1036.0,5.4,839.9,10.8,19.3,15.4,22.4,8.7
2025-07-14 23:03:39.132346,quillota_centro,23.9,11.5,17.7,60.6,13.8,280.1,0.0,1022.8,66.1,584.8,10.5,18.6,14.7,25.7,4.8
2025-07-15 23:03:39.132346,quillota_centro,26.8,7.0,16.9,79.6,19.1,160.7,0.0,1008.2,80.4,397.1,13.2,19.6,13.4,57.5,7.0
2025-07-16 23:03:39.132346,quillota_centro,23.7,6.4,15.1,76.2,14.1,172.7,0.0,1008.7,49.8,644.6,10.7,17.4,12.1,82.9,5.6
2025-07-17 23:03:39.132346,quillota_centro,28.4,5.6,17.0,60.2,6.7,275.7,0.0,1014.6,54.6,555.0,9.7,17.9,14.9,69.9,7.8
2025-07-18 23:03:39.132346,quillota_centro,22.6,9.3,15.9,72.0,0.0,152.9,0.0,1006.3,64.1,807.8,10.8,17.9,15.9,65.4,5.8
2025-07-19 23:03:39.132346,quillota_centro,19.8,11.4,15.6,83.5,7.8,229.6,4.1,1000.3,91.6,477.6,12.6,18.6,13.4,83.2,3.0
2025-07-20 23:03:39.132346,quillota_centro,24.2,12.7,18.4,65.8,3.5,89.0,0.0,1013.8,30.1,698.2,12.2,19.9,17.0,26.4,6.4
2025-07-21 23:03:39.132346,quillota_centro,22.7,10.6,16.7,85.7,13.8,226.8,6.2,1021.2,92.5,670.2,14.1,19.9,13.7,52.0,3.8
2025-07-22 23:03:39.132346,quillota_centro,23.1,10.0,16.5,75.6,10.0,305.1,0.0,1006.9,55.4,811.7,12.1,18.8,14.0,82.5,6.0
2025-07-23 23:03:39.132346,quillota_centro,23.6,10.9,17.3,72.5,13.2,174.8,0.5,1017.4,60.1,667.8,12.3,19.3,14.4,41.3,7.1
2025-07-24 23:03:39.132346,quillota_centro,31.7,11.7,21.7,56.9,18.2,78.2,0.0,1023.1,30.3,695.0,13.9,22.3,18.3,59.9,7.8
2025-07-25 23:03:39.132346,quillota_centro,26.8,11.0,18.9,66.9,20.2,73.6,2.5,1011.5,52.9,583.6,12.9,20.4,15.3,102.1,6.4
2025-07-26 23:03:39.132346,quillota_centro,20.5,12.5,16.5,77.8,15.0,20.9,0.0,1011.3,57.7,618.8,12.5,19.0,13.4,0.0,5.2
2025-07-27 23:03:39.132346,quillota_centro,24.3,10.4,17.3,58.6,4.3,133.4,0.0,1013.0,75.0,616.2,9.8,18.1,15.7,32.4,7.8
2025-07-28 23:03:39.132346,quillota_centro,26.8,9.1,17.9,95.1,22.4,117.6,0.0,985.7,88.8,456.4,17.1,22.0,14.2,59.7,3.2
2025-07-29 23:03:39.132346,quillota_centro,24.9,10.0,17.5,67.7,2.6,124.5,0.2,1004.9,68.4,524.6,11.6,19.1,16.2,59.0,2.7
2025-07-30 23:03:39.132346,quillota_centro,25.9,12.2,19.1,66.1,10.2,106.7,0.0,1015.9,63.6,643.5,12.9,20.5,16.5,0.0,5.9
2025-07-31 23:03:39.132346,quillota_centro,19.9,9.6,14.7,80.9,13.9,192.7,4.1,1012.2,94.4,409.2,11.3,17.5,11.8,22.1,3.6
2025-08-01 23:03:39.132346,quillota_centro,21.3,7.7,14.5,84.9,3.6,123.4,0.0,1013.4,35.4,684.6,11.8,17.6,13.0,60.9,4.4
2025-08-02 23:03:39.132346,quillota_centro,21.5,5.4,13.4,98.0,6.9,76.7,2.4,1014.9,100.0,362.3,13.1,17.7,11.3,32.6,0.9
2025-08-03 23:03:39.132346,quillota_centro,22.0,2.3,12.2,74.5,14.2,270.0,5.5,1025.8,70.0,547.3,7.5,14.4,9.1,29.2,5.4
2025-08-04 23:03:39.132346,quillota_centro,21.6,6.2,13.9,77.8,15.4,83.0,11.4,1002.8,90.5,569.1,9.8,16.4,10.7,52.8,4.0
2025-08-05 23:03:39.132346,quillota_centro,20.9,9.0,14.9,67.8,15.2,178.8,0.0,1008.4,31.5,627.6,9.1,16.5,11.8,78.5,8.5
2025-08-06 23:03:39.132346,quillota_centro,19.4,4.7,12.0,79.5,7.4,334.0,0.0,1004.3,33.3,749.5,8.3,14.7,9.9,60.2,4.5
2025-08-07 23:03:39.132346,quillota_centro,21.9,6.9,14.4,93.1,8.4,118.5,0.0,1039.3,57.2,742.7,13.1,18.3,12.1,39.9,7.0
2025-08-08 23:03:39.132346,quillota_centro,19.7,5.8,12.7,70.1,24.3,66.0,0.0,1021.4,51.3,596.8,7.3,14.6,8.8,46.2,5.4
2025-08-09 23:03:39.132346,quillota_centro,22.7,8.0,15.3,77.2,14.1,94.7,0.0,1007.3,30.7,735.4,11.2,17.8,12.3,32.6,4.6
2025-08-10 23:03:39.132346,quillota_centro,20.7,8.0,14.4,69.5,18.3,65.5,0.0,1022.6,54.1,812.7,8.8,16.1,10.9,84.1,7.6
2025-08-11 23:03:39.132346,quillota_centro,20.7,7.0,13.9,93.3,5.3,276.5,6.5,1002.2,100.0,535.2,12.7,17.8,12.0,50.7,3.8
2025-08-12 23:03:39.132346,quillota_centro,18.5,9.0,13.8,73.6,14.3,286.0,0.0,1025.6,69.5,587.5,9.0,15.9,10.7,52.4,4.4
2025-08-13 23:03:39.132346,quillota_centro,24.9,6.6,15.8,80.3,12.1,80.0,0.0,1023.9,29.9,722.9,12.2,18.5,13.0,68.4,6.0
2025-08-14 23:03:39.132346,quillota_centro,23.2,-0.7,11.2,83.8,12.2,20.6,0.0,1018.8,65.7,732.9,8.3,14.3,8.4,46.1,6.2
2025-08-15 23:03:39.132346,quillota_centro,23.6,6.8,15.2,89.1,1.5,83.0,4.3,996.8,89.6,438.6,13.2,18.7,14.2,45.2,7.8
2025-08-16 23:03:39.132346,quillota_centro,16.6,6.2,11.4,75.2,8.3,340.0,0.0,1020.0,31.2,692.7,6.9,13.7,9.1,70.0,5.6
2025-08-17 23:03:39.132346,quillota_centro,21.9,4.8,13.3,84.1,6.6,251.9,0.0,1026.3,82.7,426.4,10.5,16.4,11.3,58.7,6.4
2025-08-18 23:03:39.132346,quillota_centro,19.9,5.6,12.7,68.6,11.0,14.8,0.0,1008.8,14.7,654.5,7.0,14.4,10.1,1.2,9.3
2025-08-19 23:03:39.132346,quillota_centro,20.1,6.8,13.5,85.1,16.3,294.6,0.0,1016.6,71.3,566.7,10.8,16.6,10.2,41.1,6.3
2025-08-20 23:03:39.132346,quillota_centro,20.2,9.0,14.6,87.4,11.4,304.8,0.0,1004.8,48.6,599.5,12.3,17.9,11.9,29.3,6.4
2025-08-21 23:03:39.132346,quillota_centro,20.1,9.5,14.8,67.6,15.5,17.7,0.0,1037.6,52.7,509.3,8.9,16.4,11.7,26.7,6.3
2025-08-22 23:03:39.132346,quillota_centro,18.8,8.8,13.8,88.9,12.0,156.1,0.0,1020.3,65.2,473.0,11.8,17.3,11.0,55.5,3.6
2025-08-23 23:03:39.132346,quillota_centro,20.9,9.3,15.1,70.7,10.0,67.7,0.0,1013.2,35.9,716.5,9.8,17.0,12.6,64.1,6.5
2025-08-24 23:03:39.132346,quillota_centro,23.5,4.0,13.8,78.0,8.5,142.8,0.0,1000.9,70.3,538.9,9.8,16.3,11.4,43.0,4.8
2025-08-25 23:03:39.132346,quillota_centro,20.0,5.5,12.8,82.4,21.9,190.2,0.0,1019.8,61.1,588.8,9.6,15.7,9.0,19.4,7.0
2025-08-26 23:03:39.132346,quillota_centro,17.6,1.5,9.5,98.0,13.0,227.2,4.9,1012.5,86.9,590.4,9.2,13.9,6.7,42.0,4.7
2025-08-27 23:03:39.132346,quillota_centro,21.2,11.6,16.4,98.0,13.4,249.8,0.0,1002.3,73.9,580.6,16.0,20.7,13.5,83.8,3.9
2025-08-28 23:03:39.132346,quillota_centro,18.2,7.1,12.6,93.6,4.6,130.7,0.0,1005.8,67.8,557.6,11.5,16.6,10.9,52.9,5.0
2025-08-29 23:03:39.132346,quillota_centro,18.3,9.4,13.9,84.4,16.4,232.8,0.0,1021.4,73.2,511.1,11.0,17.0,10.6,36.0,4.5
2025-08-30 23:03:39.132346,quillota_centro,20.9,6.1,13.5,92.7,13.7,135.8,0.0,1007.8,77.4,462.4,12.1,17.3,10.5,19.5,4.2
2025-08-31 23:03:39.132346,quillota_centro,21.5,7.0,14.3,69.7,13.5,84.3,0.0,1010.9,58.8,659.5,8.8,16.0,11.3,50.5,5.6
2025-09-01 23:03:39.132346,quillota_centro,20.1,7.1,13.6,86.1,14.4,108.8,0.0,1004.0,91.5,464.3,11.1,16.9,10.6,26.5,5.2
2025-09-02 23:03:39.132346,quillota_centro,19.8,0.4,10.1,71.0,9.5,298.8,0.0,1022.7,78.8,645.0,4.8,12.0,7.6,52.4,5.8
2025-09-03 23:03:39.132346,quillota_centro,17.1,3.9,10.5,92.0,16.2,285.0,0.0,1005.8,100.0,337.5,9.0,14.3,7.2,56.6,3.7
2025-09-04 23:03:39.132346,quillota_centro,19.3,2.2,10.8,89.5,8.8,204.9,7.5,1005.3,95.1,352.9,8.9,14.3,8.4,0.0,4.8
2025-09-05 23:03:39.132346,quillota_centro,15.5,1.1,8.3,98.0,17.8,291.2,0.0,1015.4,73.9,712.3,8.0,12.6,4.9,36.8,4.7
2025-09-06 23:03:39.132346,quillota_centro,18.5,4.4,11.4,82.0,10.2,46.6,0.0,1006.5,51.0,490.9,8.2,14.3,8.9,19.0,5.1
2025-09-07 23:03:39.132346,quillota_centro,17.9,1.5,9.7,98.0,13.6,329.0,0.0,1002.7,98.1,404.0,9.3,14.0,6.7,29.2,3.4
2025-09-08 23:03:39.132346,quillota_centro,24.0,5.5,14.8,83.7,21.0,188.8,0.0,1007.3,56.5,590.1,11.8,17.8,11.1,68.4,4.4
2025-09-09 23:03:39.132346,quillota_centro,15.6,3.8,9.7,62.7,10.6,264.7,0.0,1010.7,48.2,614.5,2.9,10.8,7.1,26.8,4.9
2025-09-10 23:03:39.132346,quillota_centro,21.0,1.4,11.2,80.1,6.3,324.9,5.8,1026.1,100.0,322.9,7.5,13.9,9.2,51.7,5.7
2025-09-11 23:03:39.132346,quillota_centro,16.1,2.5,9.3,65.3,11.4,177.8,1.0,999.6,69.2,459.0,3.0,10.7,6.6,32.7,5.5
2025-09-12 23:03:39.132346,quillota_centro,21.1,3.0,12.0,86.5,10.7,213.2,0.0,1014.1,96.6,592.2,9.6,15.3,9.4,48.5,6.0
2025-09-13 23:03:39.132346,quillota_centro,19.9,2.7,11.3,89.0,15.4,204.3,0.0,1024.0,66.1,686.0,9.3,14.8,8.2,40.6,5.0
2025-09-14 23:03:39.132346,quillota_centro,14.3,5.0,9.6,87.1,12.6,166.4,3.9,1004.1,100.0,391.7,7.3,13.0,6.8,58.2,3.3
2025-09-15 23:03:39.132346,quillota_centro,18.4,3.2,10.8,80.1,16.5,191.8,0.0,1028.8,64.5,669.1,7.2,13.5,7.6,59.7,4.9
2025-09-16 23:03:39.132346,quillota_centro,17.8,3.2,10.5,87.9,13.5,57.6,0.0,1015.4,93.0,553.8,8.3,13.9,7.6,71.2,4.1
2025-09-17 23:03:39.132346,quillota_centro,21.8,5.6,13.7,80.1,14.4,346.8,0.0,1025.4,81.2,618.5,10.1,16.4,10.7,55.3,4.9
2025-09-18 23:03:39.132346,quillota_centro,14.2,1.2,7.7,96.3,10.6,35.2,0.0,1018.5,90.4,525.6,7.0,11.8,5.1,2.1,4.3
2025-09-19 23:03:39.132346,quillota_centro,16.2,4.6,10.4,86.9,16.5,69.4,0.0,1011.2,57.3,708.8,8.0,13.7,7.2,44.6,5.6
2025-09-20 23:03:39.132346,quillota_centro,10.0,-3.4,3.3,86.2,16.6,278.1,12.8,1007.6,100.0,323.0,0.8,6.6,0.1,30.3,2.9
2025-09-21 23:03:39.132346,quillota_centro,18.4,3.3,10.8,78.0,9.8,68.5,0.0,1010.3,77.0,610.3,6.8,13.4,8.3,50.2,4.5
2025-09-22 23:03:39.132346,quillota_centro,16.7,4.0,10.4,96.9,10.5,260.4,0.0,1023.3,94.7,293.5,9.8,14.6,7.8,44.1,0.4
2025-09-23 23:03:39.132346,quillota_centro,16.6,7.8,12.2,83.5,6.6,221.5,0.0,1009.3,68.1,663.4,9.2,15.2,10.1,53.8,7.2
2025-09-24 23:03:39.132346,quillota_centro,15.8,4.9,10.4,89.8,12.0,116.1,0.0,1020.0,93.5,474.9,8.5,13.9,7.6,0.0,3.0
2025-09-25 23:03:39.132346,quillota_centro,19.1,1.9,10.5,83.3,16.6,132.2,0.0,1024.3,77.7,431.9,7.5,13.5,7.2,33.8,4.0
2025-09-26 23:03:39.132346,quillota_centro,15.7,3.8,9.7,89.5,8.8,152.5,0.0,1024.0,81.5,804.6,7.8,13.3,7.4,42.4,5.4
2025-09-27 23:03:39.132346,quillota_centro,17.5,5.5,11.5,80.2,14.6,323.1,0.0,1027.4,82.8,330.9,7.9,14.2,8.4,25.2,3.6
2025-09-28 23:03:39.132346,quillota_centro,19.3,0.9,10.1,87.9,13.7,67.1,0.0,1010.0,86.8,262.5,7.9,13.5,7.2,29.7,5.2
2025-09-29 23:03:39.132346,quillota_centro,15.2,5.5,10.3,98.0,16.1,146.7,0.0,1021.0,79.7,451.7,10.0,14.6,7.1,26.7,6.3
2025-09-30 23:03:39.132346,quillota_centro,21.4,5.8,13.6,60.7,9.4,128.7,0.0,1004.8,67.9,452.3,6.4,14.5,11.1,48.6,5.2
2025-10-01 23:03:39.132346,quillota_centro,14.6,5.5,10.0,93.2,19.0,43.2,0.0,1025.3,88.4,468.9,8.8,13.9,6.5,50.0,2.6
2025-10-02 23:03:39.132346,quillota_centro,20.5,-1.1,9.7,91.5,13.2,266.3,0.0,1014.2,80.5,444.3,8.2,13.4,6.8,29.4,5.4
2025-10-03 23:03:39.132346,quillota_centro,14.5,4.3,9.4,78.7,6.0,113.5,4.4,1014.6,78.7,509.6,5.5,12.0,7.4,34.4,4.7
2025-10-04 23:03:39.132346,quillota_centro,22.5,-0.7,10.9,76.2,9.0,198.5,0.0,1004.6,67.3,534.8,6.6,13.3,8.5,0.0,5.5
2025-10-05 23:03:39.132346,quillota_centro,19.1,3.1,11.1,65.7,18.5,344.7,0.0,1004.9,17.2,824.8,4.8,12.5,7.7,39.6,8.9
2025-10-06 23:03:39.132346,quillota_centro,17.5,2.9,10.2,75.8,18.9,52.8,0.0,1015.2,62.1,806.6,5.8,12.5,6.7,47.0,5.6
2025-10-07 23:03:39.132346,quillota_centro,17.2,3.2,10.2,80.8,16.8,176.4,0.0,1007.3,49.0,766.9,6.7,13.0,6.9,88.5,4.0
